ts,value
2022-10-29 07:30:00+00:00,0.2055159
2022-10-29 07:45:00+00:00,0.2055159
2022-10-29 08:00:00+00:00,0.2055159
2022-10-29 08:15:00+00:00,0.2055159
2022-10-29 08:30:00+00:00,0.2055159
2022-10-29 08:45:00+00:00,0.2055159
2022-10-29 09:00:00+00:00,0.2055159
2022-10-29 09:15:00+00:00,0.2055159
2022-10-29 09:30:00+00:00,0.2055159
2022-10-29 09:45:00+00:00,0.2055159
2022-10-29 10:00:00+00:00,0.2055159
2022-10-29 10:15:00+00:00,0.2055159
2022-10-29 10:30:00+00:00,0.2055159
2022-10-29 10:45:00+00:00,0.2055159
2022-10-29 11:00:00+00:00,0.2055159
2022-10-29 11:15:00+00:00,0.2055159
2022-10-29 11:30:00+00:00,0.2055159
2022-10-29 11:45:00+00:00,0.2055159
2022-10-29 12:00:00+00:00,0.2055159
2022-10-29 12:15:00+00:00,0.2055159
2022-10-29 12:30:00+00:00,0.2055159
2022-10-29 12:45:00+00:00,0.2055159
2022-10-29 13:00:00+00:00,0.2055159
2022-10-29 13:15:00+00:00,0.2055159
2022-10-29 13:30:00+00:00,0.2055159
2022-10-29 13:45:00+00:00,0.2055159
2022-10-29 14:00:00+00:00,0.2055159
2022-10-29 14:15:00+00:00,0.2055159
2022-10-29 14:30:00+00:00,0.2055159
2022-10-29 14:45:00+00:00,0.2055159
2022-10-29 15:00:00+00:00,0.2055159
2022-10-29 15:15:00+00:00,0.2055159
2022-10-29 15:30:00+00:00,0.2055159
2022-10-29 15:45:00+00:00,0.2055159
2022-10-29 16:00:00+00:00,0.2055159
2022-10-29 16:15:00+00:00,0.2055159
2022-10-29 16:30:00+00:00,0.2055159
2022-10-29 16:45:00+00:00,0.2055159
2022-10-29 17:00:00+00:00,0.2055159
2022-10-29 17:15:00+00:00,0.2055159
2022-10-29 17:30:00+00:00,0.2055159
2022-10-29 17:45:00+00:00,0.2055159
2022-10-29 18:00:00+00:00,0.2055159
2022-10-29 18:15:00+00:00,0.2055159
2022-10-29 18:30:00+00:00,0.2055159
2022-10-29 18:45:00+00:00,0.2055159
2022-10-29 19:00:00+00:00,0.2055159
2022-10-29 19:15:00+00:00,0.2055159
2022-10-29 19:30:00+00:00,0.2055159
2022-10-29 19:45:00+00:00,0.2055159
2022-10-29 20:00:00+00:00,0.2055159
2022-10-29 20:15:00+00:00,0.2055159
2022-10-29 20:30:00+00:00,0.2055159
2022-10-29 20:45:00+00:00,0.2055159
2022-10-29 21:00:00+00:00,0.2055159
2022-10-29 21:15:00+00:00,0.2055159
2022-10-29 21:30:00+00:00,0.2055159
2022-10-29 21:45:00+00:00,0.2055159
2022-10-29 22:00:00+00:00,0.2055159
2022-10-29 22:15:00+00:00,0.2055159
2022-10-29 22:30:00+00:00,0.2055159
2022-10-29 22:45:00+00:00,0.2055159
2022-10-29 23:00:00+00:00,0.2055159
2022-10-29 23:15:00+00:00,0.2055159
2022-10-29 23:30:00+00:00,0.2055159
2022-10-29 23:45:00+00:00,0.2055159
2022-10-30 00:00:00+00:00,0.2055159
2022-10-30 00:15:00+00:00,0.2055159
2022-10-30 00:30:00+00:00,0.2055159
2022-10-30 00:45:00+00:00,0.2055159
2022-10-30 01:00:00+00:00,0.2055159
2022-10-30 01:15:00+00:00,0.2055159
2022-10-30 01:30:00+00:00,0.2055159
2022-10-30 01:45:00+00:00,0.2055159
2022-10-30 02:00:00+00:00,0.2055159
2022-10-30 02:15:00+00:00,0.2055159
2022-10-30 02:30:00+00:00,0.2055159
2022-10-30 02:45:00+00:00,0.2055159
2022-10-30 03:00:00+00:00,0.2055159
2022-10-30 03:15:00+00:00,0.2055159
2022-10-30 03:30:00+00:00,0.2055159
2022-10-30 03:45:00+00:00,0.2055159
2022-10-30 04:00:00+00:00,0.2055159
2022-10-30 04:15:00+00:00,0.2055159
2022-10-30 04:30:00+00:00,0.2055159
2022-10-30 04:45:00+00:00,0.2055159
2022-10-30 05:00:00+00:00,0.2055159
2022-10-30 05:15:00+00:00,0.2055159
2022-10-30 05:30:00+00:00,0.2055159
2022-10-30 05:45:00+00:00,0.2055159
2022-10-30 06:00:00+00:00,0.2055159
2022-10-30 06:15:00+00:00,0.2055159
2022-10-30 06:30:00+00:00,0.2055159
2022-10-30 06:45:00+00:00,0.2055159
2022-10-30 07:00:00+00:00,0.2055159
2022-10-30 07:15:00+00:00,0.2055159
2022-10-30 07:30:00+00:00,0.2055159
2022-10-30 07:45:00+00:00,0.2055159
2022-10-30 08:00:00+00:00,0.2055159
2022-10-30 08:15:00+00:00,0.2055159
2022-10-30 08:30:00+00:00,0.2055159
2022-10-30 08:45:00+00:00,0.2055159
2022-10-30 09:00:00+00:00,0.2055159
2022-10-30 09:15:00+00:00,0.2055159
2022-10-30 09:30:00+00:00,0.2055159
2022-10-30 09:45:00+00:00,0.2055159
2022-10-30 10:00:00+00:00,0.2055159
2022-10-30 10:15:00+00:00,0.2055159
2022-10-30 10:30:00+00:00,0.2055159
2022-10-30 10:45:00+00:00,0.2055159
2022-10-30 11:00:00+00:00,0.2055159
2022-10-30 11:15:00+00:00,0.2055159
2022-10-30 11:30:00+00:00,0.2055159
2022-10-30 11:45:00+00:00,0.2055159
2022-10-30 12:00:00+00:00,0.2055159
2022-10-30 12:15:00+00:00,0.2055159
2022-10-30 12:30:00+00:00,0.2055159
2022-10-30 12:45:00+00:00,0.2055159
2022-10-30 13:00:00+00:00,0.2055159
2022-10-30 13:15:00+00:00,0.2055159
2022-10-30 13:30:00+00:00,0.2055159
2022-10-30 13:45:00+00:00,0.2055159
2022-10-30 14:00:00+00:00,0.2055159
2022-10-30 14:15:00+00:00,0.2055159
2022-10-30 14:30:00+00:00,0.2055159
2022-10-30 14:45:00+00:00,0.2055159
2022-10-30 15:00:00+00:00,0.2055159
2022-10-30 15:15:00+00:00,0.2055159
2022-10-30 15:30:00+00:00,0.2055159
2022-10-30 15:45:00+00:00,0.2055159
2022-10-30 16:00:00+00:00,0.2055159
2022-10-30 16:15:00+00:00,0.2055159
2022-10-30 16:30:00+00:00,0.2055159
2022-10-30 16:45:00+00:00,0.2055159
2022-10-30 17:00:00+00:00,0.2055159
2022-10-30 17:15:00+00:00,0.2055159
2022-10-30 17:30:00+00:00,0.2055159
2022-10-30 17:45:00+00:00,0.2055159
2022-10-30 18:00:00+00:00,0.2055159
2022-10-30 18:15:00+00:00,0.2055159
2022-10-30 18:30:00+00:00,0.2055159
2022-10-30 18:45:00+00:00,0.2055159
2022-10-30 19:00:00+00:00,0.2055159
2022-10-30 19:15:00+00:00,0.2055159
2022-10-30 19:30:00+00:00,0.2055159
2022-10-30 19:45:00+00:00,0.2055159
2022-10-30 20:00:00+00:00,0.2055159
2022-10-30 20:15:00+00:00,0.2055159
2022-10-30 20:30:00+00:00,0.2055159
2022-10-30 20:45:00+00:00,0.2055159
2022-10-30 21:00:00+00:00,0.2055159
2022-10-30 21:15:00+00:00,0.2055159
2022-10-30 21:30:00+00:00,0.2055159
2022-10-30 21:45:00+00:00,0.2055159
2022-10-30 22:00:00+00:00,0.2055159
2022-10-30 22:15:00+00:00,0.2055159
2022-10-30 22:30:00+00:00,0.2055159
2022-10-30 22:45:00+00:00,0.2055159
2022-10-30 23:00:00+00:00,0.2055159
2022-10-30 23:15:00+00:00,0.2055159
2022-10-30 23:30:00+00:00,0.2055159
2022-10-30 23:45:00+00:00,0.2055159
2022-10-31 00:00:00+00:00,0.2055159
2022-10-31 00:15:00+00:00,0.2055159
2022-10-31 00:30:00+00:00,0.2055159
2022-10-31 00:45:00+00:00,0.2055159
2022-10-31 01:00:00+00:00,0.2055159
2022-10-31 01:15:00+00:00,0.2055159
2022-10-31 01:30:00+00:00,0.2055159
2022-10-31 01:45:00+00:00,0.2055159
2022-10-31 02:00:00+00:00,0.2055159
2022-10-31 02:15:00+00:00,0.2055159
2022-10-31 02:30:00+00:00,0.2055159
2022-10-31 02:45:00+00:00,0.2055159
2022-10-31 03:00:00+00:00,0.2055159
2022-10-31 03:15:00+00:00,0.2055159
2022-10-31 03:30:00+00:00,0.2055159
2022-10-31 03:45:00+00:00,0.2055159
2022-10-31 04:00:00+00:00,0.2055159
2022-10-31 04:15:00+00:00,0.2055159
2022-10-31 04:30:00+00:00,0.2055159
2022-10-31 04:45:00+00:00,0.2055159
2022-10-31 05:00:00+00:00,0.2055159
2022-10-31 05:15:00+00:00,0.2055159
2022-10-31 05:30:00+00:00,0.2055159
2022-10-31 05:45:00+00:00,0.2055159
2022-10-31 06:00:00+00:00,0.2055159
2022-10-31 06:15:00+00:00,0.2055159
2022-10-31 06:30:00+00:00,0.2055159
2022-10-31 06:45:00+00:00,0.2055159
2022-10-31 07:00:00+00:00,0.2055159
2022-10-31 07:15:00+00:00,0.2055159
2022-10-31 07:30:00+00:00,0.2055159
2022-10-31 07:45:00+00:00,0.2055159
2022-10-31 08:00:00+00:00,0.2055159
2022-10-31 08:15:00+00:00,0.2055159
2022-10-31 08:30:00+00:00,0.2055159
2022-10-31 08:45:00+00:00,0.2055159
2022-10-31 09:00:00+00:00,0.2055159
2022-10-31 09:15:00+00:00,0.2055159
2022-10-31 09:30:00+00:00,0.2055159
2022-10-31 09:45:00+00:00,0.2055159
2022-10-31 10:00:00+00:00,0.2055159
2022-10-31 10:15:00+00:00,0.2055159
2022-10-31 10:30:00+00:00,0.2055159
2022-10-31 10:45:00+00:00,0.2055159
2022-10-31 11:00:00+00:00,0.2055159
2022-10-31 11:15:00+00:00,0.2055159
2022-10-31 11:30:00+00:00,0.2055159
2022-10-31 11:45:00+00:00,0.2055159
2022-10-31 12:00:00+00:00,0.2055159
2022-10-31 12:15:00+00:00,0.2055159
2022-10-31 12:30:00+00:00,0.2055159
2022-10-31 12:45:00+00:00,0.2055159
2022-10-31 13:00:00+00:00,0.2055159
2022-10-31 13:15:00+00:00,0.2055159
2022-10-31 13:30:00+00:00,0.2055159
2022-10-31 13:45:00+00:00,0.2055159
2022-10-31 14:00:00+00:00,0.2055159
2022-10-31 14:15:00+00:00,0.2055159
2022-10-31 14:30:00+00:00,0.2055159
2022-10-31 14:45:00+00:00,0.2055159
2022-10-31 15:00:00+00:00,0.2055159
2022-10-31 15:15:00+00:00,0.2055159
2022-10-31 15:30:00+00:00,0.2055159
2022-10-31 15:45:00+00:00,0.2055159
2022-10-31 16:00:00+00:00,0.2055159
2022-10-31 16:15:00+00:00,0.2055159
2022-10-31 16:30:00+00:00,0.2055159
2022-10-31 16:45:00+00:00,0.2055159
2022-10-31 17:00:00+00:00,0.2055159
2022-10-31 17:15:00+00:00,0.2055159
2022-10-31 17:30:00+00:00,0.2055159
2022-10-31 17:45:00+00:00,0.2055159
2022-10-31 18:00:00+00:00,0.2055159
2022-10-31 18:15:00+00:00,0.2055159
2022-10-31 18:30:00+00:00,0.2055159
2022-10-31 18:45:00+00:00,0.2055159
2022-10-31 19:00:00+00:00,0.2055159
2022-10-31 19:15:00+00:00,0.2055159
2022-10-31 19:30:00+00:00,0.2055159
2022-10-31 19:45:00+00:00,0.2055159
2022-10-31 20:00:00+00:00,0.2055159
2022-10-31 20:15:00+00:00,0.2055159
2022-10-31 20:30:00+00:00,0.2055159
2022-10-31 20:45:00+00:00,0.2055159
2022-10-31 21:00:00+00:00,0.2055159
2022-10-31 21:15:00+00:00,0.2055159
2022-10-31 21:30:00+00:00,0.2055159
2022-10-31 21:45:00+00:00,0.2055159
2022-10-31 22:00:00+00:00,0.2055159
2022-10-31 22:15:00+00:00,0.2055159
2022-10-31 22:30:00+00:00,0.2055159
2022-10-31 22:45:00+00:00,0.2055159
2022-10-31 23:00:00+00:00,0.2055159
2022-10-31 23:15:00+00:00,0.2055159
2022-10-31 23:30:00+00:00,0.2055159
2022-10-31 23:45:00+00:00,0.2055159
2022-11-01 00:00:00+00:00,0.2055159
2022-11-01 00:15:00+00:00,0.2055159
2022-11-01 00:30:00+00:00,0.2055159
2022-11-01 00:45:00+00:00,0.2055159
2022-11-01 01:00:00+00:00,0.2055159
2022-11-01 01:15:00+00:00,0.2055159
2022-11-01 01:30:00+00:00,0.2055159
2022-11-01 01:45:00+00:00,0.2055159
2022-11-01 02:00:00+00:00,0.2055159
2022-11-01 02:15:00+00:00,0.2055159
2022-11-01 02:30:00+00:00,0.2055159
2022-11-01 02:45:00+00:00,0.2055159
2022-11-01 03:00:00+00:00,0.2055159
2022-11-01 03:15:00+00:00,0.2055159
2022-11-01 03:30:00+00:00,0.2055159
2022-11-01 03:45:00+00:00,0.2055159
2022-11-01 04:00:00+00:00,0.2055159
2022-11-01 04:15:00+00:00,0.2055159
2022-11-01 04:30:00+00:00,0.2055159
2022-11-01 04:45:00+00:00,0.2055159
2022-11-01 05:00:00+00:00,0.2055159
2022-11-01 05:15:00+00:00,0.2055159
2022-11-01 05:30:00+00:00,0.2055159
2022-11-01 05:45:00+00:00,0.2055159
2022-11-01 06:00:00+00:00,0.2055159
2022-11-01 06:15:00+00:00,0.2055159
2022-11-01 06:30:00+00:00,0.2055159
2022-11-01 06:45:00+00:00,0.2055159
2022-11-01 07:00:00+00:00,0.2055159
2022-11-01 07:15:00+00:00,0.2055159
2022-11-01 07:30:00+00:00,0.2055159
2022-11-01 07:45:00+00:00,0.2055159
2022-11-01 08:00:00+00:00,0.2055159
2022-11-01 08:15:00+00:00,0.2055159
2022-11-01 08:30:00+00:00,0.2055159
2022-11-01 08:45:00+00:00,0.2055159
2022-11-01 09:00:00+00:00,0.2055159
2022-11-01 09:15:00+00:00,0.2055159
2022-11-01 09:30:00+00:00,0.2055159
2022-11-01 09:45:00+00:00,0.2055159
2022-11-01 10:00:00+00:00,0.2055159
2022-11-01 10:15:00+00:00,0.2055159
2022-11-01 10:30:00+00:00,0.2055159
2022-11-01 10:45:00+00:00,0.2055159
2022-11-01 11:00:00+00:00,0.2055159
2022-11-01 11:15:00+00:00,0.2055159
2022-11-01 11:30:00+00:00,0.2055159
2022-11-01 11:45:00+00:00,0.2055159
2022-11-01 12:00:00+00:00,0.2055159
2022-11-01 12:15:00+00:00,0.2055159
2022-11-01 12:30:00+00:00,0.2055159
2022-11-01 12:45:00+00:00,0.2055159
2022-11-01 13:00:00+00:00,0.2055159
2022-11-01 13:15:00+00:00,0.2055159
2022-11-01 13:30:00+00:00,0.2055159
2022-11-01 13:45:00+00:00,0.2055159
2022-11-01 14:00:00+00:00,0.2055159
2022-11-01 14:15:00+00:00,0.2055159
2022-11-01 14:30:00+00:00,0.2055159
2022-11-01 14:45:00+00:00,0.2055159
2022-11-01 15:00:00+00:00,0.2055159
2022-11-01 15:15:00+00:00,0.2055159
2022-11-01 15:30:00+00:00,0.2055159
2022-11-01 15:45:00+00:00,0.2055159
2022-11-01 16:00:00+00:00,0.2055159
2022-11-01 16:15:00+00:00,0.2055159
2022-11-01 16:30:00+00:00,0.2055159
2022-11-01 16:45:00+00:00,0.2055159
2022-11-01 17:00:00+00:00,0.2055159
2022-11-01 17:15:00+00:00,0.2055159
2022-11-01 17:30:00+00:00,0.2055159
2022-11-01 17:45:00+00:00,0.2055159
2022-11-01 18:00:00+00:00,0.2055159
2022-11-01 18:15:00+00:00,0.2055159
2022-11-01 18:30:00+00:00,0.2055159
2022-11-01 18:45:00+00:00,0.2055159
2022-11-01 19:00:00+00:00,0.2055159
2022-11-01 19:15:00+00:00,0.2055159
2022-11-01 19:30:00+00:00,0.2055159
2022-11-01 19:45:00+00:00,0.2055159
2022-11-01 20:00:00+00:00,0.2055159
2022-11-01 20:15:00+00:00,0.2055159
2022-11-01 20:30:00+00:00,0.2055159
2022-11-01 20:45:00+00:00,0.2055159
2022-11-01 21:00:00+00:00,0.2055159
2022-11-01 21:15:00+00:00,0.2055159
2022-11-01 21:30:00+00:00,0.2055159
2022-11-01 21:45:00+00:00,0.2055159
2022-11-01 22:00:00+00:00,0.2055159
2022-11-01 22:15:00+00:00,0.2055159
2022-11-01 22:30:00+00:00,0.2055159
2022-11-01 22:45:00+00:00,0.2055159
2022-11-01 23:00:00+00:00,0.2055159
2022-11-01 23:15:00+00:00,0.2055159
2022-11-01 23:30:00+00:00,0.2055159
2022-11-01 23:45:00+00:00,0.2055159
2022-11-02 00:00:00+00:00,0.2055159
2022-11-02 00:15:00+00:00,0.2055159
2022-11-02 00:30:00+00:00,0.2055159
2022-11-02 00:45:00+00:00,0.2055159
2022-11-02 01:00:00+00:00,0.2055159
2022-11-02 01:15:00+00:00,0.2055159
2022-11-02 01:30:00+00:00,0.2055159
2022-11-02 01:45:00+00:00,0.2055159
2022-11-02 02:00:00+00:00,0.2055159
2022-11-02 02:15:00+00:00,0.2055159
2022-11-02 02:30:00+00:00,0.2055159
2022-11-02 02:45:00+00:00,0.2055159
2022-11-02 03:00:00+00:00,0.2055159
2022-11-02 03:15:00+00:00,0.2055159
2022-11-02 03:30:00+00:00,0.2055159
2022-11-02 03:45:00+00:00,0.2055159
2022-11-02 04:00:00+00:00,0.2055159
2022-11-02 04:15:00+00:00,0.2055159
2022-11-02 04:30:00+00:00,0.2055159
2022-11-02 04:45:00+00:00,0.2055159
2022-11-02 05:00:00+00:00,0.2055159
2022-11-02 05:15:00+00:00,0.2055159
2022-11-02 05:30:00+00:00,0.2055159
2022-11-02 05:45:00+00:00,0.2055159
2022-11-02 06:00:00+00:00,0.2055159
2022-11-02 06:15:00+00:00,0.2055159
2022-11-02 06:30:00+00:00,0.2055159
2022-11-02 06:45:00+00:00,0.2055159
2022-11-02 07:00:00+00:00,0.2055159
2022-11-02 07:15:00+00:00,0.2055159
2022-11-02 07:30:00+00:00,0.2055159
2022-11-02 07:45:00+00:00,0.2055159
2022-11-02 08:00:00+00:00,0.2055159
2022-11-02 08:15:00+00:00,0.2055159
2022-11-02 08:30:00+00:00,0.2055159
2022-11-02 08:45:00+00:00,0.2055159
2022-11-02 09:00:00+00:00,0.2055159
2022-11-02 09:15:00+00:00,0.2055159
2022-11-02 09:30:00+00:00,0.2055159
2022-11-02 09:45:00+00:00,0.2055159
2022-11-02 10:00:00+00:00,0.2055159
2022-11-02 10:15:00+00:00,0.2055159
2022-11-02 10:30:00+00:00,0.2055159
2022-11-02 10:45:00+00:00,0.2055159
2022-11-02 11:00:00+00:00,0.2055159
2022-11-02 11:15:00+00:00,0.2055159
2022-11-02 11:30:00+00:00,0.2055159
2022-11-02 11:45:00+00:00,0.2055159
2022-11-02 12:00:00+00:00,0.2055159
2022-11-02 12:15:00+00:00,0.2055159
2022-11-02 12:30:00+00:00,0.2055159
2022-11-02 12:45:00+00:00,0.2055159
2022-11-02 13:00:00+00:00,0.2055159
2022-11-02 13:15:00+00:00,0.2055159
2022-11-02 13:30:00+00:00,0.2055159
2022-11-02 13:45:00+00:00,0.2055159
2022-11-02 14:00:00+00:00,0.2055159
2022-11-02 14:15:00+00:00,0.2055159
2022-11-02 14:30:00+00:00,0.2055159
2022-11-02 14:45:00+00:00,0.2055159
2022-11-02 15:00:00+00:00,0.2055159
2022-11-02 15:15:00+00:00,0.2055159
2022-11-02 15:30:00+00:00,0.2055159
2022-11-02 15:45:00+00:00,0.2055159
2022-11-02 16:00:00+00:00,0.2055159
2022-11-02 16:15:00+00:00,0.2055159
2022-11-02 16:30:00+00:00,0.2055159
2022-11-02 16:45:00+00:00,0.2055159
2022-11-02 17:00:00+00:00,0.2055159
2022-11-02 17:15:00+00:00,0.2055159
2022-11-02 17:30:00+00:00,0.2055159
2022-11-02 17:45:00+00:00,0.2055159
2022-11-02 18:00:00+00:00,0.2055159
2022-11-02 18:15:00+00:00,0.2055159
2022-11-02 18:30:00+00:00,0.2055159
2022-11-02 18:45:00+00:00,0.2055159
2022-11-02 19:00:00+00:00,0.2055159
2022-11-02 19:15:00+00:00,0.2055159
2022-11-02 19:30:00+00:00,0.2055159
2022-11-02 19:45:00+00:00,0.2055159
2022-11-02 20:00:00+00:00,0.2055159
2022-11-02 20:15:00+00:00,0.2055159
2022-11-02 20:30:00+00:00,0.2055159
2022-11-02 20:45:00+00:00,0.2055159
2022-11-02 21:00:00+00:00,0.2055159
2022-11-02 21:15:00+00:00,0.2055159
2022-11-02 21:30:00+00:00,0.2055159
2022-11-02 21:45:00+00:00,0.2055159
2022-11-02 22:00:00+00:00,0.2055159
2022-11-02 22:15:00+00:00,0.2055159
2022-11-02 22:30:00+00:00,0.2055159
2022-11-02 22:45:00+00:00,0.2055159
2022-11-02 23:00:00+00:00,0.2055159
2022-11-02 23:15:00+00:00,0.2055159
2022-11-02 23:30:00+00:00,0.2055159
2022-11-02 23:45:00+00:00,0.2055159
2022-11-03 00:00:00+00:00,0.2055159
2022-11-03 00:15:00+00:00,0.2055159
2022-11-03 00:30:00+00:00,0.2055159
2022-11-03 00:45:00+00:00,0.2055159
2022-11-03 01:00:00+00:00,0.2055159
2022-11-03 01:15:00+00:00,0.2055159
2022-11-03 01:30:00+00:00,0.2055159
2022-11-03 01:45:00+00:00,0.2055159
2022-11-03 02:00:00+00:00,0.2055159
2022-11-03 02:15:00+00:00,0.2055159
2022-11-03 02:30:00+00:00,0.2055159
2022-11-03 02:45:00+00:00,0.2055159
2022-11-03 03:00:00+00:00,0.2055159
2022-11-03 03:15:00+00:00,0.2055159
2022-11-03 03:30:00+00:00,0.2055159
2022-11-03 03:45:00+00:00,0.2055159
2022-11-03 04:00:00+00:00,0.2055159
2022-11-03 04:15:00+00:00,0.2055159
2022-11-03 04:30:00+00:00,0.2055159
2022-11-03 04:45:00+00:00,0.2055159
2022-11-03 05:00:00+00:00,0.2055159
2022-11-03 05:15:00+00:00,0.2055159
2022-11-03 05:30:00+00:00,0.2055159
2022-11-03 05:45:00+00:00,0.2055159
2022-11-03 06:00:00+00:00,0.2055159
2022-11-03 06:15:00+00:00,0.2055159
2022-11-03 06:30:00+00:00,0.2055159
2022-11-03 06:45:00+00:00,0.2055159
2022-11-03 07:00:00+00:00,0.2055159
2022-11-03 07:15:00+00:00,0.2055159
2022-11-03 07:30:00+00:00,0.2055159
2022-11-03 07:45:00+00:00,0.2055159
2022-11-03 08:00:00+00:00,0.2055159
2022-11-03 08:15:00+00:00,0.2055159
2022-11-03 08:30:00+00:00,0.2055159
2022-11-03 08:45:00+00:00,0.2055159
2022-11-03 09:00:00+00:00,0.2055159
2022-11-03 09:15:00+00:00,0.2055159
2022-11-03 09:30:00+00:00,0.2055159
2022-11-03 09:45:00+00:00,0.2055159
2022-11-03 10:00:00+00:00,0.2055159
2022-11-03 10:15:00+00:00,0.2055159
2022-11-03 10:30:00+00:00,0.2055159
2022-11-03 10:45:00+00:00,0.2055159
2022-11-03 11:00:00+00:00,0.2055159
2022-11-03 11:15:00+00:00,0.2055159
2022-11-03 11:30:00+00:00,0.2055159
2022-11-03 11:45:00+00:00,0.2055159
2022-11-03 12:00:00+00:00,0.2055159
2022-11-03 12:15:00+00:00,0.2055159
2022-11-03 12:30:00+00:00,0.2055159
2022-11-03 12:45:00+00:00,0.2055159
2022-11-03 13:00:00+00:00,0.2055159
2022-11-03 13:15:00+00:00,0.2055159
2022-11-03 13:30:00+00:00,0.2055159
2022-11-03 13:45:00+00:00,0.2055159
2022-11-03 14:00:00+00:00,0.2055159
2022-11-03 14:15:00+00:00,0.2055159
2022-11-03 14:30:00+00:00,0.2055159
2022-11-03 14:45:00+00:00,0.2055159
2022-11-03 15:00:00+00:00,0.2055159
2022-11-03 15:15:00+00:00,0.2055159
2022-11-03 15:30:00+00:00,0.2055159
2022-11-03 15:45:00+00:00,0.2055159
2022-11-03 16:00:00+00:00,0.2055159
2022-11-03 16:15:00+00:00,0.2055159
2022-11-03 16:30:00+00:00,0.2055159
2022-11-03 16:45:00+00:00,0.2055159
2022-11-03 17:00:00+00:00,0.2055159
2022-11-03 17:15:00+00:00,0.2055159
2022-11-03 17:30:00+00:00,0.2055159
2022-11-03 17:45:00+00:00,0.2055159
2022-11-03 18:00:00+00:00,0.2055159
2022-11-03 18:15:00+00:00,0.2055159
2022-11-03 18:30:00+00:00,0.2055159
2022-11-03 18:45:00+00:00,0.2055159
2022-11-03 19:00:00+00:00,0.2055159
2022-11-03 19:15:00+00:00,0.2055159
2022-11-03 19:30:00+00:00,0.2055159
2022-11-03 19:45:00+00:00,0.2055159
2022-11-03 20:00:00+00:00,0.2055159
2022-11-03 20:15:00+00:00,0.2055159
2022-11-03 20:30:00+00:00,0.2055159
2022-11-03 20:45:00+00:00,0.2055159
2022-11-03 21:00:00+00:00,0.2055159
2022-11-03 21:15:00+00:00,0.2055159
2022-11-03 21:30:00+00:00,0.2055159
2022-11-03 21:45:00+00:00,0.2055159
2022-11-03 22:00:00+00:00,0.2055159
2022-11-03 22:15:00+00:00,0.2055159
2022-11-03 22:30:00+00:00,0.2055159
2022-11-03 22:45:00+00:00,0.2055159
2022-11-03 23:00:00+00:00,0.2055159
2022-11-03 23:15:00+00:00,0.2055159
2022-11-03 23:30:00+00:00,0.2055159
2022-11-03 23:45:00+00:00,0.2055159
2022-11-04 00:00:00+00:00,0.2055159
2022-11-04 00:15:00+00:00,0.2055159
2022-11-04 00:30:00+00:00,0.2055159
2022-11-04 00:45:00+00:00,0.2055159
2022-11-04 01:00:00+00:00,0.2055159
2022-11-04 01:15:00+00:00,0.2055159
2022-11-04 01:30:00+00:00,0.2055159
2022-11-04 01:45:00+00:00,0.2055159
2022-11-04 02:00:00+00:00,0.2055159
2022-11-04 02:15:00+00:00,0.2055159
2022-11-04 02:30:00+00:00,0.2055159
2022-11-04 02:45:00+00:00,0.2055159
2022-11-04 03:00:00+00:00,0.2055159
2022-11-04 03:15:00+00:00,0.2055159
2022-11-04 03:30:00+00:00,0.2055159
2022-11-04 03:45:00+00:00,0.2055159
2022-11-04 04:00:00+00:00,0.2055159
2022-11-04 04:15:00+00:00,0.2055159
2022-11-04 04:30:00+00:00,0.2055159
2022-11-04 04:45:00+00:00,0.2055159
2022-11-04 05:00:00+00:00,0.2055159
2022-11-04 05:15:00+00:00,0.2055159
2022-11-04 05:30:00+00:00,0.2055159
2022-11-04 05:45:00+00:00,0.2055159
2022-11-04 06:00:00+00:00,0.2055159
2022-11-04 06:15:00+00:00,0.2055159
2022-11-04 06:30:00+00:00,0.2055159
2022-11-04 06:45:00+00:00,0.2055159
2022-11-04 07:00:00+00:00,0.2055159
2022-11-04 07:15:00+00:00,0.2055159
2022-11-04 07:30:00+00:00,0.2055159
2022-11-04 07:45:00+00:00,0.2055159
2022-11-04 08:00:00+00:00,0.2055159
2022-11-04 08:15:00+00:00,0.2055159
2022-11-04 08:30:00+00:00,0.2055159
2022-11-04 08:45:00+00:00,0.2055159
2022-11-04 09:00:00+00:00,0.2055159
2022-11-04 09:15:00+00:00,0.2055159
2022-11-04 09:30:00+00:00,0.2055159
2022-11-04 09:45:00+00:00,0.2055159
2022-11-04 10:00:00+00:00,0.2055159
2022-11-04 10:15:00+00:00,0.2055159
2022-11-04 10:30:00+00:00,0.2055159
2022-11-04 10:45:00+00:00,0.2055159
2022-11-04 11:00:00+00:00,0.2055159
2022-11-04 11:15:00+00:00,0.2055159
2022-11-04 11:30:00+00:00,0.2055159
2022-11-04 11:45:00+00:00,0.2055159
2022-11-04 12:00:00+00:00,0.2055159
2022-11-04 12:15:00+00:00,0.2055159
2022-11-04 12:30:00+00:00,0.2055159
2022-11-04 12:45:00+00:00,0.2055159
2022-11-04 13:00:00+00:00,0.2055159
2022-11-04 13:15:00+00:00,0.2055159
2022-11-04 13:30:00+00:00,0.2055159
2022-11-04 13:45:00+00:00,0.2055159
2022-11-04 14:00:00+00:00,0.2055159
2022-11-04 14:15:00+00:00,0.2055159
2022-11-04 14:30:00+00:00,0.2055159
2022-11-04 14:45:00+00:00,0.2055159
2022-11-04 15:00:00+00:00,0.2055159
2022-11-04 15:15:00+00:00,0.2055159
2022-11-04 15:30:00+00:00,0.2055159
2022-11-04 15:45:00+00:00,0.2055159
2022-11-04 16:00:00+00:00,0.2055159
2022-11-04 16:15:00+00:00,0.2055159
2022-11-04 16:30:00+00:00,0.2055159
2022-11-04 16:45:00+00:00,0.2055159
2022-11-04 17:00:00+00:00,0.2055159
2022-11-04 17:15:00+00:00,0.2055159
2022-11-04 17:30:00+00:00,0.2055159
2022-11-04 17:45:00+00:00,0.2055159
2022-11-04 18:00:00+00:00,0.2055159
2022-11-04 18:15:00+00:00,0.2055159
2022-11-04 18:30:00+00:00,0.2055159
2022-11-04 18:45:00+00:00,0.2055159
2022-11-04 19:00:00+00:00,0.2055159
2022-11-04 19:15:00+00:00,0.2055159
2022-11-04 19:30:00+00:00,0.2055159
2022-11-04 19:45:00+00:00,0.2055159
2022-11-04 20:00:00+00:00,0.2055159
2022-11-04 20:15:00+00:00,0.2055159
2022-11-04 20:30:00+00:00,0.2055159
2022-11-04 20:45:00+00:00,0.2055159
2022-11-04 21:00:00+00:00,0.2055159
2022-11-04 21:15:00+00:00,0.2055159
2022-11-04 21:30:00+00:00,0.2055159
2022-11-04 21:45:00+00:00,0.2055159
2022-11-04 22:00:00+00:00,0.2055159
2022-11-04 22:15:00+00:00,0.2055159
2022-11-04 22:30:00+00:00,0.2055159
2022-11-04 22:45:00+00:00,0.2055159
2022-11-04 23:00:00+00:00,0.2055159
2022-11-04 23:15:00+00:00,0.2055159
2022-11-04 23:30:00+00:00,0.2055159
2022-11-04 23:45:00+00:00,0.2055159
2022-11-05 00:00:00+00:00,0.2055159
2022-11-05 00:15:00+00:00,0.2055159
2022-11-05 00:30:00+00:00,0.2055159
2022-11-05 00:45:00+00:00,0.2055159
2022-11-05 01:00:00+00:00,0.2055159
2022-11-05 01:15:00+00:00,0.2055159
2022-11-05 01:30:00+00:00,0.2055159
2022-11-05 01:45:00+00:00,0.2055159
2022-11-05 02:00:00+00:00,0.2055159
2022-11-05 02:15:00+00:00,0.2055159
2022-11-05 02:30:00+00:00,0.2055159
2022-11-05 02:45:00+00:00,0.2055159
2022-11-05 03:00:00+00:00,0.2055159
2022-11-05 03:15:00+00:00,0.2055159
2022-11-05 03:30:00+00:00,0.2055159
2022-11-05 03:45:00+00:00,0.2055159
2022-11-05 04:00:00+00:00,0.2055159
2022-11-05 04:15:00+00:00,0.2055159
2022-11-05 04:30:00+00:00,0.2055159
2022-11-05 04:45:00+00:00,0.2055159
2022-11-05 05:00:00+00:00,0.2055159
2022-11-05 05:15:00+00:00,0.2055159
2022-11-05 05:30:00+00:00,0.2055159
2022-11-05 05:45:00+00:00,0.2055159
2022-11-05 06:00:00+00:00,0.2055159
2022-11-05 06:15:00+00:00,0.2055159
2022-11-05 06:30:00+00:00,0.2055159
2022-11-05 06:45:00+00:00,0.2055159
2022-11-05 07:00:00+00:00,0.2055159
2022-11-05 07:15:00+00:00,0.2055159
2022-11-05 07:30:00+00:00,0.2055159
2022-11-05 07:45:00+00:00,0.2055159
2022-11-05 08:00:00+00:00,0.2055159
2022-11-05 08:15:00+00:00,0.2055159
2022-11-05 08:30:00+00:00,0.2055159
2022-11-05 08:45:00+00:00,0.2055159
2022-11-05 09:00:00+00:00,0.2055159
2022-11-05 09:15:00+00:00,0.2055159
2022-11-05 09:30:00+00:00,0.2055159
2022-11-05 09:45:00+00:00,0.2055159
2022-11-05 10:00:00+00:00,0.2055159
2022-11-05 10:15:00+00:00,0.2055159
2022-11-05 10:30:00+00:00,0.2055159
2022-11-05 10:45:00+00:00,0.2055159
2022-11-05 11:00:00+00:00,0.2055159
2022-11-05 11:15:00+00:00,0.2055159
2022-11-05 11:30:00+00:00,0.2055159
2022-11-05 11:45:00+00:00,0.2055159
2022-11-05 12:00:00+00:00,0.2055159
2022-11-05 12:15:00+00:00,0.2055159
2022-11-05 12:30:00+00:00,0.2055159
2022-11-05 12:45:00+00:00,0.2055282
2022-11-05 13:00:00+00:00,0.2055282
2022-11-05 13:15:00+00:00,0.2055282
2022-11-05 13:30:00+00:00,0.2055282
2022-11-05 13:45:00+00:00,0.2055282
2022-11-05 14:00:00+00:00,0.2055282
2022-11-05 14:15:00+00:00,0.2055282
2022-11-05 14:30:00+00:00,0.2055282
2022-11-05 14:45:00+00:00,0.2055282
2022-11-05 15:00:00+00:00,0.2055282
2022-11-05 15:15:00+00:00,0.2055282
2022-11-05 15:30:00+00:00,0.2055282
2022-11-05 15:45:00+00:00,0.2055282
2022-11-05 16:00:00+00:00,0.2055282
2022-11-05 16:15:00+00:00,0.2055282
2022-11-05 16:30:00+00:00,0.2055282
2022-11-05 16:45:00+00:00,0.2055282
2022-11-05 17:00:00+00:00,0.2055282
2022-11-05 17:15:00+00:00,0.2055282
2022-11-05 17:30:00+00:00,0.2055282
2022-11-05 17:45:00+00:00,0.2055282
2022-11-05 18:00:00+00:00,0.2055282
2022-11-05 18:15:00+00:00,0.2055282
2022-11-05 18:30:00+00:00,0.2055282
2022-11-05 18:45:00+00:00,0.2055282
2022-11-05 19:00:00+00:00,0.2055282
2022-11-05 19:15:00+00:00,0.2055282
2022-11-05 19:30:00+00:00,0.2055282
2022-11-05 19:45:00+00:00,0.2055282
2022-11-05 20:00:00+00:00,0.2055282
2022-11-05 20:15:00+00:00,0.2055282
2022-11-05 20:30:00+00:00,0.2055282
2022-11-05 20:45:00+00:00,0.2055282
2022-11-05 21:00:00+00:00,0.2055282
2022-11-05 21:15:00+00:00,0.2055282
2022-11-05 21:30:00+00:00,0.2055282
2022-11-05 21:45:00+00:00,0.2055282
2022-11-05 22:00:00+00:00,0.2055282
2022-11-05 22:15:00+00:00,0.2055282
2022-11-05 22:30:00+00:00,0.2055282
2022-11-05 22:45:00+00:00,0.2055282
2022-11-05 23:00:00+00:00,0.2055282
2022-11-05 23:15:00+00:00,0.2055282
2022-11-05 23:30:00+00:00,0.2055282
2022-11-05 23:45:00+00:00,0.2055282
2022-11-06 00:00:00+00:00,0.2055282
2022-11-06 00:15:00+00:00,0.2055282
2022-11-06 00:30:00+00:00,0.2055282
2022-11-06 00:45:00+00:00,0.2055282
2022-11-06 01:00:00+00:00,0.2055282
2022-11-06 01:15:00+00:00,0.2055282
2022-11-06 01:30:00+00:00,0.2055282
2022-11-06 01:45:00+00:00,0.2055282
2022-11-06 02:00:00+00:00,0.2055282
2022-11-06 02:15:00+00:00,0.2055282
2022-11-06 02:30:00+00:00,0.2055282
2022-11-06 02:45:00+00:00,0.2055282
2022-11-06 03:00:00+00:00,0.2055282
2022-11-06 03:15:00+00:00,0.2055282
2022-11-06 03:30:00+00:00,0.2055282
2022-11-06 03:45:00+00:00,0.2055282
2022-11-06 04:00:00+00:00,0.2055282
2022-11-06 04:15:00+00:00,0.2055282
2022-11-06 04:30:00+00:00,0.2055282
2022-11-06 04:45:00+00:00,0.2055282
2022-11-06 05:00:00+00:00,0.2055282
2022-11-06 05:15:00+00:00,0.2055282
2022-11-06 05:30:00+00:00,0.2055282
2022-11-06 05:45:00+00:00,0.2055282
2022-11-06 06:00:00+00:00,0.2055282
2022-11-06 06:15:00+00:00,0.2055282
2022-11-06 06:30:00+00:00,0.2055282
2022-11-06 06:45:00+00:00,0.2055282
2022-11-06 07:00:00+00:00,0.2055282
2022-11-06 07:15:00+00:00,0.2055282
2022-11-06 07:30:00+00:00,0.2055282
2022-11-06 07:45:00+00:00,0.2055282
2022-11-06 08:00:00+00:00,0.2055282
2022-11-06 08:15:00+00:00,0.2055282
2022-11-06 08:30:00+00:00,0.2055282
2022-11-06 08:45:00+00:00,0.2055282
2022-11-06 09:00:00+00:00,0.2055282
2022-11-06 09:15:00+00:00,0.2068518533
2022-11-06 09:30:00+00:00,0.2111537283
2022-11-06 09:45:00+00:00,0.214345
2022-11-06 10:00:00+00:00,0.214345
2022-11-06 10:15:00+00:00,0.2160147
2022-11-06 10:30:00+00:00,0.2160147
2022-11-06 10:45:00+00:00,0.2160147
2022-11-06 11:00:00+00:00,0.2213395765
2022-11-06 11:15:00+00:00,0.2218884
2022-11-06 11:30:00+00:00,0.2218884
2022-11-06 11:45:00+00:00,0.2218884
2022-11-06 12:00:00+00:00,0.2218884
2022-11-06 12:15:00+00:00,0.2218884
2022-11-06 12:30:00+00:00,0.2218884
2022-11-06 12:45:00+00:00,0.2218884
2022-11-06 13:00:00+00:00,0.2218884
2022-11-06 13:15:00+00:00,0.2218884
2022-11-06 13:30:00+00:00,0.2218884
2022-11-06 13:45:00+00:00,0.2218884
2022-11-06 14:00:00+00:00,0.2218884
2022-11-06 14:15:00+00:00,0.2218884
2022-11-06 14:30:00+00:00,0.2218884
2022-11-06 14:45:00+00:00,0.2218884
2022-11-06 15:00:00+00:00,0.2218884
2022-11-06 15:15:00+00:00,0.2218884
2022-11-06 15:30:00+00:00,0.2218884
2022-11-06 15:45:00+00:00,0.2218884
2022-11-06 16:00:00+00:00,0.2218884
2022-11-06 16:15:00+00:00,0.2218884
2022-11-06 16:30:00+00:00,0.2218884
2022-11-06 16:45:00+00:00,0.2218884
2022-11-06 17:00:00+00:00,0.2218884
2022-11-06 17:15:00+00:00,0.2218884
2022-11-06 17:30:00+00:00,0.2218884
2022-11-06 17:45:00+00:00,0.2218884
2022-11-06 18:00:00+00:00,0.2218884
2022-11-06 18:15:00+00:00,0.2218884
2022-11-06 18:30:00+00:00,0.2218884
2022-11-06 18:45:00+00:00,0.2218884
2022-11-06 19:00:00+00:00,0.2218884
2022-11-06 19:15:00+00:00,0.2218884
2022-11-06 19:30:00+00:00,0.2218884
2022-11-06 19:45:00+00:00,0.2218884
2022-11-06 20:00:00+00:00,0.2218884
2022-11-06 20:15:00+00:00,0.2218884
2022-11-06 20:30:00+00:00,0.2218884
2022-11-06 20:45:00+00:00,0.2218884
2022-11-06 21:00:00+00:00,0.2218884
2022-11-06 21:15:00+00:00,0.2218884
2022-11-06 21:30:00+00:00,0.2218884
2022-11-06 21:45:00+00:00,0.2218884
2022-11-06 22:00:00+00:00,0.2218884
2022-11-06 22:15:00+00:00,0.2218884
2022-11-06 22:30:00+00:00,0.2218884
2022-11-06 22:45:00+00:00,0.2218884
2022-11-06 23:00:00+00:00,0.2218884
2022-11-06 23:15:00+00:00,0.2218884
2022-11-06 23:30:00+00:00,0.2218884
2022-11-06 23:45:00+00:00,0.2218884
2022-11-07 00:00:00+00:00,0.2218884
2022-11-07 00:15:00+00:00,0.2218884
2022-11-07 00:30:00+00:00,0.2218884
2022-11-07 00:45:00+00:00,0.2218884
2022-11-07 01:00:00+00:00,0.2218884
2022-11-07 01:15:00+00:00,0.2218884
2022-11-07 01:30:00+00:00,0.2218884
2022-11-07 01:45:00+00:00,0.2218884
2022-11-07 02:00:00+00:00,0.2218884
2022-11-07 02:15:00+00:00,0.2218884
2022-11-07 02:30:00+00:00,0.2218884
2022-11-07 02:45:00+00:00,0.2218884
2022-11-07 03:00:00+00:00,0.2218884
2022-11-07 03:15:00+00:00,0.2218884
2022-11-07 03:30:00+00:00,0.2218884
2022-11-07 03:45:00+00:00,0.2218884
2022-11-07 04:00:00+00:00,0.2218884
2022-11-07 04:15:00+00:00,0.2218884
2022-11-07 04:30:00+00:00,0.2218884
2022-11-07 04:45:00+00:00,0.2218884
2022-11-07 05:00:00+00:00,0.2218884
2022-11-07 05:15:00+00:00,0.2218884
2022-11-07 05:30:00+00:00,0.2218884
2022-11-07 05:45:00+00:00,0.2218884
2022-11-07 06:00:00+00:00,0.2218884
2022-11-07 06:15:00+00:00,0.2218884
2022-11-07 06:30:00+00:00,0.2218884
2022-11-07 06:45:00+00:00,0.2218884
2022-11-07 07:00:00+00:00,0.2218884
2022-11-07 07:15:00+00:00,0.2218884
2022-11-07 07:30:00+00:00,0.2218884
2022-11-07 07:45:00+00:00,0.2218884
2022-11-07 08:00:00+00:00,0.2218884
2022-11-07 08:15:00+00:00,0.2218884
2022-11-07 08:30:00+00:00,0.2218884
2022-11-07 08:45:00+00:00,0.2218884
2022-11-07 09:00:00+00:00,0.2218884
2022-11-07 09:15:00+00:00,0.2218884
2022-11-07 09:30:00+00:00,0.2218884
2022-11-07 09:45:00+00:00,0.2218884
2022-11-07 10:00:00+00:00,0.2218884
2022-11-07 10:15:00+00:00,0.2218884
2022-11-07 10:30:00+00:00,0.2218884
2022-11-07 10:45:00+00:00,0.2218884
2022-11-07 11:00:00+00:00,0.2218884
2022-11-07 11:15:00+00:00,0.2218884
2022-11-07 11:30:00+00:00,0.2218921
2022-11-07 11:45:00+00:00,0.22189530000000002
2022-11-07 12:00:00+00:00,0.2219499
2022-11-07 12:15:00+00:00,0.2219499
2022-11-07 12:30:00+00:00,0.2219499
2022-11-07 12:45:00+00:00,0.2219499
2022-11-07 13:00:00+00:00,0.2219499
2022-11-07 13:15:00+00:00,0.2219499
2022-11-07 13:30:00+00:00,0.2219499
2022-11-07 13:45:00+00:00,0.2219499
2022-11-07 14:00:00+00:00,0.2219499
2022-11-07 14:15:00+00:00,0.2219499
2022-11-07 14:30:00+00:00,0.2219499
2022-11-07 14:45:00+00:00,0.2219499
2022-11-07 15:00:00+00:00,0.2219499
2022-11-07 15:15:00+00:00,0.2219499
2022-11-07 15:30:00+00:00,0.2219499
2022-11-07 15:45:00+00:00,0.2219499
2022-11-07 16:00:00+00:00,0.2219499
2022-11-07 16:15:00+00:00,0.2219499
2022-11-07 16:30:00+00:00,0.2219499
2022-11-07 16:45:00+00:00,0.2219499
2022-11-07 17:00:00+00:00,0.2219499
2022-11-07 17:15:00+00:00,0.2219499
2022-11-07 17:30:00+00:00,0.2219499
2022-11-07 17:45:00+00:00,0.2219499
2022-11-07 18:00:00+00:00,0.2219499
2022-11-07 18:15:00+00:00,0.2219499
2022-11-07 18:30:00+00:00,0.2219499
2022-11-07 18:45:00+00:00,0.2219499
2022-11-07 19:00:00+00:00,0.2219499
2022-11-07 19:15:00+00:00,0.2219499
2022-11-07 19:30:00+00:00,0.2219499
2022-11-07 19:45:00+00:00,0.2219499
2022-11-07 20:00:00+00:00,0.2219499
2022-11-07 20:15:00+00:00,0.2219499
2022-11-07 20:30:00+00:00,0.2219499
2022-11-07 20:45:00+00:00,0.2219499
2022-11-07 21:00:00+00:00,0.2219499
2022-11-07 21:15:00+00:00,0.2219499
2022-11-07 21:30:00+00:00,0.2219499
2022-11-07 21:45:00+00:00,0.2219499
2022-11-07 22:00:00+00:00,0.2219499
2022-11-07 22:15:00+00:00,0.2219499
2022-11-07 22:30:00+00:00,0.2219499
2022-11-07 22:45:00+00:00,0.2219499
2022-11-07 23:00:00+00:00,0.2219499
2022-11-07 23:15:00+00:00,0.2219499
2022-11-07 23:30:00+00:00,0.2219499
2022-11-07 23:45:00+00:00,0.2219499
2022-11-08 00:00:00+00:00,0.2219499
2022-11-08 00:15:00+00:00,0.2219499
2022-11-08 00:30:00+00:00,0.2219499
2022-11-08 00:45:00+00:00,0.2219499
2022-11-08 01:00:00+00:00,0.2219499
2022-11-08 01:15:00+00:00,0.2219499
2022-11-08 01:30:00+00:00,0.2219499
2022-11-08 01:45:00+00:00,0.2219499
2022-11-08 02:00:00+00:00,0.2219499
2022-11-08 02:15:00+00:00,0.2219499
2022-11-08 02:30:00+00:00,0.2219499
2022-11-08 02:45:00+00:00,0.2219499
2022-11-08 03:00:00+00:00,0.2219499
2022-11-08 03:15:00+00:00,0.2219499
2022-11-08 03:30:00+00:00,0.2219499
2022-11-08 03:45:00+00:00,0.2219499
2022-11-08 04:00:00+00:00,0.2219499
2022-11-08 04:15:00+00:00,0.2219499
2022-11-08 04:30:00+00:00,0.2219499
2022-11-08 04:45:00+00:00,0.2219499
2022-11-08 05:00:00+00:00,0.2219499
2022-11-08 05:15:00+00:00,0.2219499
2022-11-08 05:30:00+00:00,0.2219499
2022-11-08 05:45:00+00:00,0.2219499
2022-11-08 06:00:00+00:00,0.2219499
2022-11-08 06:15:00+00:00,0.2219499
2022-11-08 06:30:00+00:00,0.2219499
2022-11-08 06:45:00+00:00,0.2219499
2022-11-08 07:00:00+00:00,0.2219499
2022-11-08 07:15:00+00:00,0.2219499
2022-11-08 07:30:00+00:00,0.2219499
2022-11-08 07:45:00+00:00,0.2219499
2022-11-08 08:00:00+00:00,0.2219499
2022-11-08 08:15:00+00:00,0.2219499
2022-11-08 08:30:00+00:00,0.2219499
2022-11-08 08:45:00+00:00,0.2219499
2022-11-08 09:00:00+00:00,0.2219499
2022-11-08 09:15:00+00:00,0.2219499
2022-11-08 09:30:00+00:00,0.2219499
2022-11-08 09:45:00+00:00,0.2219499
2022-11-08 10:00:00+00:00,0.2219499
2022-11-08 10:15:00+00:00,0.2219499
2022-11-08 10:30:00+00:00,0.2219499
2022-11-08 10:45:00+00:00,0.22355066610000002
2022-11-08 11:00:00+00:00,0.2367194
2022-11-08 11:15:00+00:00,0.237281621
2022-11-08 11:30:00+00:00,0.2513979334
2022-11-08 11:45:00+00:00,0.2541604
2022-11-08 12:00:00+00:00,0.2541604
2022-11-08 12:15:00+00:00,0.2541604
2022-11-08 12:30:00+00:00,0.2541604
2022-11-08 12:45:00+00:00,0.2541604
2022-11-08 13:00:00+00:00,0.2541604
2022-11-08 13:15:00+00:00,0.2541604
2022-11-08 13:30:00+00:00,0.2541604
2022-11-08 13:45:00+00:00,0.2541604
2022-11-08 14:00:00+00:00,0.2541604
2022-11-08 14:15:00+00:00,0.2541604
2022-11-08 14:30:00+00:00,0.2541604
2022-11-08 14:45:00+00:00,0.2541604
2022-11-08 15:00:00+00:00,0.2541604
2022-11-08 15:15:00+00:00,0.2541604
2022-11-08 15:30:00+00:00,0.2541604
2022-11-08 15:45:00+00:00,0.2541604
2022-11-08 16:00:00+00:00,0.2541604
2022-11-08 16:15:00+00:00,0.2541604
2022-11-08 16:30:00+00:00,0.2541604
2022-11-08 16:45:00+00:00,0.2541604
2022-11-08 17:00:00+00:00,0.2541604
2022-11-08 17:15:00+00:00,0.2541604
2022-11-08 17:30:00+00:00,0.2541604
2022-11-08 17:45:00+00:00,0.2541604
2022-11-08 18:00:00+00:00,0.2541604
2022-11-08 18:15:00+00:00,0.2541604
2022-11-08 18:30:00+00:00,0.2541604
2022-11-08 18:45:00+00:00,0.2541604
2022-11-08 19:00:00+00:00,0.2541604
2022-11-08 19:15:00+00:00,0.2541604
2022-11-08 19:30:00+00:00,0.2541604
2022-11-08 19:45:00+00:00,0.2541604
2022-11-08 20:00:00+00:00,0.2541604
2022-11-08 20:15:00+00:00,0.2541604
2022-11-08 20:30:00+00:00,0.2541604
2022-11-08 20:45:00+00:00,0.2541604
2022-11-08 21:00:00+00:00,0.2541604
2022-11-08 21:15:00+00:00,0.2541604
2022-11-08 21:30:00+00:00,0.2541604
2022-11-08 21:45:00+00:00,0.2541604
2022-11-08 22:00:00+00:00,0.2541604
2022-11-08 22:15:00+00:00,0.2541604
2022-11-08 22:30:00+00:00,0.2541604
2022-11-08 22:45:00+00:00,0.2541604
2022-11-08 23:00:00+00:00,0.2541604
2022-11-08 23:15:00+00:00,0.2541604
2022-11-08 23:30:00+00:00,0.2541604
2022-11-08 23:45:00+00:00,0.2541604
2022-11-09 00:00:00+00:00,0.2541604
2022-11-09 00:15:00+00:00,0.2541604
2022-11-09 00:30:00+00:00,0.2541604
2022-11-09 00:45:00+00:00,0.2541604
2022-11-09 01:00:00+00:00,0.2541604
2022-11-09 01:15:00+00:00,0.2541604
2022-11-09 01:30:00+00:00,0.2541604
2022-11-09 01:45:00+00:00,0.2541604
2022-11-09 02:00:00+00:00,0.2541604
2022-11-09 02:15:00+00:00,0.2541604
2022-11-09 02:30:00+00:00,0.2541604
2022-11-09 02:45:00+00:00,0.2541604
2022-11-09 03:00:00+00:00,0.2541604
2022-11-09 03:15:00+00:00,0.2541604
2022-11-09 03:30:00+00:00,0.2541604
2022-11-09 03:45:00+00:00,0.2541604
2022-11-09 04:00:00+00:00,0.2541604
2022-11-09 04:15:00+00:00,0.2541604
2022-11-09 04:30:00+00:00,0.2541604
2022-11-09 04:45:00+00:00,0.2541604
2022-11-09 05:00:00+00:00,0.2541604
2022-11-09 05:15:00+00:00,0.2541604
2022-11-09 05:30:00+00:00,0.2541604
2022-11-09 05:45:00+00:00,0.2541604
2022-11-09 06:00:00+00:00,0.2541604
2022-11-09 06:15:00+00:00,0.2541604
2022-11-09 06:30:00+00:00,0.2541604
2022-11-09 06:45:00+00:00,0.2541604
2022-11-09 07:00:00+00:00,0.2541604
2022-11-09 07:15:00+00:00,0.2541604
2022-11-09 07:30:00+00:00,0.2541604
2022-11-09 07:45:00+00:00,0.2541604
2022-11-09 08:00:00+00:00,0.2541604
2022-11-09 08:15:00+00:00,0.2541604
2022-11-09 08:30:00+00:00,0.2541604
2022-11-09 08:45:00+00:00,0.2541604
2022-11-09 09:00:00+00:00,0.2541604
2022-11-09 09:15:00+00:00,0.2541604
2022-11-09 09:30:00+00:00,0.2541604
2022-11-09 09:45:00+00:00,0.2546852
2022-11-09 10:00:00+00:00,0.2546852
2022-11-09 10:15:00+00:00,0.25508200000000003
2022-11-09 10:30:00+00:00,0.2550931
2022-11-09 10:45:00+00:00,0.2551003
2022-11-09 11:00:00+00:00,0.2551003
2022-11-09 11:15:00+00:00,0.2551003
2022-11-09 11:30:00+00:00,0.25510510000000003
2022-11-09 11:45:00+00:00,0.255108
2022-11-09 12:00:00+00:00,0.255108
2022-11-09 12:15:00+00:00,0.255108
2022-11-09 12:30:00+00:00,0.255108
2022-11-09 12:45:00+00:00,0.255108
2022-11-09 13:00:00+00:00,0.255108
2022-11-09 13:15:00+00:00,0.255108
2022-11-09 13:30:00+00:00,0.255108
2022-11-09 13:45:00+00:00,0.255108
2022-11-09 14:00:00+00:00,0.255108
2022-11-09 14:15:00+00:00,0.255108
2022-11-09 14:30:00+00:00,0.255108
2022-11-09 14:45:00+00:00,0.255108
2022-11-09 15:00:00+00:00,0.255108
2022-11-09 15:15:00+00:00,0.255108
2022-11-09 15:30:00+00:00,0.255108
2022-11-09 15:45:00+00:00,0.255108
2022-11-09 16:00:00+00:00,0.255108
2022-11-09 16:15:00+00:00,0.255108
2022-11-09 16:30:00+00:00,0.255108
2022-11-09 16:45:00+00:00,0.255108
2022-11-09 17:00:00+00:00,0.255108
2022-11-09 17:15:00+00:00,0.255108
2022-11-09 17:30:00+00:00,0.255108
2022-11-09 17:45:00+00:00,0.255108
2022-11-09 18:00:00+00:00,0.255108
2022-11-09 18:15:00+00:00,0.255108
2022-11-09 18:30:00+00:00,0.255108
2022-11-09 18:45:00+00:00,0.255108
2022-11-09 19:00:00+00:00,0.255108
2022-11-09 19:15:00+00:00,0.255108
2022-11-09 19:30:00+00:00,0.255108
2022-11-09 19:45:00+00:00,0.255108
2022-11-09 20:00:00+00:00,0.255108
2022-11-09 20:15:00+00:00,0.255108
2022-11-09 20:30:00+00:00,0.255108
2022-11-09 20:45:00+00:00,0.255108
2022-11-09 21:00:00+00:00,0.255108
2022-11-09 21:15:00+00:00,0.255108
2022-11-09 21:30:00+00:00,0.255108
2022-11-09 21:45:00+00:00,0.255108
2022-11-09 22:00:00+00:00,0.255108
2022-11-09 22:15:00+00:00,0.255108
2022-11-09 22:30:00+00:00,0.255108
2022-11-09 22:45:00+00:00,0.255108
2022-11-09 23:00:00+00:00,0.255108
2022-11-09 23:15:00+00:00,0.255108
2022-11-09 23:30:00+00:00,0.255108
2022-11-09 23:45:00+00:00,0.255108
2022-11-10 00:00:00+00:00,0.255108
2022-11-10 00:15:00+00:00,0.255108
2022-11-10 00:30:00+00:00,0.255108
2022-11-10 00:45:00+00:00,0.255108
2022-11-10 01:00:00+00:00,0.255108
2022-11-10 01:15:00+00:00,0.255108
2022-11-10 01:30:00+00:00,0.255108
2022-11-10 01:45:00+00:00,0.255108
2022-11-10 02:00:00+00:00,0.255108
2022-11-10 02:15:00+00:00,0.255108
2022-11-10 02:30:00+00:00,0.255108
2022-11-10 02:45:00+00:00,0.255108
2022-11-10 03:00:00+00:00,0.255108
2022-11-10 03:15:00+00:00,0.255108
2022-11-10 03:30:00+00:00,0.255108
2022-11-10 03:45:00+00:00,0.255108
2022-11-10 04:00:00+00:00,0.255108
2022-11-10 04:15:00+00:00,0.255108
2022-11-10 04:30:00+00:00,0.255108
2022-11-10 04:45:00+00:00,0.255108
2022-11-10 05:00:00+00:00,0.255108
2022-11-10 05:15:00+00:00,0.255108
2022-11-10 05:30:00+00:00,0.255108
2022-11-10 05:45:00+00:00,0.255108
2022-11-10 06:00:00+00:00,0.255108
2022-11-10 06:15:00+00:00,0.255108
2022-11-10 06:30:00+00:00,0.255108
2022-11-10 06:45:00+00:00,0.255108
2022-11-10 07:00:00+00:00,0.255108
2022-11-10 07:15:00+00:00,0.255108
2022-11-10 07:30:00+00:00,0.255108
2022-11-10 07:45:00+00:00,0.255108
2022-11-10 08:00:00+00:00,0.255108
2022-11-10 08:15:00+00:00,0.255108
2022-11-10 08:30:00+00:00,0.255108
2022-11-10 08:45:00+00:00,0.255108
2022-11-10 09:00:00+00:00,0.255108
2022-11-10 09:15:00+00:00,0.255108
2022-11-10 09:30:00+00:00,0.255108
2022-11-10 09:45:00+00:00,0.255108
2022-11-10 10:00:00+00:00,0.255108
2022-11-10 10:15:00+00:00,0.255108
2022-11-10 10:30:00+00:00,0.255108
2022-11-10 10:45:00+00:00,0.2552521
2022-11-10 11:00:00+00:00,0.2645849
2022-11-10 11:15:00+00:00,0.2767198144
2022-11-10 11:30:00+00:00,0.2935734
2022-11-10 11:45:00+00:00,0.3038494
2022-11-10 12:00:00+00:00,0.30480060000000003
2022-11-10 12:15:00+00:00,0.3048633
2022-11-10 12:30:00+00:00,0.3048633
2022-11-10 12:45:00+00:00,0.3048633
2022-11-10 13:00:00+00:00,0.3048633
2022-11-10 13:15:00+00:00,0.3048633
2022-11-10 13:30:00+00:00,0.3048633
2022-11-10 13:45:00+00:00,0.3048633
2022-11-10 14:00:00+00:00,0.3048633
2022-11-10 14:15:00+00:00,0.3048633
2022-11-10 14:30:00+00:00,0.3048633
2022-11-10 14:45:00+00:00,0.3048633
2022-11-10 15:00:00+00:00,0.3048633
2022-11-10 15:15:00+00:00,0.3048633
2022-11-10 15:30:00+00:00,0.3048633
2022-11-10 15:45:00+00:00,0.3048633
2022-11-10 16:00:00+00:00,0.3048633
2022-11-10 16:15:00+00:00,0.3048633
2022-11-10 16:30:00+00:00,0.3048633
2022-11-10 16:45:00+00:00,0.3048633
2022-11-10 17:00:00+00:00,0.3048633
2022-11-10 17:15:00+00:00,0.3048633
2022-11-10 17:30:00+00:00,0.3048633
2022-11-10 17:45:00+00:00,0.3048633
2022-11-10 18:00:00+00:00,0.3048633
2022-11-10 18:15:00+00:00,0.3048633
2022-11-10 18:30:00+00:00,0.3048633
2022-11-10 18:45:00+00:00,0.3048633
2022-11-10 19:00:00+00:00,0.3048633
2022-11-10 19:15:00+00:00,0.3048633
2022-11-10 19:30:00+00:00,0.3048633
2022-11-10 19:45:00+00:00,0.3048633
2022-11-10 20:00:00+00:00,0.3048633
2022-11-10 20:15:00+00:00,0.3048633
2022-11-10 20:30:00+00:00,0.3048633
2022-11-10 20:45:00+00:00,0.3048633
2022-11-10 21:00:00+00:00,0.3048633
2022-11-10 21:15:00+00:00,0.3048633
2022-11-10 21:30:00+00:00,0.3048633
2022-11-10 21:45:00+00:00,0.3048633
2022-11-10 22:00:00+00:00,0.3048633
2022-11-10 22:15:00+00:00,0.3048633
2022-11-10 22:30:00+00:00,0.3048633
2022-11-10 22:45:00+00:00,0.3048633
2022-11-10 23:00:00+00:00,0.3048633
2022-11-10 23:15:00+00:00,0.3048633
2022-11-10 23:30:00+00:00,0.3048633
2022-11-10 23:45:00+00:00,0.3048633
2022-11-11 00:00:00+00:00,0.3048633
2022-11-11 00:15:00+00:00,0.3048633
2022-11-11 00:30:00+00:00,0.3048633
2022-11-11 00:45:00+00:00,0.3048633
2022-11-11 01:00:00+00:00,0.3048633
2022-11-11 01:15:00+00:00,0.3048633
2022-11-11 01:30:00+00:00,0.3048633
2022-11-11 01:45:00+00:00,0.3048633
2022-11-11 02:00:00+00:00,0.3048633
2022-11-11 02:15:00+00:00,0.3048633
2022-11-11 02:30:00+00:00,0.3048633
2022-11-11 02:45:00+00:00,0.3048633
2022-11-11 03:00:00+00:00,0.3048633
2022-11-11 03:15:00+00:00,0.3048633
2022-11-11 03:30:00+00:00,0.3048633
2022-11-11 03:45:00+00:00,0.3048633
2022-11-11 04:00:00+00:00,0.3048633
2022-11-11 04:15:00+00:00,0.3048633
2022-11-11 04:30:00+00:00,0.3048633
2022-11-11 04:45:00+00:00,0.3048633
2022-11-11 05:00:00+00:00,0.3048633
2022-11-11 05:15:00+00:00,0.3048633
2022-11-11 05:30:00+00:00,0.3048633
2022-11-11 05:45:00+00:00,0.3048633
2022-11-11 06:00:00+00:00,0.3048633
2022-11-11 06:15:00+00:00,0.3048633
2022-11-11 06:30:00+00:00,0.3048633
2022-11-11 06:45:00+00:00,0.3048633
2022-11-11 07:00:00+00:00,0.3048633
2022-11-11 07:15:00+00:00,0.3048633
2022-11-11 07:30:00+00:00,0.3048633
2022-11-11 07:45:00+00:00,0.3048633
2022-11-11 08:00:00+00:00,0.3048633
2022-11-11 08:15:00+00:00,0.3048633
2022-11-11 08:30:00+00:00,0.3048633
2022-11-11 08:45:00+00:00,0.3048633
2022-11-11 09:00:00+00:00,0.3048633
2022-11-11 09:15:00+00:00,0.3048633
2022-11-11 09:30:00+00:00,0.3048633
2022-11-11 09:45:00+00:00,0.3048633
2022-11-11 10:00:00+00:00,0.3048633
2022-11-11 10:15:00+00:00,0.3048633
2022-11-11 10:30:00+00:00,0.3048633
2022-11-11 10:45:00+00:00,0.3048633
2022-11-11 11:00:00+00:00,0.3048633
2022-11-11 11:15:00+00:00,0.3048633
2022-11-11 11:30:00+00:00,0.3048633
2022-11-11 11:45:00+00:00,0.3048633
2022-11-11 12:00:00+00:00,0.3048633
2022-11-11 12:15:00+00:00,0.3048633
2022-11-11 12:30:00+00:00,0.3048633
2022-11-11 12:45:00+00:00,0.3048633
2022-11-11 13:00:00+00:00,0.3048633
2022-11-11 13:15:00+00:00,0.3048633
2022-11-11 13:30:00+00:00,0.3048633
2022-11-11 13:45:00+00:00,0.3048633
2022-11-11 14:00:00+00:00,0.3048633
2022-11-11 14:15:00+00:00,0.3048633
2022-11-11 14:30:00+00:00,0.3048633
2022-11-11 14:45:00+00:00,0.3048633
2022-11-11 15:00:00+00:00,0.3048633
2022-11-11 15:15:00+00:00,0.3048633
2022-11-11 15:30:00+00:00,0.3048633
2022-11-11 15:45:00+00:00,0.3048633
2022-11-11 16:00:00+00:00,0.3048633
2022-11-11 16:15:00+00:00,0.3048633
2022-11-11 16:30:00+00:00,0.3048633
2022-11-11 16:45:00+00:00,0.3048633
2022-11-11 17:00:00+00:00,0.3048633
2022-11-11 17:15:00+00:00,0.3048633
2022-11-11 17:30:00+00:00,0.3048633
2022-11-11 17:45:00+00:00,0.3048633
2022-11-11 18:00:00+00:00,0.3048633
2022-11-11 18:15:00+00:00,0.3048633
2022-11-11 18:30:00+00:00,0.3048633
2022-11-11 18:45:00+00:00,0.3048633
2022-11-11 19:00:00+00:00,0.3048633
2022-11-11 19:15:00+00:00,0.3048633
2022-11-11 19:30:00+00:00,0.3048633
2022-11-11 19:45:00+00:00,0.3048633
2022-11-11 20:00:00+00:00,0.3048633
2022-11-11 20:15:00+00:00,0.3048633
2022-11-11 20:30:00+00:00,0.3048633
2022-11-11 20:45:00+00:00,0.3048633
2022-11-11 21:00:00+00:00,0.3048633
2022-11-11 21:15:00+00:00,0.3048633
2022-11-11 21:30:00+00:00,0.3048633
2022-11-11 21:45:00+00:00,0.3048633
2022-11-11 22:00:00+00:00,0.3048633
2022-11-11 22:15:00+00:00,0.3048633
2022-11-11 22:30:00+00:00,0.3048633
2022-11-11 22:45:00+00:00,0.3048633
2022-11-11 23:00:00+00:00,0.3048633
2022-11-11 23:15:00+00:00,0.3048633
2022-11-11 23:30:00+00:00,0.3048633
2022-11-11 23:45:00+00:00,0.3048633
2022-11-12 00:00:00+00:00,0.3048633
2022-11-12 00:15:00+00:00,0.3048633
2022-11-12 00:30:00+00:00,0.3048633
2022-11-12 00:45:00+00:00,0.3048633
2022-11-12 01:00:00+00:00,0.3048633
2022-11-12 01:15:00+00:00,0.3048633
2022-11-12 01:30:00+00:00,0.3048633
2022-11-12 01:45:00+00:00,0.3048633
2022-11-12 02:00:00+00:00,0.3048633
2022-11-12 02:15:00+00:00,0.3048633
2022-11-12 02:30:00+00:00,0.3048633
2022-11-12 02:45:00+00:00,0.3048633
2022-11-12 03:00:00+00:00,0.3048633
2022-11-12 03:15:00+00:00,0.3048633
2022-11-12 03:30:00+00:00,0.3048633
2022-11-12 03:45:00+00:00,0.3048633
2022-11-12 04:00:00+00:00,0.3048633
2022-11-12 04:15:00+00:00,0.3048633
2022-11-12 04:30:00+00:00,0.3048633
2022-11-12 04:45:00+00:00,0.3048633
2022-11-12 05:00:00+00:00,0.3048633
2022-11-12 05:15:00+00:00,0.3048633
2022-11-12 05:30:00+00:00,0.3048633
2022-11-12 05:45:00+00:00,0.3048633
2022-11-12 06:00:00+00:00,0.3048633
2022-11-12 06:15:00+00:00,0.3048633
2022-11-12 06:30:00+00:00,0.3048633
2022-11-12 06:45:00+00:00,0.3048633
2022-11-12 07:00:00+00:00,0.3048633
2022-11-12 07:15:00+00:00,0.3048633
2022-11-12 07:30:00+00:00,0.3048633
2022-11-12 07:45:00+00:00,0.3048633
2022-11-12 08:00:00+00:00,0.3048633
2022-11-12 08:15:00+00:00,0.3048633
2022-11-12 08:30:00+00:00,0.3048633
2022-11-12 08:45:00+00:00,0.3048633
2022-11-12 09:00:00+00:00,0.3048633
2022-11-12 09:15:00+00:00,0.3048633
2022-11-12 09:30:00+00:00,0.3048633
2022-11-12 09:45:00+00:00,0.3048633
2022-11-12 10:00:00+00:00,0.3048633
2022-11-12 10:15:00+00:00,0.3048633
2022-11-12 10:30:00+00:00,0.3048633
2022-11-12 10:45:00+00:00,0.3048633
2022-11-12 11:00:00+00:00,0.3048633
2022-11-12 11:15:00+00:00,0.3048633
2022-11-12 11:30:00+00:00,0.3048633
2022-11-12 11:45:00+00:00,0.3048633
2022-11-12 12:00:00+00:00,0.3048633
2022-11-12 12:15:00+00:00,0.3048633
2022-11-12 12:30:00+00:00,0.3048633
2022-11-12 12:45:00+00:00,0.3048633
2022-11-12 13:00:00+00:00,0.3048633
2022-11-12 13:15:00+00:00,0.3048633
2022-11-12 13:30:00+00:00,0.3048633
2022-11-12 13:45:00+00:00,0.3048633
2022-11-12 14:00:00+00:00,0.3048633
2022-11-12 14:15:00+00:00,0.3048633
2022-11-12 14:30:00+00:00,0.3048633
2022-11-12 14:45:00+00:00,0.3048633
2022-11-12 15:00:00+00:00,0.3048633
2022-11-12 15:15:00+00:00,0.3048633
2022-11-12 15:30:00+00:00,0.3048633
2022-11-12 15:45:00+00:00,0.3048633
2022-11-12 16:00:00+00:00,0.3048633
2022-11-12 16:15:00+00:00,0.3048633
2022-11-12 16:30:00+00:00,0.3048633
2022-11-12 16:45:00+00:00,0.3048633
2022-11-12 17:00:00+00:00,0.3048633
2022-11-12 17:15:00+00:00,0.3048633
2022-11-12 17:30:00+00:00,0.3048633
2022-11-12 17:45:00+00:00,0.3048633
2022-11-12 18:00:00+00:00,0.3048633
2022-11-12 18:15:00+00:00,0.3048633
2022-11-12 18:30:00+00:00,0.3048633
2022-11-12 18:45:00+00:00,0.3048633
2022-11-12 19:00:00+00:00,0.3048633
2022-11-12 19:15:00+00:00,0.3048633
2022-11-12 19:30:00+00:00,0.3048633
2022-11-12 19:45:00+00:00,0.3048633
2022-11-12 20:00:00+00:00,0.3048633
2022-11-12 20:15:00+00:00,0.3048633
2022-11-12 20:30:00+00:00,0.3048633
2022-11-12 20:45:00+00:00,0.3048633
2022-11-12 21:00:00+00:00,0.3048633
2022-11-12 21:15:00+00:00,0.3048633
2022-11-12 21:30:00+00:00,0.3048633
2022-11-12 21:45:00+00:00,0.3048633
2022-11-12 22:00:00+00:00,0.3048633
2022-11-12 22:15:00+00:00,0.3048633
2022-11-12 22:30:00+00:00,0.3048633
2022-11-12 22:45:00+00:00,0.3048633
2022-11-12 23:00:00+00:00,0.3048633
2022-11-12 23:15:00+00:00,0.3048633
2022-11-12 23:30:00+00:00,0.3048633
2022-11-12 23:45:00+00:00,0.3048633
2022-11-13 00:00:00+00:00,0.3048633
2022-11-13 00:15:00+00:00,0.3048633
2022-11-13 00:30:00+00:00,0.3048633
2022-11-13 00:45:00+00:00,0.3048633
2022-11-13 01:00:00+00:00,0.3048633
2022-11-13 01:15:00+00:00,0.3048633
2022-11-13 01:30:00+00:00,0.3048633
2022-11-13 01:45:00+00:00,0.3048633
2022-11-13 02:00:00+00:00,0.3048633
2022-11-13 02:15:00+00:00,0.3048633
2022-11-13 02:30:00+00:00,0.3048633
2022-11-13 02:45:00+00:00,0.3048633
2022-11-13 03:00:00+00:00,0.3048633
2022-11-13 03:15:00+00:00,0.3048633
2022-11-13 03:30:00+00:00,0.3048633
2022-11-13 03:45:00+00:00,0.3048633
2022-11-13 04:00:00+00:00,0.3048633
2022-11-13 04:15:00+00:00,0.3048633
2022-11-13 04:30:00+00:00,0.3048633
2022-11-13 04:45:00+00:00,0.3048633
2022-11-13 05:00:00+00:00,0.3048633
2022-11-13 05:15:00+00:00,0.3048633
2022-11-13 05:30:00+00:00,0.3048633
2022-11-13 05:45:00+00:00,0.3048633
2022-11-13 06:00:00+00:00,0.3048633
2022-11-13 06:15:00+00:00,0.3048633
2022-11-13 06:30:00+00:00,0.3048633
2022-11-13 06:45:00+00:00,0.3048633
2022-11-13 07:00:00+00:00,0.3048633
2022-11-13 07:15:00+00:00,0.3048633
2022-11-13 07:30:00+00:00,0.3048633
2022-11-13 07:45:00+00:00,0.3048633
2022-11-13 08:00:00+00:00,0.3048633
2022-11-13 08:15:00+00:00,0.3048633
2022-11-13 08:30:00+00:00,0.3048633
2022-11-13 08:45:00+00:00,0.3048633
2022-11-13 09:00:00+00:00,0.3048633
2022-11-13 09:15:00+00:00,0.3048633
2022-11-13 09:30:00+00:00,0.3048633
2022-11-13 09:45:00+00:00,0.3048633
2022-11-13 10:00:00+00:00,0.3048633
2022-11-13 10:15:00+00:00,0.3048633
2022-11-13 10:30:00+00:00,0.3048633
2022-11-13 10:45:00+00:00,0.3048633
2022-11-13 11:00:00+00:00,0.330689
2022-11-13 11:15:00+00:00,0.35687998
2022-11-13 11:30:00+00:00,0.3779059616
2022-11-13 11:45:00+00:00,0.4123804232
2022-11-13 12:00:00+00:00,0.4489217056
2022-11-13 12:15:00+00:00,0.469911941
2022-11-13 12:30:00+00:00,0.49960370880000005
2022-11-13 12:45:00+00:00,0.532257674
2022-11-13 13:00:00+00:00,0.5590705705
2022-11-13 13:15:00+00:00,0.5591849
2022-11-13 13:30:00+00:00,0.5591849
2022-11-13 13:45:00+00:00,0.5591849
2022-11-13 14:00:00+00:00,0.5591849
2022-11-13 14:15:00+00:00,0.5591849
2022-11-13 14:30:00+00:00,0.5591849
2022-11-13 14:45:00+00:00,0.5591849
2022-11-13 15:00:00+00:00,0.5591849
2022-11-13 15:15:00+00:00,0.5591849
2022-11-13 15:30:00+00:00,0.5591849
2022-11-13 15:45:00+00:00,0.5591849
2022-11-13 16:00:00+00:00,0.5591849
2022-11-13 16:15:00+00:00,0.5591849
2022-11-13 16:30:00+00:00,0.5591849
2022-11-13 16:45:00+00:00,0.5591849
2022-11-13 17:00:00+00:00,0.5591849
2022-11-13 17:15:00+00:00,0.5591849
2022-11-13 17:30:00+00:00,0.5591849
2022-11-13 17:45:00+00:00,0.5591849
2022-11-13 18:00:00+00:00,0.5591849
2022-11-13 18:15:00+00:00,0.5591849
2022-11-13 18:30:00+00:00,0.5591849
2022-11-13 18:45:00+00:00,0.5591849
2022-11-13 19:00:00+00:00,0.5591849
2022-11-13 19:15:00+00:00,0.5591849
2022-11-13 19:30:00+00:00,0.5591849
2022-11-13 19:45:00+00:00,0.5591849
2022-11-13 20:00:00+00:00,0.5591849
2022-11-13 20:15:00+00:00,0.5591849
2022-11-13 20:30:00+00:00,0.5591849
2022-11-13 20:45:00+00:00,0.5591849
2022-11-13 21:00:00+00:00,0.5591849
2022-11-13 21:15:00+00:00,0.5591849
2022-11-13 21:30:00+00:00,0.5591849
2022-11-13 21:45:00+00:00,0.5591849
2022-11-13 22:00:00+00:00,0.5591849
2022-11-13 22:15:00+00:00,0.5591849
2022-11-13 22:30:00+00:00,0.5591849
2022-11-13 22:45:00+00:00,0.5591849
2022-11-13 23:00:00+00:00,0.5591849
2022-11-13 23:15:00+00:00,0.5591849
2022-11-13 23:30:00+00:00,0.5591849
2022-11-13 23:45:00+00:00,0.5591849
2022-11-14 00:00:00+00:00,0.5591849
2022-11-14 00:15:00+00:00,0.5591849
2022-11-14 00:30:00+00:00,0.5591849
2022-11-14 00:45:00+00:00,0.5591849
2022-11-14 01:00:00+00:00,0.5591849
2022-11-14 01:15:00+00:00,0.5591849
2022-11-14 01:30:00+00:00,0.5591849
2022-11-14 01:45:00+00:00,0.5591849
2022-11-14 02:00:00+00:00,0.5591849
2022-11-14 02:15:00+00:00,0.5591849
2022-11-14 02:30:00+00:00,0.5591849
2022-11-14 02:45:00+00:00,0.5591849
2022-11-14 03:00:00+00:00,0.5591849
2022-11-14 03:15:00+00:00,0.5591849
2022-11-14 03:30:00+00:00,0.5591849
2022-11-14 03:45:00+00:00,0.5591849
2022-11-14 04:00:00+00:00,0.5591849
2022-11-14 04:15:00+00:00,0.5591849
2022-11-14 04:30:00+00:00,0.5591849
2022-11-14 04:45:00+00:00,0.5591849
2022-11-14 05:00:00+00:00,0.5591849
2022-11-14 05:15:00+00:00,0.5591849
2022-11-14 05:30:00+00:00,0.5591849
2022-11-14 05:45:00+00:00,0.5591849
2022-11-14 06:00:00+00:00,0.5591849
2022-11-14 06:15:00+00:00,0.5591849
2022-11-14 06:30:00+00:00,0.5591849
2022-11-14 06:45:00+00:00,0.5591849
2022-11-14 07:00:00+00:00,0.5591849
2022-11-14 07:15:00+00:00,0.5591849
2022-11-14 07:30:00+00:00,0.5591849
2022-11-14 07:45:00+00:00,0.5591849
2022-11-14 08:00:00+00:00,0.5591849
2022-11-14 08:15:00+00:00,0.5591849
2022-11-14 08:30:00+00:00,0.5591849
2022-11-14 08:45:00+00:00,0.5591849
2022-11-14 09:00:00+00:00,0.5591849
2022-11-14 09:15:00+00:00,0.5591849
2022-11-14 09:30:00+00:00,0.5591849
2022-11-14 09:45:00+00:00,0.5591849
2022-11-14 10:00:00+00:00,0.5591849
2022-11-14 10:15:00+00:00,0.5591849
2022-11-14 10:30:00+00:00,0.5591849
2022-11-14 10:45:00+00:00,0.5591849
2022-11-14 11:00:00+00:00,0.5591849
2022-11-14 11:15:00+00:00,0.5591849
2022-11-14 11:30:00+00:00,0.5591849
2022-11-14 11:45:00+00:00,0.5591849
2022-11-14 12:00:00+00:00,0.5591849
2022-11-14 12:15:00+00:00,0.5591849
2022-11-14 12:30:00+00:00,0.5591849
2022-11-14 12:45:00+00:00,0.5591849
2022-11-14 13:00:00+00:00,0.5591851
2022-11-14 13:15:00+00:00,0.5591851
2022-11-14 13:30:00+00:00,0.5591851
2022-11-14 13:45:00+00:00,0.5591851
2022-11-14 14:00:00+00:00,0.5591851
2022-11-14 14:15:00+00:00,0.5591851
2022-11-14 14:30:00+00:00,0.5591851
2022-11-14 14:45:00+00:00,0.5591851
2022-11-14 15:00:00+00:00,0.5591851
2022-11-14 15:15:00+00:00,0.5591851
2022-11-14 15:30:00+00:00,0.5591851
2022-11-14 15:45:00+00:00,0.5591851
2022-11-14 16:00:00+00:00,0.5591851
2022-11-14 16:15:00+00:00,0.5591851
2022-11-14 16:30:00+00:00,0.5591851
2022-11-14 16:45:00+00:00,0.5591851
2022-11-14 17:00:00+00:00,0.5591851
2022-11-14 17:15:00+00:00,0.5591851
2022-11-14 17:30:00+00:00,0.5591851
2022-11-14 17:45:00+00:00,0.5591851
2022-11-14 18:00:00+00:00,0.5591851
2022-11-14 18:15:00+00:00,0.5591851
2022-11-14 18:30:00+00:00,0.5591851
2022-11-14 18:45:00+00:00,0.5591851
2022-11-14 19:00:00+00:00,0.5591851
2022-11-14 19:15:00+00:00,0.5591851
2022-11-14 19:30:00+00:00,0.5591851
2022-11-14 19:45:00+00:00,0.5591851
2022-11-14 20:00:00+00:00,0.5591851
2022-11-14 20:15:00+00:00,0.5591851
2022-11-14 20:30:00+00:00,0.5591851
2022-11-14 20:45:00+00:00,0.5591851
2022-11-14 21:00:00+00:00,0.5591851
2022-11-14 21:15:00+00:00,0.5591851
2022-11-14 21:30:00+00:00,0.5591851
2022-11-14 21:45:00+00:00,0.5591851
2022-11-14 22:00:00+00:00,0.5591851
2022-11-14 22:15:00+00:00,0.5591851
2022-11-14 22:30:00+00:00,0.5591851
2022-11-14 22:45:00+00:00,0.5591851
2022-11-14 23:00:00+00:00,0.5591851
2022-11-14 23:15:00+00:00,0.5591851
2022-11-14 23:30:00+00:00,0.5591851
2022-11-14 23:45:00+00:00,0.5591851
2022-11-15 00:00:00+00:00,0.5591851
2022-11-15 00:15:00+00:00,0.5591851
2022-11-15 00:30:00+00:00,0.5591851
2022-11-15 00:45:00+00:00,0.5591851
2022-11-15 01:00:00+00:00,0.5591851
2022-11-15 01:15:00+00:00,0.5591851
2022-11-15 01:30:00+00:00,0.5591851
2022-11-15 01:45:00+00:00,0.5591851
2022-11-15 02:00:00+00:00,0.5591851
2022-11-15 02:15:00+00:00,0.5591851
2022-11-15 02:30:00+00:00,0.5591851
2022-11-15 02:45:00+00:00,0.5591851
2022-11-15 03:00:00+00:00,0.5591851
2022-11-15 03:15:00+00:00,0.5591851
2022-11-15 03:30:00+00:00,0.5591851
2022-11-15 03:45:00+00:00,0.5591851
2022-11-15 04:00:00+00:00,0.5591851
2022-11-15 04:15:00+00:00,0.5591851
2022-11-15 04:30:00+00:00,0.5591851
2022-11-15 04:45:00+00:00,0.5591851
2022-11-15 05:00:00+00:00,0.5591851
2022-11-15 05:15:00+00:00,0.5591851
2022-11-15 05:30:00+00:00,0.5591851
2022-11-15 05:45:00+00:00,0.5591851
2022-11-15 06:00:00+00:00,0.5591851
2022-11-15 06:15:00+00:00,0.5591851
2022-11-15 06:30:00+00:00,0.5591851
2022-11-15 06:45:00+00:00,0.5591851
2022-11-15 07:00:00+00:00,0.5591851
2022-11-15 07:15:00+00:00,0.5591851
2022-11-15 07:30:00+00:00,0.5591851
2022-11-15 07:45:00+00:00,0.5591851
2022-11-15 08:00:00+00:00,0.5591851
2022-11-15 08:15:00+00:00,0.5591851
2022-11-15 08:30:00+00:00,0.5591851
2022-11-15 08:45:00+00:00,0.5591851
2022-11-15 09:00:00+00:00,0.5591851
2022-11-15 09:15:00+00:00,0.5591851
2022-11-15 09:30:00+00:00,0.5591851
2022-11-15 09:45:00+00:00,0.5591851
2022-11-15 10:00:00+00:00,0.5591851
2022-11-15 10:15:00+00:00,0.5591851
2022-11-15 10:30:00+00:00,0.5591851
2022-11-15 10:45:00+00:00,0.5591851
2022-11-15 11:00:00+00:00,0.5591851
2022-11-15 11:15:00+00:00,0.5591851
2022-11-15 11:30:00+00:00,0.5591851
2022-11-15 11:45:00+00:00,0.5591851
2022-11-15 12:00:00+00:00,0.5591851
2022-11-15 12:15:00+00:00,0.5591851
2022-11-15 12:30:00+00:00,0.5591851
2022-11-15 12:45:00+00:00,0.5591851
2022-11-15 13:00:00+00:00,0.5591851
2022-11-15 13:15:00+00:00,0.5591851
2022-11-15 13:30:00+00:00,0.5591851
2022-11-15 13:45:00+00:00,0.5591851
2022-11-15 14:00:00+00:00,0.5591851
2022-11-15 14:15:00+00:00,0.5591851
2022-11-15 14:30:00+00:00,0.5591851
2022-11-15 14:45:00+00:00,0.5591851
2022-11-15 15:00:00+00:00,0.5591851
2022-11-15 15:15:00+00:00,0.5591851
2022-11-15 15:30:00+00:00,0.5591851
2022-11-15 15:45:00+00:00,0.5591851
2022-11-15 16:00:00+00:00,0.5591851
2022-11-15 16:15:00+00:00,0.5591851
2022-11-15 16:30:00+00:00,0.5591851
2022-11-15 16:45:00+00:00,0.5591851
2022-11-15 17:00:00+00:00,0.5591851
2022-11-15 17:15:00+00:00,0.5591851
2022-11-15 17:30:00+00:00,0.5591851
2022-11-15 17:45:00+00:00,0.5591851
2022-11-15 18:00:00+00:00,0.5591851
2022-11-15 18:15:00+00:00,0.5591851
2022-11-15 18:30:00+00:00,0.5591851
2022-11-15 18:45:00+00:00,0.5591851
2022-11-15 19:00:00+00:00,0.5591851
2022-11-15 19:15:00+00:00,0.5591851
2022-11-15 19:30:00+00:00,0.5591851
2022-11-15 19:45:00+00:00,0.5591851
2022-11-15 20:00:00+00:00,0.5591851
2022-11-15 20:15:00+00:00,0.5591851
2022-11-15 20:30:00+00:00,0.5591851
2022-11-15 20:45:00+00:00,0.5591851
2022-11-15 21:00:00+00:00,0.5591851
2022-11-15 21:15:00+00:00,0.5591851
2022-11-15 21:30:00+00:00,0.5591851
2022-11-15 21:45:00+00:00,0.5591851
2022-11-15 22:00:00+00:00,0.5591851
2022-11-15 22:15:00+00:00,0.5591851
2022-11-15 22:30:00+00:00,0.5591851
2022-11-15 22:45:00+00:00,0.5591851
2022-11-15 23:00:00+00:00,0.5591851
2022-11-15 23:15:00+00:00,0.5591851
2022-11-15 23:30:00+00:00,0.5591851
2022-11-15 23:45:00+00:00,0.5591851
2022-11-16 00:00:00+00:00,0.5591851
2022-11-16 00:15:00+00:00,0.5591851
2022-11-16 00:30:00+00:00,0.5591851
2022-11-16 00:45:00+00:00,0.5591851
2022-11-16 01:00:00+00:00,0.5591851
2022-11-16 01:15:00+00:00,0.5591851
2022-11-16 01:30:00+00:00,0.5591851
2022-11-16 01:45:00+00:00,0.5591851
2022-11-16 02:00:00+00:00,0.5591851
2022-11-16 02:15:00+00:00,0.5591851
2022-11-16 02:30:00+00:00,0.5591851
2022-11-16 02:45:00+00:00,0.5591851
2022-11-16 03:00:00+00:00,0.5591851
2022-11-16 03:15:00+00:00,0.5591851
2022-11-16 03:30:00+00:00,0.5591851
2022-11-16 03:45:00+00:00,0.5591851
2022-11-16 04:00:00+00:00,0.5591851
2022-11-16 04:15:00+00:00,0.5591851
2022-11-16 04:30:00+00:00,0.5591851
2022-11-16 04:45:00+00:00,0.5591851
2022-11-16 05:00:00+00:00,0.5591851
2022-11-16 05:15:00+00:00,0.5591851
2022-11-16 05:30:00+00:00,0.5591851
2022-11-16 05:45:00+00:00,0.5591851
2022-11-16 06:00:00+00:00,0.5591851
2022-11-16 06:15:00+00:00,0.5591851
2022-11-16 06:30:00+00:00,0.5591851
2022-11-16 06:45:00+00:00,0.5591851
2022-11-16 07:00:00+00:00,0.5591851
2022-11-16 07:15:00+00:00,0.5591851
2022-11-16 07:30:00+00:00,0.5591851
2022-11-16 07:45:00+00:00,0.5591851
2022-11-16 08:00:00+00:00,0.5591851
2022-11-16 08:15:00+00:00,0.5591851
2022-11-16 08:30:00+00:00,0.5591851
2022-11-16 08:45:00+00:00,0.5591851
2022-11-16 09:00:00+00:00,0.5591851
2022-11-16 09:15:00+00:00,0.5591851
2022-11-16 09:30:00+00:00,0.5591851
2022-11-16 09:45:00+00:00,0.5591851
2022-11-16 10:00:00+00:00,0.5591851
2022-11-16 10:15:00+00:00,0.5591851
2022-11-16 10:30:00+00:00,0.5591851
2022-11-16 10:45:00+00:00,0.5591851
2022-11-16 11:00:00+00:00,0.5591851
2022-11-16 11:15:00+00:00,0.5591851
2022-11-16 11:30:00+00:00,0.5591851
2022-11-16 11:45:00+00:00,0.5611762
2022-11-16 12:00:00+00:00,0.5847741292
2022-11-16 12:15:00+00:00,0.5941702
2022-11-16 12:30:00+00:00,0.5941864
2022-11-16 12:45:00+00:00,0.5942129
2022-11-16 13:00:00+00:00,0.5963424891
2022-11-16 13:15:00+00:00,0.596624
2022-11-16 13:30:00+00:00,0.596624
2022-11-16 13:45:00+00:00,0.596624
2022-11-16 14:00:00+00:00,0.596624
2022-11-16 14:15:00+00:00,0.596624
2022-11-16 14:30:00+00:00,0.596624
2022-11-16 14:45:00+00:00,0.596624
2022-11-16 15:00:00+00:00,0.596624
2022-11-16 15:15:00+00:00,0.596624
2022-11-16 15:30:00+00:00,0.596624
2022-11-16 15:45:00+00:00,0.596624
2022-11-16 16:00:00+00:00,0.596624
2022-11-16 16:15:00+00:00,0.596624
2022-11-16 16:30:00+00:00,0.596624
2022-11-16 16:45:00+00:00,0.596624
2022-11-16 17:00:00+00:00,0.596624
2022-11-16 17:15:00+00:00,0.596624
2022-11-16 17:30:00+00:00,0.596624
2022-11-16 17:45:00+00:00,0.596624
2022-11-16 18:00:00+00:00,0.596624
2022-11-16 18:15:00+00:00,0.596624
2022-11-16 18:30:00+00:00,0.596624
2022-11-16 18:45:00+00:00,0.596624
2022-11-16 19:00:00+00:00,0.596624
2022-11-16 19:15:00+00:00,0.596624
2022-11-16 19:30:00+00:00,0.596624
2022-11-16 19:45:00+00:00,0.596624
2022-11-16 20:00:00+00:00,0.596624
2022-11-16 20:15:00+00:00,0.596624
2022-11-16 20:30:00+00:00,0.596624
2022-11-16 20:45:00+00:00,0.596624
2022-11-16 21:00:00+00:00,0.596624
2022-11-16 21:15:00+00:00,0.596624
2022-11-16 21:30:00+00:00,0.596624
2022-11-16 21:45:00+00:00,0.596624
2022-11-16 22:00:00+00:00,0.596624
2022-11-16 22:15:00+00:00,0.596624
2022-11-16 22:30:00+00:00,0.596624
2022-11-16 22:45:00+00:00,0.596624
2022-11-16 23:00:00+00:00,0.596624
2022-11-16 23:15:00+00:00,0.596624
2022-11-16 23:30:00+00:00,0.596624
2022-11-16 23:45:00+00:00,0.596624
2022-11-17 00:00:00+00:00,0.596624
2022-11-17 00:15:00+00:00,0.596624
2022-11-17 00:30:00+00:00,0.596624
2022-11-17 00:45:00+00:00,0.596624
2022-11-17 01:00:00+00:00,0.596624
2022-11-17 01:15:00+00:00,0.596624
2022-11-17 01:30:00+00:00,0.596624
2022-11-17 01:45:00+00:00,0.596624
2022-11-17 02:00:00+00:00,0.596624
2022-11-17 02:15:00+00:00,0.596624
2022-11-17 02:30:00+00:00,0.596624
2022-11-17 02:45:00+00:00,0.596624
2022-11-17 03:00:00+00:00,0.596624
2022-11-17 03:15:00+00:00,0.596624
2022-11-17 03:30:00+00:00,0.596624
2022-11-17 03:45:00+00:00,0.596624
2022-11-17 04:00:00+00:00,0.596624
2022-11-17 04:15:00+00:00,0.596624
2022-11-17 04:30:00+00:00,0.596624
2022-11-17 04:45:00+00:00,0.596624
2022-11-17 05:00:00+00:00,0.596624
2022-11-17 05:15:00+00:00,0.596624
2022-11-17 05:30:00+00:00,0.596624
2022-11-17 05:45:00+00:00,0.596624
2022-11-17 06:00:00+00:00,0.596624
2022-11-17 06:15:00+00:00,0.596624
2022-11-17 06:30:00+00:00,0.596624
2022-11-17 06:45:00+00:00,0.596624
2022-11-17 07:00:00+00:00,0.596624
2022-11-17 07:15:00+00:00,0.596624
2022-11-17 07:30:00+00:00,0.596624
2022-11-17 07:45:00+00:00,0.596624
2022-11-17 08:00:00+00:00,0.596624
2022-11-17 08:15:00+00:00,0.596624
2022-11-17 08:30:00+00:00,0.596624
2022-11-17 08:45:00+00:00,0.596624
2022-11-17 09:00:00+00:00,0.596624
2022-11-17 09:15:00+00:00,0.596624
2022-11-17 09:30:00+00:00,0.596624
2022-11-17 09:45:00+00:00,0.596624
2022-11-17 10:00:00+00:00,0.596624
2022-11-17 10:15:00+00:00,0.596624
2022-11-17 10:30:00+00:00,0.596624
2022-11-17 10:45:00+00:00,0.596624
2022-11-17 11:00:00+00:00,0.596624
2022-11-17 11:15:00+00:00,0.596624
2022-11-17 11:30:00+00:00,0.596624
2022-11-17 11:45:00+00:00,0.596624
2022-11-17 12:00:00+00:00,0.596624
2022-11-17 12:15:00+00:00,0.596624
2022-11-17 12:30:00+00:00,0.596624
2022-11-17 12:45:00+00:00,0.596624
2022-11-17 13:00:00+00:00,0.596624
2022-11-17 13:15:00+00:00,0.596624
2022-11-17 13:30:00+00:00,0.596624
2022-11-17 13:45:00+00:00,0.596624
2022-11-17 14:00:00+00:00,0.596624
2022-11-17 14:15:00+00:00,0.596624
2022-11-17 14:30:00+00:00,0.596624
2022-11-17 14:45:00+00:00,0.596624
2022-11-17 15:00:00+00:00,0.596624
2022-11-17 15:15:00+00:00,0.596624
2022-11-17 15:30:00+00:00,0.596624
2022-11-17 15:45:00+00:00,0.596624
2022-11-17 16:00:00+00:00,0.596624
2022-11-17 16:15:00+00:00,0.596624
2022-11-17 16:30:00+00:00,0.596624
2022-11-17 16:45:00+00:00,0.596624
2022-11-17 17:00:00+00:00,0.596624
2022-11-17 17:15:00+00:00,0.596624
2022-11-17 17:30:00+00:00,0.596624
2022-11-17 17:45:00+00:00,0.596624
2022-11-17 18:00:00+00:00,0.596624
2022-11-17 18:15:00+00:00,0.596624
2022-11-17 18:30:00+00:00,0.596624
2022-11-17 18:45:00+00:00,0.596624
2022-11-17 19:00:00+00:00,0.596624
2022-11-17 19:15:00+00:00,0.596624
2022-11-17 19:30:00+00:00,0.596624
2022-11-17 19:45:00+00:00,0.596624
2022-11-17 20:00:00+00:00,0.596624
2022-11-17 20:15:00+00:00,0.596624
2022-11-17 20:30:00+00:00,0.596624
2022-11-17 20:45:00+00:00,0.596624
2022-11-17 21:00:00+00:00,0.596624
2022-11-17 21:15:00+00:00,0.596624
2022-11-17 21:30:00+00:00,0.596624
2022-11-17 21:45:00+00:00,0.596624
2022-11-17 22:00:00+00:00,0.596624
2022-11-17 22:15:00+00:00,0.596624
2022-11-17 22:30:00+00:00,0.596624
2022-11-17 22:45:00+00:00,0.596624
2022-11-17 23:00:00+00:00,0.596624
2022-11-17 23:15:00+00:00,0.596624
2022-11-17 23:30:00+00:00,0.596624
2022-11-17 23:45:00+00:00,0.596624
2022-11-18 00:00:00+00:00,0.596624
2022-11-18 00:15:00+00:00,0.596624
2022-11-18 00:30:00+00:00,0.596624
2022-11-18 00:45:00+00:00,0.596624
2022-11-18 01:00:00+00:00,0.596624
2022-11-18 01:15:00+00:00,0.596624
2022-11-18 01:30:00+00:00,0.596624
2022-11-18 01:45:00+00:00,0.596624
2022-11-18 02:00:00+00:00,0.596624
2022-11-18 02:15:00+00:00,0.596624
2022-11-18 02:30:00+00:00,0.596624
2022-11-18 02:45:00+00:00,0.596624
2022-11-18 03:00:00+00:00,0.596624
2022-11-18 03:15:00+00:00,0.596624
2022-11-18 03:30:00+00:00,0.596624
2022-11-18 03:45:00+00:00,0.596624
2022-11-18 04:00:00+00:00,0.596624
2022-11-18 04:15:00+00:00,0.596624
2022-11-18 04:30:00+00:00,0.596624
2022-11-18 04:45:00+00:00,0.596624
2022-11-18 05:00:00+00:00,0.596624
2022-11-18 05:15:00+00:00,0.596624
2022-11-18 05:30:00+00:00,0.596624
2022-11-18 05:45:00+00:00,0.596624
2022-11-18 06:00:00+00:00,0.596624
2022-11-18 06:15:00+00:00,0.596624
2022-11-18 06:30:00+00:00,0.596624
2022-11-18 06:45:00+00:00,0.596624
2022-11-18 07:00:00+00:00,0.596624
2022-11-18 07:15:00+00:00,0.596624
2022-11-18 07:30:00+00:00,0.596624
2022-11-18 07:45:00+00:00,0.596624
2022-11-18 08:00:00+00:00,0.596624
2022-11-18 08:15:00+00:00,0.596624
2022-11-18 08:30:00+00:00,0.596624
2022-11-18 08:45:00+00:00,0.596624
2022-11-18 09:00:00+00:00,0.596624
2022-11-18 09:15:00+00:00,0.596624
2022-11-18 09:30:00+00:00,0.596624
2022-11-18 09:45:00+00:00,0.596624
2022-11-18 10:00:00+00:00,0.596624
2022-11-18 10:15:00+00:00,0.596624
2022-11-18 10:30:00+00:00,0.596624
2022-11-18 10:45:00+00:00,0.596624
2022-11-18 11:00:00+00:00,0.596624
2022-11-18 11:15:00+00:00,0.596624
2022-11-18 11:30:00+00:00,0.596624
2022-11-18 11:45:00+00:00,0.596624
2022-11-18 12:00:00+00:00,0.596624
2022-11-18 12:15:00+00:00,0.596624
2022-11-18 12:30:00+00:00,0.596624
2022-11-18 12:45:00+00:00,0.596624
2022-11-18 13:00:00+00:00,0.596624
2022-11-18 13:15:00+00:00,0.596624
2022-11-18 13:30:00+00:00,0.596624
2022-11-18 13:45:00+00:00,0.596624
2022-11-18 14:00:00+00:00,0.596624
2022-11-18 14:15:00+00:00,0.596624
2022-11-18 14:30:00+00:00,0.596624
2022-11-18 14:45:00+00:00,0.596624
2022-11-18 15:00:00+00:00,0.596624
2022-11-18 15:15:00+00:00,0.596624
2022-11-18 15:30:00+00:00,0.596624
2022-11-18 15:45:00+00:00,0.596624
2022-11-18 16:00:00+00:00,0.596624
2022-11-18 16:15:00+00:00,0.596624
2022-11-18 16:30:00+00:00,0.596624
2022-11-18 16:45:00+00:00,0.596624
2022-11-18 17:00:00+00:00,0.596624
2022-11-18 17:15:00+00:00,0.596624
2022-11-18 17:30:00+00:00,0.596624
2022-11-18 17:45:00+00:00,0.596624
2022-11-18 18:00:00+00:00,0.596624
2022-11-18 18:15:00+00:00,0.596624
2022-11-18 18:30:00+00:00,0.596624
2022-11-18 18:45:00+00:00,0.596624
2022-11-18 19:00:00+00:00,0.596624
2022-11-18 19:15:00+00:00,0.596624
2022-11-18 19:30:00+00:00,0.596624
2022-11-18 19:45:00+00:00,0.596624
2022-11-18 20:00:00+00:00,0.596624
2022-11-18 20:15:00+00:00,0.596624
2022-11-18 20:30:00+00:00,0.596624
2022-11-18 20:45:00+00:00,0.596624
2022-11-18 21:00:00+00:00,0.596624
2022-11-18 21:15:00+00:00,0.596624
2022-11-18 21:30:00+00:00,0.596624
2022-11-18 21:45:00+00:00,0.596624
2022-11-18 22:00:00+00:00,0.596624
2022-11-18 22:15:00+00:00,0.596624
2022-11-18 22:30:00+00:00,0.596624
2022-11-18 22:45:00+00:00,0.596624
2022-11-18 23:00:00+00:00,0.596624
2022-11-18 23:15:00+00:00,0.596624
2022-11-18 23:30:00+00:00,0.596624
2022-11-18 23:45:00+00:00,0.596624
2022-11-19 00:00:00+00:00,0.596624
2022-11-19 00:15:00+00:00,0.596624
2022-11-19 00:30:00+00:00,0.596624
2022-11-19 00:45:00+00:00,0.596624
2022-11-19 01:00:00+00:00,0.596624
2022-11-19 01:15:00+00:00,0.596624
2022-11-19 01:30:00+00:00,0.596624
2022-11-19 01:45:00+00:00,0.596624
2022-11-19 02:00:00+00:00,0.596624
2022-11-19 02:15:00+00:00,0.596624
2022-11-19 02:30:00+00:00,0.596624
2022-11-19 02:45:00+00:00,0.596624
2022-11-19 03:00:00+00:00,0.596624
2022-11-19 03:15:00+00:00,0.596624
2022-11-19 03:30:00+00:00,0.596624
2022-11-19 03:45:00+00:00,0.596624
2022-11-19 04:00:00+00:00,0.596624
2022-11-19 04:15:00+00:00,0.596624
2022-11-19 04:30:00+00:00,0.596624
2022-11-19 04:45:00+00:00,0.596624
2022-11-19 05:00:00+00:00,0.596624
2022-11-19 05:15:00+00:00,0.596624
2022-11-19 05:30:00+00:00,0.596624
2022-11-19 05:45:00+00:00,0.596624
2022-11-19 06:00:00+00:00,0.596624
2022-11-19 06:15:00+00:00,0.596624
2022-11-19 06:30:00+00:00,0.596624
2022-11-19 06:45:00+00:00,0.596624
2022-11-19 07:00:00+00:00,0.596624
2022-11-19 07:15:00+00:00,0.596624
2022-11-19 07:30:00+00:00,0.596624
2022-11-19 07:45:00+00:00,0.596624
2022-11-19 08:00:00+00:00,0.596624
2022-11-19 08:15:00+00:00,0.596624
2022-11-19 08:30:00+00:00,0.596624
2022-11-19 08:45:00+00:00,0.596624
2022-11-19 09:00:00+00:00,0.596624
2022-11-19 09:15:00+00:00,0.596624
2022-11-19 09:30:00+00:00,0.596624
2022-11-19 09:45:00+00:00,0.596624
2022-11-19 10:00:00+00:00,0.596624
2022-11-19 10:15:00+00:00,0.596624
2022-11-19 10:30:00+00:00,0.596624
2022-11-19 10:45:00+00:00,0.596624
2022-11-19 11:00:00+00:00,0.596624
2022-11-19 11:15:00+00:00,0.596624
2022-11-19 11:30:00+00:00,0.596624
2022-11-19 11:45:00+00:00,0.596624
2022-11-19 12:00:00+00:00,0.596624
2022-11-19 12:15:00+00:00,0.596624
2022-11-19 12:30:00+00:00,0.596624
2022-11-19 12:45:00+00:00,0.596624
2022-11-19 13:00:00+00:00,0.596624
2022-11-19 13:15:00+00:00,0.596624
2022-11-19 13:30:00+00:00,0.596624
2022-11-19 13:45:00+00:00,0.596624
2022-11-19 14:00:00+00:00,0.596624
2022-11-19 14:15:00+00:00,0.596624
2022-11-19 14:30:00+00:00,0.596624
2022-11-19 14:45:00+00:00,0.596624
2022-11-19 15:00:00+00:00,0.596624
2022-11-19 15:15:00+00:00,0.596624
2022-11-19 15:30:00+00:00,0.596624
2022-11-19 15:45:00+00:00,0.596624
2022-11-19 16:00:00+00:00,0.596624
2022-11-19 16:15:00+00:00,0.596624
2022-11-19 16:30:00+00:00,0.596624
2022-11-19 16:45:00+00:00,0.596624
2022-11-19 17:00:00+00:00,0.596624
2022-11-19 17:15:00+00:00,0.596624
2022-11-19 17:30:00+00:00,0.596624
2022-11-19 17:45:00+00:00,0.596624
2022-11-19 18:00:00+00:00,0.596624
2022-11-19 18:15:00+00:00,0.596624
2022-11-19 18:30:00+00:00,0.596624
2022-11-19 18:45:00+00:00,0.596624
2022-11-19 19:00:00+00:00,0.596624
2022-11-19 19:15:00+00:00,0.596624
2022-11-19 19:30:00+00:00,0.596624
2022-11-19 19:45:00+00:00,0.596624
2022-11-19 20:00:00+00:00,0.596624
2022-11-19 20:15:00+00:00,0.596624
2022-11-19 20:30:00+00:00,0.596624
2022-11-19 20:45:00+00:00,0.596624
2022-11-19 21:00:00+00:00,0.596624
2022-11-19 21:15:00+00:00,0.596624
2022-11-19 21:30:00+00:00,0.596624
2022-11-19 21:45:00+00:00,0.596624
2022-11-19 22:00:00+00:00,0.596624
2022-11-19 22:15:00+00:00,0.596624
2022-11-19 22:30:00+00:00,0.596624
2022-11-19 22:45:00+00:00,0.596624
2022-11-19 23:00:00+00:00,0.596624
2022-11-19 23:15:00+00:00,0.596624
2022-11-19 23:30:00+00:00,0.596624
2022-11-19 23:45:00+00:00,0.596624
2022-11-20 00:00:00+00:00,0.596624
2022-11-20 00:15:00+00:00,0.596624
2022-11-20 00:30:00+00:00,0.596624
2022-11-20 00:45:00+00:00,0.596624
2022-11-20 01:00:00+00:00,0.596624
2022-11-20 01:15:00+00:00,0.596624
2022-11-20 01:30:00+00:00,0.596624
2022-11-20 01:45:00+00:00,0.596624
2022-11-20 02:00:00+00:00,0.596624
2022-11-20 02:15:00+00:00,0.596624
2022-11-20 02:30:00+00:00,0.596624
2022-11-20 02:45:00+00:00,0.596624
2022-11-20 03:00:00+00:00,0.596624
2022-11-20 03:15:00+00:00,0.596624
2022-11-20 03:30:00+00:00,0.596624
2022-11-20 03:45:00+00:00,0.596624
2022-11-20 04:00:00+00:00,0.596624
2022-11-20 04:15:00+00:00,0.596624
2022-11-20 04:30:00+00:00,0.596624
2022-11-20 04:45:00+00:00,0.596624
2022-11-20 05:00:00+00:00,0.596624
2022-11-20 05:15:00+00:00,0.596624
2022-11-20 05:30:00+00:00,0.596624
2022-11-20 05:45:00+00:00,0.596624
2022-11-20 06:00:00+00:00,0.596624
2022-11-20 06:15:00+00:00,0.596624
2022-11-20 06:30:00+00:00,0.596624
2022-11-20 06:45:00+00:00,0.596624
2022-11-20 07:00:00+00:00,0.596624
2022-11-20 07:15:00+00:00,0.596624
2022-11-20 07:30:00+00:00,0.596624
2022-11-20 07:45:00+00:00,0.596624
2022-11-20 08:00:00+00:00,0.596624
2022-11-20 08:15:00+00:00,0.596624
2022-11-20 08:30:00+00:00,0.596624
2022-11-20 08:45:00+00:00,0.596624
2022-11-20 09:00:00+00:00,0.596624
2022-11-20 09:15:00+00:00,0.596624
2022-11-20 09:30:00+00:00,0.596624
2022-11-20 09:45:00+00:00,0.596624
2022-11-20 10:00:00+00:00,0.596624
2022-11-20 10:15:00+00:00,0.596624
2022-11-20 10:30:00+00:00,0.596624
2022-11-20 10:45:00+00:00,0.5967136000000001
2022-11-20 11:00:00+00:00,0.5967136000000001
2022-11-20 11:15:00+00:00,0.5967136000000001
2022-11-20 11:30:00+00:00,0.5967136000000001
2022-11-20 11:45:00+00:00,0.5967136000000001
2022-11-20 12:00:00+00:00,0.5967136000000001
2022-11-20 12:15:00+00:00,0.5983045
2022-11-20 12:30:00+00:00,0.5983045
2022-11-20 12:45:00+00:00,0.6014242000000001
2022-11-20 13:00:00+00:00,0.6050863000000001
2022-11-20 13:15:00+00:00,0.6051211
2022-11-20 13:30:00+00:00,0.6051211
2022-11-20 13:45:00+00:00,0.6051211
2022-11-20 14:00:00+00:00,0.6051211
2022-11-20 14:15:00+00:00,0.6051211
2022-11-20 14:30:00+00:00,0.6051211
2022-11-20 14:45:00+00:00,0.6051211
2022-11-20 15:00:00+00:00,0.6051211
2022-11-20 15:15:00+00:00,0.6051211
2022-11-20 15:30:00+00:00,0.6051211
2022-11-20 15:45:00+00:00,0.6051211
2022-11-20 16:00:00+00:00,0.6051211
2022-11-20 16:15:00+00:00,0.6051211
2022-11-20 16:30:00+00:00,0.6051211
2022-11-20 16:45:00+00:00,0.6051211
2022-11-20 17:00:00+00:00,0.6051211
2022-11-20 17:15:00+00:00,0.6051211
2022-11-20 17:30:00+00:00,0.6051211
2022-11-20 17:45:00+00:00,0.6051211
2022-11-20 18:00:00+00:00,0.6051211
2022-11-20 18:15:00+00:00,0.6051211
2022-11-20 18:30:00+00:00,0.6051211
2022-11-20 18:45:00+00:00,0.6051211
2022-11-20 19:00:00+00:00,0.6051211
2022-11-20 19:15:00+00:00,0.6051211
2022-11-20 19:30:00+00:00,0.6051211
2022-11-20 19:45:00+00:00,0.6051211
2022-11-20 20:00:00+00:00,0.6051211
2022-11-20 20:15:00+00:00,0.6051211
2022-11-20 20:30:00+00:00,0.6051211
2022-11-20 20:45:00+00:00,0.6051211
2022-11-20 21:00:00+00:00,0.6051211
2022-11-20 21:15:00+00:00,0.6051211
2022-11-20 21:30:00+00:00,0.6051211
2022-11-20 21:45:00+00:00,0.6051211
2022-11-20 22:00:00+00:00,0.6051211
2022-11-20 22:15:00+00:00,0.6051211
2022-11-20 22:30:00+00:00,0.6051211
2022-11-20 22:45:00+00:00,0.6051211
2022-11-20 23:00:00+00:00,0.6051211
2022-11-20 23:15:00+00:00,0.6051211
2022-11-20 23:30:00+00:00,0.6051211
2022-11-20 23:45:00+00:00,0.6051211
2022-11-21 00:00:00+00:00,0.6051211
2022-11-21 00:15:00+00:00,0.6051211
2022-11-21 00:30:00+00:00,0.6051211
2022-11-21 00:45:00+00:00,0.6051211
2022-11-21 01:00:00+00:00,0.6051211
2022-11-21 01:15:00+00:00,0.6051211
2022-11-21 01:30:00+00:00,0.6051211
2022-11-21 01:45:00+00:00,0.6051211
2022-11-21 02:00:00+00:00,0.6051211
2022-11-21 02:15:00+00:00,0.6051211
2022-11-21 02:30:00+00:00,0.6051211
2022-11-21 02:45:00+00:00,0.6051211
2022-11-21 03:00:00+00:00,0.6051211
2022-11-21 03:15:00+00:00,0.6051211
2022-11-21 03:30:00+00:00,0.6051211
2022-11-21 03:45:00+00:00,0.6051211
2022-11-21 04:00:00+00:00,0.6051211
2022-11-21 04:15:00+00:00,0.6051211
2022-11-21 04:30:00+00:00,0.6051211
2022-11-21 04:45:00+00:00,0.6051211
2022-11-21 05:00:00+00:00,0.6051211
2022-11-21 05:15:00+00:00,0.6051211
2022-11-21 05:30:00+00:00,0.6051211
2022-11-21 05:45:00+00:00,0.6051211
2022-11-21 06:00:00+00:00,0.6051211
2022-11-21 06:15:00+00:00,0.6051211
2022-11-21 06:30:00+00:00,0.6051211
2022-11-21 06:45:00+00:00,0.6051211
2022-11-21 07:00:00+00:00,0.6051211
2022-11-21 07:15:00+00:00,0.6051211
2022-11-21 07:30:00+00:00,0.6051211
2022-11-21 07:45:00+00:00,0.6051211
2022-11-21 08:00:00+00:00,0.6051211
2022-11-21 08:15:00+00:00,0.6051211
2022-11-21 08:30:00+00:00,0.6051211
2022-11-21 08:45:00+00:00,0.6051211
2022-11-21 09:00:00+00:00,0.6051211
2022-11-21 09:15:00+00:00,0.6051211
2022-11-21 09:30:00+00:00,0.6051211
2022-11-21 09:45:00+00:00,0.6051211
2022-11-21 10:00:00+00:00,0.6051211
2022-11-21 10:15:00+00:00,0.6051211
2022-11-21 10:30:00+00:00,0.6051211
2022-11-21 10:45:00+00:00,0.6051211
2022-11-21 11:00:00+00:00,0.6051211
2022-11-21 11:15:00+00:00,0.6105293472000001
2022-11-21 11:30:00+00:00,0.6136801000000001
2022-11-21 11:45:00+00:00,0.6136801000000001
2022-11-21 12:00:00+00:00,0.6136801000000001
2022-11-21 12:15:00+00:00,0.6136801000000001
2022-11-21 12:30:00+00:00,0.6136801000000001
2022-11-21 12:45:00+00:00,0.6136801000000001
2022-11-21 13:00:00+00:00,0.6136801000000001
2022-11-21 13:15:00+00:00,0.6136801000000001
2022-11-21 13:30:00+00:00,0.6136801000000001
2022-11-21 13:45:00+00:00,0.6136801000000001
2022-11-21 14:00:00+00:00,0.6136801000000001
2022-11-21 14:15:00+00:00,0.6136801000000001
2022-11-21 14:30:00+00:00,0.6136801000000001
2022-11-21 14:45:00+00:00,0.6136801000000001
2022-11-21 15:00:00+00:00,0.6136801000000001
2022-11-21 15:15:00+00:00,0.6136801000000001
2022-11-21 15:30:00+00:00,0.6136801000000001
2022-11-21 15:45:00+00:00,0.6136801000000001
2022-11-21 16:00:00+00:00,0.6136801000000001
2022-11-21 16:15:00+00:00,0.6136801000000001
2022-11-21 16:30:00+00:00,0.6136801000000001
2022-11-21 16:45:00+00:00,0.6136801000000001
2022-11-21 17:00:00+00:00,0.6136801000000001
2022-11-21 17:15:00+00:00,0.6136801000000001
2022-11-21 17:30:00+00:00,0.6136801000000001
2022-11-21 17:45:00+00:00,0.6136801000000001
2022-11-21 18:00:00+00:00,0.6136801000000001
2022-11-21 18:15:00+00:00,0.6136801000000001
2022-11-21 18:30:00+00:00,0.6136801000000001
2022-11-21 18:45:00+00:00,0.6136801000000001
2022-11-21 19:00:00+00:00,0.6136801000000001
2022-11-21 19:15:00+00:00,0.6136801000000001
2022-11-21 19:30:00+00:00,0.6136801000000001
2022-11-21 19:45:00+00:00,0.6136801000000001
2022-11-21 20:00:00+00:00,0.6136801000000001
2022-11-21 20:15:00+00:00,0.6136801000000001
2022-11-21 20:30:00+00:00,0.6136801000000001
2022-11-21 20:45:00+00:00,0.6136801000000001
2022-11-21 21:00:00+00:00,0.6136801000000001
2022-11-21 21:15:00+00:00,0.6136801000000001
2022-11-21 21:30:00+00:00,0.6136801000000001
2022-11-21 21:45:00+00:00,0.6136801000000001
2022-11-21 22:00:00+00:00,0.6136801000000001
2022-11-21 22:15:00+00:00,0.6136801000000001
2022-11-21 22:30:00+00:00,0.6136801000000001
2022-11-21 22:45:00+00:00,0.6136801000000001
2022-11-21 23:00:00+00:00,0.6136801000000001
2022-11-21 23:15:00+00:00,0.6136801000000001
2022-11-21 23:30:00+00:00,0.6136801000000001
2022-11-21 23:45:00+00:00,0.6136801000000001
2022-11-22 00:00:00+00:00,0.6136801000000001
2022-11-22 00:15:00+00:00,0.6136801000000001
2022-11-22 00:30:00+00:00,0.6136801000000001
2022-11-22 00:45:00+00:00,0.6136801000000001
2022-11-22 01:00:00+00:00,0.6136801000000001
2022-11-22 01:15:00+00:00,0.6136801000000001
2022-11-22 01:30:00+00:00,0.6136801000000001
2022-11-22 01:45:00+00:00,0.6136801000000001
2022-11-22 02:00:00+00:00,0.6136801000000001
2022-11-22 02:15:00+00:00,0.6136801000000001
2022-11-22 02:30:00+00:00,0.6136801000000001
2022-11-22 02:45:00+00:00,0.6136801000000001
2022-11-22 03:00:00+00:00,0.6136801000000001
2022-11-22 03:15:00+00:00,0.6136801000000001
2022-11-22 03:30:00+00:00,0.6136801000000001
2022-11-22 03:45:00+00:00,0.6136801000000001
2022-11-22 04:00:00+00:00,0.6136801000000001
2022-11-22 04:15:00+00:00,0.6136801000000001
2022-11-22 04:30:00+00:00,0.6136801000000001
2022-11-22 04:45:00+00:00,0.6136801000000001
2022-11-22 05:00:00+00:00,0.6136801000000001
2022-11-22 05:15:00+00:00,0.6136801000000001
2022-11-22 05:30:00+00:00,0.6136801000000001
2022-11-22 05:45:00+00:00,0.6136801000000001
2022-11-22 06:00:00+00:00,0.6136801000000001
2022-11-22 06:15:00+00:00,0.6136801000000001
2022-11-22 06:30:00+00:00,0.6136801000000001
2022-11-22 06:45:00+00:00,0.6136801000000001
2022-11-22 07:00:00+00:00,0.6136801000000001
2022-11-22 07:15:00+00:00,0.6136801000000001
2022-11-22 07:30:00+00:00,0.6136801000000001
2022-11-22 07:45:00+00:00,0.6136801000000001
2022-11-22 08:00:00+00:00,0.6136801000000001
2022-11-22 08:15:00+00:00,0.6136801000000001
2022-11-22 08:30:00+00:00,0.6136801000000001
2022-11-22 08:45:00+00:00,0.6136801000000001
2022-11-22 09:00:00+00:00,0.6136801000000001
2022-11-22 09:15:00+00:00,0.6136801000000001
2022-11-22 09:30:00+00:00,0.6136801000000001
2022-11-22 09:45:00+00:00,0.6136801000000001
2022-11-22 10:00:00+00:00,0.6136801000000001
2022-11-22 10:15:00+00:00,0.6136801000000001
2022-11-22 10:30:00+00:00,0.6136801000000001
2022-11-22 10:45:00+00:00,0.6136801000000001
2022-11-22 11:00:00+00:00,0.6136801000000001
2022-11-22 11:15:00+00:00,0.6136801000000001
2022-11-22 11:30:00+00:00,0.6136801000000001
2022-11-22 11:45:00+00:00,0.6136801000000001
2022-11-22 12:00:00+00:00,0.6136801000000001
2022-11-22 12:15:00+00:00,0.6136801000000001
2022-11-22 12:30:00+00:00,0.6136801000000001
2022-11-22 12:45:00+00:00,0.6136801000000001
2022-11-22 13:00:00+00:00,0.6136801000000001
2022-11-22 13:15:00+00:00,0.6136801000000001
2022-11-22 13:30:00+00:00,0.6136801000000001
2022-11-22 13:45:00+00:00,0.6136801000000001
2022-11-22 14:00:00+00:00,0.6136801000000001
2022-11-22 14:15:00+00:00,0.6136801000000001
2022-11-22 14:30:00+00:00,0.6136801000000001
2022-11-22 14:45:00+00:00,0.6136801000000001
2022-11-22 15:00:00+00:00,0.6136801000000001
2022-11-22 15:15:00+00:00,0.6136801000000001
2022-11-22 15:30:00+00:00,0.6136801000000001
2022-11-22 15:45:00+00:00,0.6136801000000001
2022-11-22 16:00:00+00:00,0.6136801000000001
2022-11-22 16:15:00+00:00,0.6136801000000001
2022-11-22 16:30:00+00:00,0.6136801000000001
2022-11-22 16:45:00+00:00,0.6136801000000001
2022-11-22 17:00:00+00:00,0.6136801000000001
2022-11-22 17:15:00+00:00,0.6136801000000001
2022-11-22 17:30:00+00:00,0.6136801000000001
2022-11-22 17:45:00+00:00,0.6136801000000001
2022-11-22 18:00:00+00:00,0.6136801000000001
2022-11-22 18:15:00+00:00,0.6136801000000001
2022-11-22 18:30:00+00:00,0.6136801000000001
2022-11-22 18:45:00+00:00,0.6136801000000001
2022-11-22 19:00:00+00:00,0.6136801000000001
2022-11-22 19:15:00+00:00,0.6136801000000001
2022-11-22 19:30:00+00:00,0.6136801000000001
2022-11-22 19:45:00+00:00,0.6136801000000001
2022-11-22 20:00:00+00:00,0.6136801000000001
2022-11-22 20:15:00+00:00,0.6136801000000001
2022-11-22 20:30:00+00:00,0.6136801000000001
2022-11-22 20:45:00+00:00,0.6136801000000001
2022-11-22 21:00:00+00:00,0.6136801000000001
2022-11-22 21:15:00+00:00,0.6136801000000001
2022-11-22 21:30:00+00:00,0.6136801000000001
2022-11-22 21:45:00+00:00,0.6136801000000001
2022-11-22 22:00:00+00:00,0.6136801000000001
2022-11-22 22:15:00+00:00,0.6136801000000001
2022-11-22 22:30:00+00:00,0.6136801000000001
2022-11-22 22:45:00+00:00,0.6136801000000001
2022-11-22 23:00:00+00:00,0.6136801000000001
2022-11-22 23:15:00+00:00,0.6136801000000001
2022-11-22 23:30:00+00:00,0.6136801000000001
2022-11-22 23:45:00+00:00,0.6136801000000001
2022-11-23 00:00:00+00:00,0.6136801000000001
2022-11-23 00:15:00+00:00,0.6136801000000001
2022-11-23 00:30:00+00:00,0.6136801000000001
2022-11-23 00:45:00+00:00,0.6136801000000001
2022-11-23 01:00:00+00:00,0.6136801000000001
2022-11-23 01:15:00+00:00,0.6136801000000001
2022-11-23 01:30:00+00:00,0.6136801000000001
2022-11-23 01:45:00+00:00,0.6136801000000001
2022-11-23 02:00:00+00:00,0.6136801000000001
2022-11-23 02:15:00+00:00,0.6136801000000001
2022-11-23 02:30:00+00:00,0.6136801000000001
2022-11-23 02:45:00+00:00,0.6136801000000001
2022-11-23 03:00:00+00:00,0.6136801000000001
2022-11-23 03:15:00+00:00,0.6136801000000001
2022-11-23 03:30:00+00:00,0.6136801000000001
2022-11-23 03:45:00+00:00,0.6136801000000001
2022-11-23 04:00:00+00:00,0.6136801000000001
2022-11-23 04:15:00+00:00,0.6136801000000001
2022-11-23 04:30:00+00:00,0.6136801000000001
2022-11-23 04:45:00+00:00,0.6136801000000001
2022-11-23 05:00:00+00:00,0.6136801000000001
2022-11-23 05:15:00+00:00,0.6136801000000001
2022-11-23 05:30:00+00:00,0.6136801000000001
2022-11-23 05:45:00+00:00,0.6136801000000001
2022-11-23 06:00:00+00:00,0.6136801000000001
2022-11-23 06:15:00+00:00,0.6136801000000001
2022-11-23 06:30:00+00:00,0.6136801000000001
2022-11-23 06:45:00+00:00,0.6136801000000001
2022-11-23 07:00:00+00:00,0.6136801000000001
2022-11-23 07:15:00+00:00,0.6136801000000001
2022-11-23 07:30:00+00:00,0.6136801000000001
2022-11-23 07:45:00+00:00,0.6136801000000001
2022-11-23 08:00:00+00:00,0.6136801000000001
2022-11-23 08:15:00+00:00,0.6136801000000001
2022-11-23 08:30:00+00:00,0.6136801000000001
2022-11-23 08:45:00+00:00,0.6136801000000001
2022-11-23 09:00:00+00:00,0.6136801000000001
2022-11-23 09:15:00+00:00,0.6136801000000001
2022-11-23 09:30:00+00:00,0.6136801000000001
2022-11-23 09:45:00+00:00,0.6136801000000001
2022-11-23 10:00:00+00:00,0.6136801000000001
2022-11-23 10:15:00+00:00,0.6136801000000001
2022-11-23 10:30:00+00:00,0.6136801000000001
2022-11-23 10:45:00+00:00,0.6139993
2022-11-23 11:00:00+00:00,0.6148815
2022-11-23 11:15:00+00:00,0.6148815
2022-11-23 11:30:00+00:00,0.6180667263
2022-11-23 11:45:00+00:00,0.6224184
2022-11-23 12:00:00+00:00,0.6231728480000001
2022-11-23 12:15:00+00:00,0.6426228620000001
2022-11-23 12:30:00+00:00,0.6672977368
2022-11-23 12:45:00+00:00,0.6948458432
2022-11-23 13:00:00+00:00,0.7211850352
2022-11-23 13:15:00+00:00,0.7218539
2022-11-23 13:30:00+00:00,0.7218539
2022-11-23 13:45:00+00:00,0.7218539
2022-11-23 14:00:00+00:00,0.7218539
2022-11-23 14:15:00+00:00,0.7218539
2022-11-23 14:30:00+00:00,0.7218539
2022-11-23 14:45:00+00:00,0.7218539
2022-11-23 15:00:00+00:00,0.7218539
2022-11-23 15:15:00+00:00,0.7218539
2022-11-23 15:30:00+00:00,0.7218539
2022-11-23 15:45:00+00:00,0.7218539
2022-11-23 16:00:00+00:00,0.7218539
2022-11-23 16:15:00+00:00,0.7218539
2022-11-23 16:30:00+00:00,0.7218539
2022-11-23 16:45:00+00:00,0.7218539
2022-11-23 17:00:00+00:00,0.7218539
2022-11-23 17:15:00+00:00,0.7218539
2022-11-23 17:30:00+00:00,0.7218539
2022-11-23 17:45:00+00:00,0.7218539
2022-11-23 18:00:00+00:00,0.7218539
2022-11-23 18:15:00+00:00,0.7218539
2022-11-23 18:30:00+00:00,0.7218539
2022-11-23 18:45:00+00:00,0.7218539
2022-11-23 19:00:00+00:00,0.7218539
2022-11-23 19:15:00+00:00,0.7218539
2022-11-23 19:30:00+00:00,0.7218539
2022-11-23 19:45:00+00:00,0.7218539
2022-11-23 20:00:00+00:00,0.7218539
2022-11-23 20:15:00+00:00,0.7218539
2022-11-23 20:30:00+00:00,0.7218539
2022-11-23 20:45:00+00:00,0.7218539
2022-11-23 21:00:00+00:00,0.7218539
2022-11-23 21:15:00+00:00,0.7218539
2022-11-23 21:30:00+00:00,0.7218539
2022-11-23 21:45:00+00:00,0.7218539
2022-11-23 22:00:00+00:00,0.7218539
2022-11-23 22:15:00+00:00,0.7218539
2022-11-23 22:30:00+00:00,0.7218539
2022-11-23 22:45:00+00:00,0.7218539
2022-11-23 23:00:00+00:00,0.7218539
2022-11-23 23:15:00+00:00,0.7218539
2022-11-23 23:30:00+00:00,0.7218539
2022-11-23 23:45:00+00:00,0.7218539
2022-11-24 00:00:00+00:00,0.7218539
2022-11-24 00:15:00+00:00,0.7218539
2022-11-24 00:30:00+00:00,0.7218539
2022-11-24 00:45:00+00:00,0.7218539
2022-11-24 01:00:00+00:00,0.7218539
2022-11-24 01:15:00+00:00,0.7218539
2022-11-24 01:30:00+00:00,0.7218539
2022-11-24 01:45:00+00:00,0.7218539
2022-11-24 02:00:00+00:00,0.7218539
2022-11-24 02:15:00+00:00,0.7218539
2022-11-24 02:30:00+00:00,0.7218539
2022-11-24 02:45:00+00:00,0.7218539
2022-11-24 03:00:00+00:00,0.7218539
2022-11-24 03:15:00+00:00,0.7218539
2022-11-24 03:30:00+00:00,0.7218539
2022-11-24 03:45:00+00:00,0.7218539
2022-11-24 04:00:00+00:00,0.7218539
2022-11-24 04:15:00+00:00,0.7218539
2022-11-24 04:30:00+00:00,0.7218539
2022-11-24 04:45:00+00:00,0.7218539
2022-11-24 05:00:00+00:00,0.7218539
2022-11-24 05:15:00+00:00,0.7218539
2022-11-24 05:30:00+00:00,0.7218539
2022-11-24 05:45:00+00:00,0.7218539
2022-11-24 06:00:00+00:00,0.7218539
2022-11-24 06:15:00+00:00,0.7218539
2022-11-24 06:30:00+00:00,0.7218539
2022-11-24 06:45:00+00:00,0.7218539
2022-11-24 07:00:00+00:00,0.7218539
2022-11-24 07:15:00+00:00,0.7218539
2022-11-24 07:30:00+00:00,0.7218539
2022-11-24 07:45:00+00:00,0.7218539
2022-11-24 08:00:00+00:00,0.7218539
2022-11-24 08:15:00+00:00,0.7218539
2022-11-24 08:30:00+00:00,0.7218539
2022-11-24 08:45:00+00:00,0.7218539
2022-11-24 09:00:00+00:00,0.7218539
2022-11-24 09:15:00+00:00,0.7218539
2022-11-24 09:30:00+00:00,0.7218539
2022-11-24 09:45:00+00:00,0.7218539
2022-11-24 10:00:00+00:00,0.7218539
2022-11-24 10:15:00+00:00,0.7218539
2022-11-24 10:30:00+00:00,0.7218539
2022-11-24 10:45:00+00:00,0.7218539
2022-11-24 11:00:00+00:00,0.7218543000000001
2022-11-24 11:15:00+00:00,0.7218543000000001
2022-11-24 11:30:00+00:00,0.7218543000000001
2022-11-24 11:45:00+00:00,0.7218543000000001
2022-11-24 12:00:00+00:00,0.7218543000000001
2022-11-24 12:15:00+00:00,0.7218543000000001
2022-11-24 12:30:00+00:00,0.7218543000000001
2022-11-24 12:45:00+00:00,0.7218543000000001
2022-11-24 13:00:00+00:00,0.7218543000000001
2022-11-24 13:15:00+00:00,0.7218543000000001
2022-11-24 13:30:00+00:00,0.7218543000000001
2022-11-24 13:45:00+00:00,0.7218543000000001
2022-11-24 14:00:00+00:00,0.7218543000000001
2022-11-24 14:15:00+00:00,0.7218543000000001
2022-11-24 14:30:00+00:00,0.7218543000000001
2022-11-24 14:45:00+00:00,0.7218543000000001
2022-11-24 15:00:00+00:00,0.7218543000000001
2022-11-24 15:15:00+00:00,0.7218543000000001
2022-11-24 15:30:00+00:00,0.7218543000000001
2022-11-24 15:45:00+00:00,0.7218543000000001
2022-11-24 16:00:00+00:00,0.7218543000000001
2022-11-24 16:15:00+00:00,0.7218543000000001
2022-11-24 16:30:00+00:00,0.7218543000000001
2022-11-24 16:45:00+00:00,0.7218543000000001
2022-11-24 17:00:00+00:00,0.7218543000000001
2022-11-24 17:15:00+00:00,0.7218543000000001
2022-11-24 17:30:00+00:00,0.7218543000000001
2022-11-24 17:45:00+00:00,0.7218543000000001
2022-11-24 18:00:00+00:00,0.7218543000000001
2022-11-24 18:15:00+00:00,0.7218543000000001
2022-11-24 18:30:00+00:00,0.7218543000000001
2022-11-24 18:45:00+00:00,0.7218543000000001
2022-11-24 19:00:00+00:00,0.7218543000000001
2022-11-24 19:15:00+00:00,0.7218543000000001
2022-11-24 19:30:00+00:00,0.7218543000000001
2022-11-24 19:45:00+00:00,0.7218543000000001
2022-11-24 20:00:00+00:00,0.7218543000000001
2022-11-24 20:15:00+00:00,0.7218543000000001
2022-11-24 20:30:00+00:00,0.7218543000000001
2022-11-24 20:45:00+00:00,0.7218543000000001
2022-11-24 21:00:00+00:00,0.7218543000000001
2022-11-24 21:15:00+00:00,0.7218543000000001
2022-11-24 21:30:00+00:00,0.7218543000000001
2022-11-24 21:45:00+00:00,0.7218543000000001
2022-11-24 22:00:00+00:00,0.7218543000000001
2022-11-24 22:15:00+00:00,0.7218543000000001
2022-11-24 22:30:00+00:00,0.7218543000000001
2022-11-24 22:45:00+00:00,0.7218543000000001
2022-11-24 23:00:00+00:00,0.7218543000000001
2022-11-24 23:15:00+00:00,0.7218543000000001
2022-11-24 23:30:00+00:00,0.7218543000000001
2022-11-24 23:45:00+00:00,0.7218543000000001
2022-11-25 00:00:00+00:00,0.7218543000000001
2022-11-25 00:15:00+00:00,0.7218543000000001
2022-11-25 00:30:00+00:00,0.7218543000000001
2022-11-25 00:45:00+00:00,0.7218543000000001
2022-11-25 01:00:00+00:00,0.7218543000000001
2022-11-25 01:15:00+00:00,0.7218543000000001
2022-11-25 01:30:00+00:00,0.7218543000000001
2022-11-25 01:45:00+00:00,0.7218543000000001
2022-11-25 02:00:00+00:00,0.7218543000000001
2022-11-25 02:15:00+00:00,0.7218543000000001
2022-11-25 02:30:00+00:00,0.7218543000000001
2022-11-25 02:45:00+00:00,0.7218543000000001
2022-11-25 03:00:00+00:00,0.7218543000000001
2022-11-25 03:15:00+00:00,0.7218543000000001
2022-11-25 03:30:00+00:00,0.7218543000000001
2022-11-25 03:45:00+00:00,0.7218543000000001
2022-11-25 04:00:00+00:00,0.7218543000000001
2022-11-25 04:15:00+00:00,0.7218543000000001
2022-11-25 04:30:00+00:00,0.7218543000000001
2022-11-25 04:45:00+00:00,0.7218543000000001
2022-11-25 05:00:00+00:00,0.7218543000000001
2022-11-25 05:15:00+00:00,0.7218543000000001
2022-11-25 05:30:00+00:00,0.7218543000000001
2022-11-25 05:45:00+00:00,0.7218543000000001
2022-11-25 06:00:00+00:00,0.7218543000000001
2022-11-25 06:15:00+00:00,0.7218543000000001
2022-11-25 06:30:00+00:00,0.7218543000000001
2022-11-25 06:45:00+00:00,0.7218543000000001
2022-11-25 07:00:00+00:00,0.7218543000000001
2022-11-25 07:15:00+00:00,0.7218543000000001
2022-11-25 07:30:00+00:00,0.7218543000000001
2022-11-25 07:45:00+00:00,0.7218543000000001
2022-11-25 08:00:00+00:00,0.7218543000000001
2022-11-25 08:15:00+00:00,0.7218543000000001
2022-11-25 08:30:00+00:00,0.7218543000000001
2022-11-25 08:45:00+00:00,0.7218543000000001
2022-11-25 09:00:00+00:00,0.7218543000000001
2022-11-25 09:15:00+00:00,0.7218543000000001
2022-11-25 09:30:00+00:00,0.7218543000000001
2022-11-25 09:45:00+00:00,0.7218543000000001
2022-11-25 10:00:00+00:00,0.7218543000000001
2022-11-25 10:15:00+00:00,0.7218543000000001
2022-11-25 10:30:00+00:00,0.7218543000000001
2022-11-25 10:45:00+00:00,0.7218543000000001
2022-11-25 11:00:00+00:00,0.7218543000000001
2022-11-25 11:15:00+00:00,0.7218543000000001
2022-11-25 11:30:00+00:00,0.7218543000000001
2022-11-25 11:45:00+00:00,0.7218543000000001
2022-11-25 12:00:00+00:00,0.7218543000000001
2022-11-25 12:15:00+00:00,0.7218543000000001
2022-11-25 12:30:00+00:00,0.7218543000000001
2022-11-25 12:45:00+00:00,0.7218543000000001
2022-11-25 13:00:00+00:00,0.7218543000000001
2022-11-25 13:15:00+00:00,0.7218543000000001
2022-11-25 13:30:00+00:00,0.7218543000000001
2022-11-25 13:45:00+00:00,0.7218543000000001
2022-11-25 14:00:00+00:00,0.7218543000000001
2022-11-25 14:15:00+00:00,0.7218543000000001
2022-11-25 14:30:00+00:00,0.7218543000000001
2022-11-25 14:45:00+00:00,0.7218543000000001
2022-11-25 15:00:00+00:00,0.7218543000000001
2022-11-25 15:15:00+00:00,0.7218543000000001
2022-11-25 15:30:00+00:00,0.7218543000000001
2022-11-25 15:45:00+00:00,0.7218543000000001
2022-11-25 16:00:00+00:00,0.7218543000000001
2022-11-25 16:15:00+00:00,0.7218543000000001
2022-11-25 16:30:00+00:00,0.7218543000000001
2022-11-25 16:45:00+00:00,0.7218543000000001
2022-11-25 17:00:00+00:00,0.7218543000000001
2022-11-25 17:15:00+00:00,0.7218543000000001
2022-11-25 17:30:00+00:00,0.7218543000000001
2022-11-25 17:45:00+00:00,0.7218543000000001
2022-11-25 18:00:00+00:00,0.7218543000000001
2022-11-25 18:15:00+00:00,0.7218543000000001
2022-11-25 18:30:00+00:00,0.7218543000000001
2022-11-25 18:45:00+00:00,0.7218543000000001
2022-11-25 19:00:00+00:00,0.7218543000000001
2022-11-25 19:15:00+00:00,0.7218543000000001
2022-11-25 19:30:00+00:00,0.7218543000000001
2022-11-25 19:45:00+00:00,0.7218543000000001
2022-11-25 20:00:00+00:00,0.7218543000000001
2022-11-25 20:15:00+00:00,0.7218543000000001
2022-11-25 20:30:00+00:00,0.7218543000000001
2022-11-25 20:45:00+00:00,0.7218543000000001
2022-11-25 21:00:00+00:00,0.7218543000000001
2022-11-25 21:15:00+00:00,0.7218543000000001
2022-11-25 21:30:00+00:00,0.7218543000000001
2022-11-25 21:45:00+00:00,0.7218543000000001
2022-11-25 22:00:00+00:00,0.7218543000000001
2022-11-25 22:15:00+00:00,0.7218543000000001
2022-11-25 22:30:00+00:00,0.7218543000000001
2022-11-25 22:45:00+00:00,0.7218543000000001
2022-11-25 23:00:00+00:00,0.7218543000000001
2022-11-25 23:15:00+00:00,0.7218543000000001
2022-11-25 23:30:00+00:00,0.7218543000000001
2022-11-25 23:45:00+00:00,0.7218543000000001
2022-11-26 00:00:00+00:00,0.7218543000000001
2022-11-26 00:15:00+00:00,0.7218543000000001
2022-11-26 00:30:00+00:00,0.7218543000000001
2022-11-26 00:45:00+00:00,0.7218543000000001
2022-11-26 01:00:00+00:00,0.7218543000000001
2022-11-26 01:15:00+00:00,0.7218543000000001
2022-11-26 01:30:00+00:00,0.7218543000000001
2022-11-26 01:45:00+00:00,0.7218543000000001
2022-11-26 02:00:00+00:00,0.7218543000000001
2022-11-26 02:15:00+00:00,0.7218543000000001
2022-11-26 02:30:00+00:00,0.7218543000000001
2022-11-26 02:45:00+00:00,0.7218543000000001
2022-11-26 03:00:00+00:00,0.7218543000000001
2022-11-26 03:15:00+00:00,0.7218543000000001
2022-11-26 03:30:00+00:00,0.7218543000000001
2022-11-26 03:45:00+00:00,0.7218543000000001
2022-11-26 04:00:00+00:00,0.7218543000000001
2022-11-26 04:15:00+00:00,0.7218543000000001
2022-11-26 04:30:00+00:00,0.7218543000000001
2022-11-26 04:45:00+00:00,0.7218543000000001
2022-11-26 05:00:00+00:00,0.7218543000000001
2022-11-26 05:15:00+00:00,0.7218543000000001
2022-11-26 05:30:00+00:00,0.7218543000000001
2022-11-26 05:45:00+00:00,0.7218543000000001
2022-11-26 06:00:00+00:00,0.7218543000000001
2022-11-26 06:15:00+00:00,0.7218543000000001
2022-11-26 06:30:00+00:00,0.7218543000000001
2022-11-26 06:45:00+00:00,0.7218543000000001
2022-11-26 07:00:00+00:00,0.7218543000000001
2022-11-26 07:15:00+00:00,0.7218543000000001
2022-11-26 07:30:00+00:00,0.7218543000000001
2022-11-26 07:45:00+00:00,0.7218543000000001
2022-11-26 08:00:00+00:00,0.7218543000000001
2022-11-26 08:15:00+00:00,0.7218543000000001
2022-11-26 08:30:00+00:00,0.7218543000000001
2022-11-26 08:45:00+00:00,0.7218543000000001
2022-11-26 09:00:00+00:00,0.7218543000000001
2022-11-26 09:15:00+00:00,0.7218543000000001
2022-11-26 09:30:00+00:00,0.7218543000000001
2022-11-26 09:45:00+00:00,0.7218543000000001
2022-11-26 10:00:00+00:00,0.7218543000000001
2022-11-26 10:15:00+00:00,0.7218543000000001
2022-11-26 10:30:00+00:00,0.7218543000000001
2022-11-26 10:45:00+00:00,0.7219119
2022-11-26 11:00:00+00:00,0.7242306150000001
2022-11-26 11:15:00+00:00,0.72613945
2022-11-26 11:30:00+00:00,0.7424796428
2022-11-26 11:45:00+00:00,0.7555719160000001
2022-11-26 12:00:00+00:00,0.7568965
2022-11-26 12:15:00+00:00,0.7706907968000001
2022-11-26 12:30:00+00:00,0.7737591
2022-11-26 12:45:00+00:00,0.7765865000000001
2022-11-26 13:00:00+00:00,0.7777371000000001
2022-11-26 13:15:00+00:00,0.7778293000000001
2022-11-26 13:30:00+00:00,0.7778293000000001
2022-11-26 13:45:00+00:00,0.7778293000000001
2022-11-26 14:00:00+00:00,0.7778293000000001
2022-11-26 14:15:00+00:00,0.7778293000000001
2022-11-26 14:30:00+00:00,0.7778293000000001
2022-11-26 14:45:00+00:00,0.7778293000000001
2022-11-26 15:00:00+00:00,0.7778293000000001
2022-11-26 15:15:00+00:00,0.7778293000000001
2022-11-26 15:30:00+00:00,0.7778293000000001
2022-11-26 15:45:00+00:00,0.7778293000000001
2022-11-26 16:00:00+00:00,0.7778293000000001
2022-11-26 16:15:00+00:00,0.7778293000000001
2022-11-26 16:30:00+00:00,0.7778293000000001
2022-11-26 16:45:00+00:00,0.7778293000000001
2022-11-26 17:00:00+00:00,0.7778293000000001
2022-11-26 17:15:00+00:00,0.7778293000000001
2022-11-26 17:30:00+00:00,0.7778293000000001
2022-11-26 17:45:00+00:00,0.7778293000000001
2022-11-26 18:00:00+00:00,0.7778293000000001
2022-11-26 18:15:00+00:00,0.7778293000000001
2022-11-26 18:30:00+00:00,0.7778293000000001
2022-11-26 18:45:00+00:00,0.7778293000000001
2022-11-26 19:00:00+00:00,0.7778293000000001
2022-11-26 19:15:00+00:00,0.7778293000000001
2022-11-26 19:30:00+00:00,0.7778293000000001
2022-11-26 19:45:00+00:00,0.7778293000000001
2022-11-26 20:00:00+00:00,0.7778293000000001
2022-11-26 20:15:00+00:00,0.7778293000000001
2022-11-26 20:30:00+00:00,0.7778293000000001
2022-11-26 20:45:00+00:00,0.7778293000000001
2022-11-26 21:00:00+00:00,0.7778293000000001
2022-11-26 21:15:00+00:00,0.7778293000000001
2022-11-26 21:30:00+00:00,0.7778293000000001
2022-11-26 21:45:00+00:00,0.7778293000000001
2022-11-26 22:00:00+00:00,0.7778293000000001
2022-11-26 22:15:00+00:00,0.7778293000000001
2022-11-26 22:30:00+00:00,0.7778293000000001
2022-11-26 22:45:00+00:00,0.7778293000000001
2022-11-26 23:00:00+00:00,0.7778293000000001
2022-11-26 23:15:00+00:00,0.7778293000000001
2022-11-26 23:30:00+00:00,0.7778293000000001
2022-11-26 23:45:00+00:00,0.7778293000000001
2022-11-27 00:00:00+00:00,0.7778293000000001
2022-11-27 00:15:00+00:00,0.7778293000000001
2022-11-27 00:30:00+00:00,0.7778293000000001
2022-11-27 00:45:00+00:00,0.7778293000000001
2022-11-27 01:00:00+00:00,0.7778293000000001
2022-11-27 01:15:00+00:00,0.7778293000000001
2022-11-27 01:30:00+00:00,0.7778293000000001
2022-11-27 01:45:00+00:00,0.7778293000000001
2022-11-27 02:00:00+00:00,0.7778293000000001
2022-11-27 02:15:00+00:00,0.7778293000000001
2022-11-27 02:30:00+00:00,0.7778293000000001
2022-11-27 02:45:00+00:00,0.7778293000000001
2022-11-27 03:00:00+00:00,0.7778293000000001
2022-11-27 03:15:00+00:00,0.7778293000000001
2022-11-27 03:30:00+00:00,0.7778293000000001
2022-11-27 03:45:00+00:00,0.7778293000000001
2022-11-27 04:00:00+00:00,0.7778293000000001
2022-11-27 04:15:00+00:00,0.7778293000000001
2022-11-27 04:30:00+00:00,0.7778293000000001
2022-11-27 04:45:00+00:00,0.7778293000000001
2022-11-27 05:00:00+00:00,0.7778293000000001
2022-11-27 05:15:00+00:00,0.7778293000000001
2022-11-27 05:30:00+00:00,0.7778293000000001
2022-11-27 05:45:00+00:00,0.7778293000000001
2022-11-27 06:00:00+00:00,0.7778293000000001
2022-11-27 06:15:00+00:00,0.7778293000000001
2022-11-27 06:30:00+00:00,0.7778293000000001
2022-11-27 06:45:00+00:00,0.7778293000000001
2022-11-27 07:00:00+00:00,0.7778293000000001
2022-11-27 07:15:00+00:00,0.7778293000000001
2022-11-27 07:30:00+00:00,0.7778293000000001
2022-11-27 07:45:00+00:00,0.7778293000000001
2022-11-27 08:00:00+00:00,0.7778293000000001
2022-11-27 08:15:00+00:00,0.7778293000000001
2022-11-27 08:30:00+00:00,0.7778293000000001
2022-11-27 08:45:00+00:00,0.7778293000000001
2022-11-27 09:00:00+00:00,0.7778293000000001
2022-11-27 09:15:00+00:00,0.7778293000000001
2022-11-27 09:30:00+00:00,0.7778293000000001
2022-11-27 09:45:00+00:00,0.7778293000000001
2022-11-27 10:00:00+00:00,0.7778293000000001
2022-11-27 10:15:00+00:00,0.7778293000000001
2022-11-27 10:30:00+00:00,0.7778293000000001
2022-11-27 10:45:00+00:00,0.7778293000000001
2022-11-27 11:00:00+00:00,0.7778293000000001
2022-11-27 11:15:00+00:00,0.7778293000000001
2022-11-27 11:30:00+00:00,0.7778293000000001
2022-11-27 11:45:00+00:00,0.7778293000000001
2022-11-27 12:00:00+00:00,0.7778293000000001
2022-11-27 12:15:00+00:00,0.7778293000000001
2022-11-27 12:30:00+00:00,0.7778293000000001
2022-11-27 12:45:00+00:00,0.7778293000000001
2022-11-27 13:00:00+00:00,0.7778293000000001
2022-11-27 13:15:00+00:00,0.7778293000000001
2022-11-27 13:30:00+00:00,0.7778293000000001
2022-11-27 13:45:00+00:00,0.7778293000000001
2022-11-27 14:00:00+00:00,0.7778293000000001
2022-11-27 14:15:00+00:00,0.7778293000000001
2022-11-27 14:30:00+00:00,0.7778293000000001
2022-11-27 14:45:00+00:00,0.7778293000000001
2022-11-27 15:00:00+00:00,0.7778293000000001
2022-11-27 15:15:00+00:00,0.7778293000000001
2022-11-27 15:30:00+00:00,0.7778293000000001
2022-11-27 15:45:00+00:00,0.7778293000000001
2022-11-27 16:00:00+00:00,0.7778293000000001
2022-11-27 16:15:00+00:00,0.7778293000000001
2022-11-27 16:30:00+00:00,0.7778293000000001
2022-11-27 16:45:00+00:00,0.7778293000000001
2022-11-27 17:00:00+00:00,0.7778293000000001
2022-11-27 17:15:00+00:00,0.7778293000000001
2022-11-27 17:30:00+00:00,0.7778293000000001
2022-11-27 17:45:00+00:00,0.7778293000000001
2022-11-27 18:00:00+00:00,0.7778293000000001
2022-11-27 18:15:00+00:00,0.7778293000000001
2022-11-27 18:30:00+00:00,0.7778293000000001
2022-11-27 18:45:00+00:00,0.7778293000000001
2022-11-27 19:00:00+00:00,0.7778293000000001
2022-11-27 19:15:00+00:00,0.7778293000000001
2022-11-27 19:30:00+00:00,0.7778293000000001
2022-11-27 19:45:00+00:00,0.7778293000000001
2022-11-27 20:00:00+00:00,0.7778293000000001
2022-11-27 20:15:00+00:00,0.7778293000000001
2022-11-27 20:30:00+00:00,0.7778293000000001
2022-11-27 20:45:00+00:00,0.7778293000000001
2022-11-27 21:00:00+00:00,0.7778293000000001
2022-11-27 21:15:00+00:00,0.7778293000000001
2022-11-27 21:30:00+00:00,0.7778293000000001
2022-11-27 21:45:00+00:00,0.7778293000000001
2022-11-27 22:00:00+00:00,0.7778293000000001
2022-11-27 22:15:00+00:00,0.7778293000000001
2022-11-27 22:30:00+00:00,0.7778293000000001
2022-11-27 22:45:00+00:00,0.7778293000000001
2022-11-27 23:00:00+00:00,0.7778293000000001
2022-11-27 23:15:00+00:00,0.7778293000000001
2022-11-27 23:30:00+00:00,0.7778293000000001
2022-11-27 23:45:00+00:00,0.7778293000000001
2022-11-28 00:00:00+00:00,0.7778293000000001
2022-11-28 00:15:00+00:00,0.7778293000000001
2022-11-28 00:30:00+00:00,0.7778293000000001
2022-11-28 00:45:00+00:00,0.7778293000000001
2022-11-28 01:00:00+00:00,0.7778293000000001
2022-11-28 01:15:00+00:00,0.7778293000000001
2022-11-28 01:30:00+00:00,0.7778293000000001
2022-11-28 01:45:00+00:00,0.7778293000000001
2022-11-28 02:00:00+00:00,0.7778293000000001
2022-11-28 02:15:00+00:00,0.7778293000000001
2022-11-28 02:30:00+00:00,0.7778293000000001
2022-11-28 02:45:00+00:00,0.7778293000000001
2022-11-28 03:00:00+00:00,0.7778293000000001
2022-11-28 03:15:00+00:00,0.7778293000000001
2022-11-28 03:30:00+00:00,0.7778293000000001
2022-11-28 03:45:00+00:00,0.7778293000000001
2022-11-28 04:00:00+00:00,0.7778293000000001
2022-11-28 04:15:00+00:00,0.7778293000000001
2022-11-28 04:30:00+00:00,0.7778293000000001
2022-11-28 04:45:00+00:00,0.7778293000000001
2022-11-28 05:00:00+00:00,0.7778293000000001
2022-11-28 05:15:00+00:00,0.7778293000000001
2022-11-28 05:30:00+00:00,0.7778293000000001
2022-11-28 05:45:00+00:00,0.7778293000000001
2022-11-28 06:00:00+00:00,0.7778293000000001
2022-11-28 06:15:00+00:00,0.7778293000000001
2022-11-28 06:30:00+00:00,0.7778293000000001
2022-11-28 06:45:00+00:00,0.7778293000000001
2022-11-28 07:00:00+00:00,0.7778293000000001
2022-11-28 07:15:00+00:00,0.7778293000000001
2022-11-28 07:30:00+00:00,0.7778293000000001
2022-11-28 07:45:00+00:00,0.7778293000000001
2022-11-28 08:00:00+00:00,0.7778293000000001
2022-11-28 08:15:00+00:00,0.7778293000000001
2022-11-28 08:30:00+00:00,0.7778293000000001
2022-11-28 08:45:00+00:00,0.7778293000000001
2022-11-28 09:00:00+00:00,0.7778293000000001
2022-11-28 09:15:00+00:00,0.7778293000000001
2022-11-28 09:30:00+00:00,0.7778293000000001
2022-11-28 09:45:00+00:00,0.7778293000000001
2022-11-28 10:00:00+00:00,0.7778293000000001
2022-11-28 10:15:00+00:00,0.7778293000000001
2022-11-28 10:30:00+00:00,0.7778293000000001
2022-11-28 10:45:00+00:00,0.7778293000000001
2022-11-28 11:00:00+00:00,0.7778293000000001
2022-11-28 11:15:00+00:00,0.7778293000000001
2022-11-28 11:30:00+00:00,0.7778293000000001
2022-11-28 11:45:00+00:00,0.7778293000000001
2022-11-28 12:00:00+00:00,0.7778293000000001
2022-11-28 12:15:00+00:00,0.7778293000000001
2022-11-28 12:30:00+00:00,0.7778293000000001
2022-11-28 12:45:00+00:00,0.7778293000000001
2022-11-28 13:00:00+00:00,0.7778293000000001
2022-11-28 13:15:00+00:00,0.7778293000000001
2022-11-28 13:30:00+00:00,0.7778293000000001
2022-11-28 13:45:00+00:00,0.7778293000000001
2022-11-28 14:00:00+00:00,0.7778293000000001
2022-11-28 14:15:00+00:00,0.7778293000000001
2022-11-28 14:30:00+00:00,0.7778293000000001
2022-11-28 14:45:00+00:00,0.7778293000000001
2022-11-28 15:00:00+00:00,0.7778293000000001
2022-11-28 15:15:00+00:00,0.7778293000000001
2022-11-28 15:30:00+00:00,0.7778293000000001
2022-11-28 15:45:00+00:00,0.7778293000000001
2022-11-28 16:00:00+00:00,0.7778293000000001
2022-11-28 16:15:00+00:00,0.7778293000000001
2022-11-28 16:30:00+00:00,0.7778293000000001
2022-11-28 16:45:00+00:00,0.7778293000000001
2022-11-28 17:00:00+00:00,0.7778293000000001
2022-11-28 17:15:00+00:00,0.7778293000000001
2022-11-28 17:30:00+00:00,0.7778293000000001
2022-11-28 17:45:00+00:00,0.7778293000000001
2022-11-28 18:00:00+00:00,0.7778293000000001
2022-11-28 18:15:00+00:00,0.7778293000000001
2022-11-28 18:30:00+00:00,0.7778293000000001
2022-11-28 18:45:00+00:00,0.7778293000000001
2022-11-28 19:00:00+00:00,0.7778293000000001
2022-11-28 19:15:00+00:00,0.7778293000000001
2022-11-28 19:30:00+00:00,0.7778293000000001
2022-11-28 19:45:00+00:00,0.7778293000000001
2022-11-28 20:00:00+00:00,0.7778293000000001
2022-11-28 20:15:00+00:00,0.7778293000000001
2022-11-28 20:30:00+00:00,0.7778293000000001
2022-11-28 20:45:00+00:00,0.7778293000000001
2022-11-28 21:00:00+00:00,0.7778293000000001
2022-11-28 21:15:00+00:00,0.7778293000000001
2022-11-28 21:30:00+00:00,0.7778293000000001
2022-11-28 21:45:00+00:00,0.7778293000000001
2022-11-28 22:00:00+00:00,0.7778293000000001
2022-11-28 22:15:00+00:00,0.7778293000000001
2022-11-28 22:30:00+00:00,0.7778293000000001
2022-11-28 22:45:00+00:00,0.7778293000000001
2022-11-28 23:00:00+00:00,0.7778293000000001
2022-11-28 23:15:00+00:00,0.7778293000000001
2022-11-28 23:30:00+00:00,0.7778293000000001
2022-11-28 23:45:00+00:00,0.7778293000000001
2022-11-29 00:00:00+00:00,0.7778293000000001
2022-11-29 00:15:00+00:00,0.7778293000000001
2022-11-29 00:30:00+00:00,0.7778293000000001
2022-11-29 00:45:00+00:00,0.7778293000000001
2022-11-29 01:00:00+00:00,0.7778293000000001
2022-11-29 01:15:00+00:00,0.7778293000000001
2022-11-29 01:30:00+00:00,0.7778293000000001
2022-11-29 01:45:00+00:00,0.7778293000000001
2022-11-29 02:00:00+00:00,0.7778293000000001
2022-11-29 02:15:00+00:00,0.7778293000000001
2022-11-29 02:30:00+00:00,0.7778293000000001
2022-11-29 02:45:00+00:00,0.7778293000000001
2022-11-29 03:00:00+00:00,0.7778293000000001
2022-11-29 03:15:00+00:00,0.7778293000000001
2022-11-29 03:30:00+00:00,0.7778293000000001
2022-11-29 03:45:00+00:00,0.7778293000000001
2022-11-29 04:00:00+00:00,0.7778293000000001
2022-11-29 04:15:00+00:00,0.7778293000000001
2022-11-29 04:30:00+00:00,0.7778293000000001
2022-11-29 04:45:00+00:00,0.7778293000000001
2022-11-29 05:00:00+00:00,0.7778293000000001
2022-11-29 05:15:00+00:00,0.7778293000000001
2022-11-29 05:30:00+00:00,0.7778293000000001
2022-11-29 05:45:00+00:00,0.7778293000000001
2022-11-29 06:00:00+00:00,0.7778293000000001
2022-11-29 06:15:00+00:00,0.7778293000000001
2022-11-29 06:30:00+00:00,0.7778293000000001
2022-11-29 06:45:00+00:00,0.7778293000000001
2022-11-29 07:00:00+00:00,0.7778293000000001
2022-11-29 07:15:00+00:00,0.7778293000000001
2022-11-29 07:30:00+00:00,0.7778293000000001
2022-11-29 07:45:00+00:00,0.7778293000000001
2022-11-29 08:00:00+00:00,0.7778293000000001
2022-11-29 08:15:00+00:00,0.7778293000000001
2022-11-29 08:30:00+00:00,0.7778293000000001
2022-11-29 08:45:00+00:00,0.7778293000000001
2022-11-29 09:00:00+00:00,0.7778293000000001
2022-11-29 09:15:00+00:00,0.7778293000000001
2022-11-29 09:30:00+00:00,0.7778293000000001
2022-11-29 09:45:00+00:00,0.7778293000000001
2022-11-29 10:00:00+00:00,0.7778293000000001
2022-11-29 10:15:00+00:00,0.7778293000000001
2022-11-29 10:30:00+00:00,0.7778293000000001
2022-11-29 10:45:00+00:00,0.7778293000000001
2022-11-29 11:00:00+00:00,0.7778293000000001
2022-11-29 11:15:00+00:00,0.7778293000000001
2022-11-29 11:30:00+00:00,0.7778293000000001
2022-11-29 11:45:00+00:00,0.7778293000000001
2022-11-29 12:00:00+00:00,0.7778293000000001
2022-11-29 12:15:00+00:00,0.7778293000000001
2022-11-29 12:30:00+00:00,0.7778293000000001
2022-11-29 12:45:00+00:00,0.7778293000000001
2022-11-29 13:00:00+00:00,0.7778293000000001
2022-11-29 13:15:00+00:00,0.7778293000000001
2022-11-29 13:30:00+00:00,0.7778293000000001
2022-11-29 13:45:00+00:00,0.7778293000000001
2022-11-29 14:00:00+00:00,0.7778293000000001
2022-11-29 14:15:00+00:00,0.7778293000000001
2022-11-29 14:30:00+00:00,0.7778293000000001
2022-11-29 14:45:00+00:00,0.7778293000000001
2022-11-29 15:00:00+00:00,0.7778293000000001
2022-11-29 15:15:00+00:00,0.7778293000000001
2022-11-29 15:30:00+00:00,0.7778293000000001
2022-11-29 15:45:00+00:00,0.7778293000000001
2022-11-29 16:00:00+00:00,0.7778293000000001
2022-11-29 16:15:00+00:00,0.7778293000000001
2022-11-29 16:30:00+00:00,0.7778293000000001
2022-11-29 16:45:00+00:00,0.7778293000000001
2022-11-29 17:00:00+00:00,0.7778293000000001
2022-11-29 17:15:00+00:00,0.7778293000000001
2022-11-29 17:30:00+00:00,0.7778293000000001
2022-11-29 17:45:00+00:00,0.7778293000000001
2022-11-29 18:00:00+00:00,0.7778293000000001
2022-11-29 18:15:00+00:00,0.7778293000000001
2022-11-29 18:30:00+00:00,0.7778293000000001
2022-11-29 18:45:00+00:00,0.7778293000000001
2022-11-29 19:00:00+00:00,0.7778293000000001
2022-11-29 19:15:00+00:00,0.7778293000000001
2022-11-29 19:30:00+00:00,0.7778293000000001
2022-11-29 19:45:00+00:00,0.7778293000000001
2022-11-29 20:00:00+00:00,0.7778293000000001
2022-11-29 20:15:00+00:00,0.7778293000000001
2022-11-29 20:30:00+00:00,0.7778293000000001
2022-11-29 20:45:00+00:00,0.7778293000000001
2022-11-29 21:00:00+00:00,0.7778293000000001
2022-11-29 21:15:00+00:00,0.7778293000000001
2022-11-29 21:30:00+00:00,0.7778293000000001
2022-11-29 21:45:00+00:00,0.7778293000000001
2022-11-29 22:00:00+00:00,0.7778293000000001
2022-11-29 22:15:00+00:00,0.7778293000000001
2022-11-29 22:30:00+00:00,0.7778293000000001
2022-11-29 22:45:00+00:00,0.7778293000000001
2022-11-29 23:00:00+00:00,0.7778293000000001
2022-11-29 23:15:00+00:00,0.7778293000000001
2022-11-29 23:30:00+00:00,0.7778293000000001
2022-11-29 23:45:00+00:00,0.7778293000000001
2022-11-30 00:00:00+00:00,0.7778293000000001
2022-11-30 00:15:00+00:00,0.7778293000000001
2022-11-30 00:30:00+00:00,0.7778293000000001
2022-11-30 00:45:00+00:00,0.7778293000000001
2022-11-30 01:00:00+00:00,0.7778293000000001
2022-11-30 01:15:00+00:00,0.7778293000000001
2022-11-30 01:30:00+00:00,0.7778293000000001
2022-11-30 01:45:00+00:00,0.7778293000000001
2022-11-30 02:00:00+00:00,0.7778293000000001
2022-11-30 02:15:00+00:00,0.7778293000000001
2022-11-30 02:30:00+00:00,0.7778293000000001
2022-11-30 02:45:00+00:00,0.7778293000000001
2022-11-30 03:00:00+00:00,0.7778293000000001
2022-11-30 03:15:00+00:00,0.7778293000000001
2022-11-30 03:30:00+00:00,0.7778293000000001
2022-11-30 03:45:00+00:00,0.7778293000000001
2022-11-30 04:00:00+00:00,0.7778293000000001
2022-11-30 04:15:00+00:00,0.7778293000000001
2022-11-30 04:30:00+00:00,0.7778293000000001
2022-11-30 04:45:00+00:00,0.7778293000000001
2022-11-30 05:00:00+00:00,0.7778293000000001
2022-11-30 05:15:00+00:00,0.7778293000000001
2022-11-30 05:30:00+00:00,0.7778293000000001
2022-11-30 05:45:00+00:00,0.7778293000000001
2022-11-30 06:00:00+00:00,0.7778293000000001
2022-11-30 06:15:00+00:00,0.7778293000000001
2022-11-30 06:30:00+00:00,0.7778293000000001
2022-11-30 06:45:00+00:00,0.7778293000000001
2022-11-30 07:00:00+00:00,0.7778293000000001
2022-11-30 07:15:00+00:00,0.7778293000000001
2022-11-30 07:30:00+00:00,0.7778293000000001
2022-11-30 07:45:00+00:00,0.7778293000000001
2022-11-30 08:00:00+00:00,0.7778293000000001
2022-11-30 08:15:00+00:00,0.7778293000000001
2022-11-30 08:30:00+00:00,0.7778293000000001
2022-11-30 08:45:00+00:00,0.7778293000000001
2022-11-30 09:00:00+00:00,0.7778293000000001
2022-11-30 09:15:00+00:00,0.7778293000000001
2022-11-30 09:30:00+00:00,0.7778293000000001
2022-11-30 09:45:00+00:00,0.7778293000000001
2022-11-30 10:00:00+00:00,0.7778293000000001
2022-11-30 10:15:00+00:00,0.7778293000000001
2022-11-30 10:30:00+00:00,0.7778293000000001
2022-11-30 10:45:00+00:00,0.7778293000000001
2022-11-30 11:00:00+00:00,0.7778293000000001
2022-11-30 11:15:00+00:00,0.7778293000000001
2022-11-30 11:30:00+00:00,0.7778293000000001
2022-11-30 11:45:00+00:00,0.7778293000000001
2022-11-30 12:00:00+00:00,0.7778293000000001
2022-11-30 12:15:00+00:00,0.7778293000000001
2022-11-30 12:30:00+00:00,0.7778293000000001
2022-11-30 12:45:00+00:00,0.7778293000000001
2022-11-30 13:00:00+00:00,0.7778293000000001
2022-11-30 13:15:00+00:00,0.7778293000000001
2022-11-30 13:30:00+00:00,0.7778293000000001
2022-11-30 13:45:00+00:00,0.7778293000000001
2022-11-30 14:00:00+00:00,0.7778293000000001
2022-11-30 14:15:00+00:00,0.7778293000000001
2022-11-30 14:30:00+00:00,0.7778293000000001
2022-11-30 14:45:00+00:00,0.7778293000000001
2022-11-30 15:00:00+00:00,0.7778293000000001
2022-11-30 15:15:00+00:00,0.7778293000000001
2022-11-30 15:30:00+00:00,0.7778293000000001
2022-11-30 15:45:00+00:00,0.7778293000000001
2022-11-30 16:00:00+00:00,0.7778293000000001
2022-11-30 16:15:00+00:00,0.7778293000000001
2022-11-30 16:30:00+00:00,0.7778293000000001
2022-11-30 16:45:00+00:00,0.7778293000000001
2022-11-30 17:00:00+00:00,0.7778293000000001
2022-11-30 17:15:00+00:00,0.7778293000000001
2022-11-30 17:30:00+00:00,0.7778293000000001
2022-11-30 17:45:00+00:00,0.7778293000000001
2022-11-30 18:00:00+00:00,0.7778293000000001
2022-11-30 18:15:00+00:00,0.7778293000000001
2022-11-30 18:30:00+00:00,0.7778293000000001
2022-11-30 18:45:00+00:00,0.7778293000000001
2022-11-30 19:00:00+00:00,0.7778293000000001
2022-11-30 19:15:00+00:00,0.7778293000000001
2022-11-30 19:30:00+00:00,0.7778293000000001
2022-11-30 19:45:00+00:00,0.7778293000000001
2022-11-30 20:00:00+00:00,0.7778293000000001
2022-11-30 20:15:00+00:00,0.7778293000000001
2022-11-30 20:30:00+00:00,0.7778293000000001
2022-11-30 20:45:00+00:00,0.7778293000000001
2022-11-30 21:00:00+00:00,0.7778293000000001
2022-11-30 21:15:00+00:00,0.7778293000000001
2022-11-30 21:30:00+00:00,0.7778293000000001
2022-11-30 21:45:00+00:00,0.7778293000000001
2022-11-30 22:00:00+00:00,0.7778293000000001
2022-11-30 22:15:00+00:00,0.7778293000000001
2022-11-30 22:30:00+00:00,0.7778293000000001
2022-11-30 22:45:00+00:00,0.7778293000000001
2022-11-30 23:00:00+00:00,0.7778293000000001
2022-11-30 23:15:00+00:00,0.7778293000000001
2022-11-30 23:30:00+00:00,0.7778293000000001
2022-11-30 23:45:00+00:00,0.7778293000000001
2022-12-01 00:00:00+00:00,0.7778293000000001
2022-12-01 00:15:00+00:00,0.7778293000000001
2022-12-01 00:30:00+00:00,0.7778293000000001
2022-12-01 00:45:00+00:00,0.7778293000000001
2022-12-01 01:00:00+00:00,0.7778293000000001
2022-12-01 01:15:00+00:00,0.7778293000000001
2022-12-01 01:30:00+00:00,0.7778293000000001
2022-12-01 01:45:00+00:00,0.7778293000000001
2022-12-01 02:00:00+00:00,0.7778293000000001
2022-12-01 02:15:00+00:00,0.7778293000000001
2022-12-01 02:30:00+00:00,0.7778293000000001
2022-12-01 02:45:00+00:00,0.7778293000000001
2022-12-01 03:00:00+00:00,0.7778293000000001
2022-12-01 03:15:00+00:00,0.7778293000000001
2022-12-01 03:30:00+00:00,0.7778293000000001
2022-12-01 03:45:00+00:00,0.7778293000000001
2022-12-01 04:00:00+00:00,0.7778293000000001
2022-12-01 04:15:00+00:00,0.7778293000000001
2022-12-01 04:30:00+00:00,0.7778293000000001
2022-12-01 04:45:00+00:00,0.7778293000000001
2022-12-01 05:00:00+00:00,0.7778293000000001
2022-12-01 05:15:00+00:00,0.7778293000000001
2022-12-01 05:30:00+00:00,0.7778293000000001
2022-12-01 05:45:00+00:00,0.7778293000000001
2022-12-01 06:00:00+00:00,0.7778293000000001
2022-12-01 06:15:00+00:00,0.7778293000000001
2022-12-01 06:30:00+00:00,0.7778293000000001
2022-12-01 06:45:00+00:00,0.7778293000000001
2022-12-01 07:00:00+00:00,0.7778293000000001
2022-12-01 07:15:00+00:00,0.7778293000000001
2022-12-01 07:30:00+00:00,0.7778293000000001
2022-12-01 07:45:00+00:00,0.7778293000000001
2022-12-01 08:00:00+00:00,0.7778293000000001
2022-12-01 08:15:00+00:00,0.7778293000000001
2022-12-01 08:30:00+00:00,0.7778293000000001
2022-12-01 08:45:00+00:00,0.7778293000000001
2022-12-01 09:00:00+00:00,0.7778293000000001
2022-12-01 09:15:00+00:00,0.7778293000000001
2022-12-01 09:30:00+00:00,0.7778293000000001
2022-12-01 09:45:00+00:00,0.7778293000000001
2022-12-01 10:00:00+00:00,0.7778293000000001
2022-12-01 10:15:00+00:00,0.7778293000000001
2022-12-01 10:30:00+00:00,0.7778293000000001
2022-12-01 10:45:00+00:00,0.7778293000000001
2022-12-01 11:00:00+00:00,0.7778293000000001
2022-12-01 11:15:00+00:00,0.7778293000000001
2022-12-01 11:30:00+00:00,0.7778293000000001
2022-12-01 11:45:00+00:00,0.7778293000000001
2022-12-01 12:00:00+00:00,0.7778293000000001
2022-12-01 12:15:00+00:00,0.7778293000000001
2022-12-01 12:30:00+00:00,0.7778293000000001
2022-12-01 12:45:00+00:00,0.7778293000000001
2022-12-01 13:00:00+00:00,0.7778293000000001
2022-12-01 13:15:00+00:00,0.7778293000000001
2022-12-01 13:30:00+00:00,0.7778293000000001
2022-12-01 13:45:00+00:00,0.7778293000000001
2022-12-01 14:00:00+00:00,0.7778293000000001
2022-12-01 14:15:00+00:00,0.7778293000000001
2022-12-01 14:30:00+00:00,0.7778293000000001
2022-12-01 14:45:00+00:00,0.7778293000000001
2022-12-01 15:00:00+00:00,0.7778293000000001
2022-12-01 15:15:00+00:00,0.7778293000000001
2022-12-01 15:30:00+00:00,0.7778293000000001
2022-12-01 15:45:00+00:00,0.7778293000000001
2022-12-01 16:00:00+00:00,0.7778293000000001
2022-12-01 16:15:00+00:00,0.7778293000000001
2022-12-01 16:30:00+00:00,0.7778293000000001
2022-12-01 16:45:00+00:00,0.7778293000000001
2022-12-01 17:00:00+00:00,0.7778293000000001
2022-12-01 17:15:00+00:00,0.7778293000000001
2022-12-01 17:30:00+00:00,0.7778293000000001
2022-12-01 17:45:00+00:00,0.7778293000000001
2022-12-01 18:00:00+00:00,0.7778293000000001
2022-12-01 18:15:00+00:00,0.7778293000000001
2022-12-01 18:30:00+00:00,0.7778293000000001
2022-12-01 18:45:00+00:00,0.7778293000000001
2022-12-01 19:00:00+00:00,0.7778293000000001
2022-12-01 19:15:00+00:00,0.7778293000000001
2022-12-01 19:30:00+00:00,0.7778293000000001
2022-12-01 19:45:00+00:00,0.7778293000000001
2022-12-01 20:00:00+00:00,0.7778293000000001
2022-12-01 20:15:00+00:00,0.7778293000000001
2022-12-01 20:30:00+00:00,0.7778293000000001
2022-12-01 20:45:00+00:00,0.7778293000000001
2022-12-01 21:00:00+00:00,0.7778293000000001
2022-12-01 21:15:00+00:00,0.7778293000000001
2022-12-01 21:30:00+00:00,0.7778293000000001
2022-12-01 21:45:00+00:00,0.7778293000000001
2022-12-01 22:00:00+00:00,0.7778293000000001
2022-12-01 22:15:00+00:00,0.7778293000000001
2022-12-01 22:30:00+00:00,0.7778293000000001
2022-12-01 22:45:00+00:00,0.7778293000000001
2022-12-01 23:00:00+00:00,0.7778293000000001
2022-12-01 23:15:00+00:00,0.7778293000000001
2022-12-01 23:30:00+00:00,0.7778293000000001
2022-12-01 23:45:00+00:00,0.7778293000000001
2022-12-02 00:00:00+00:00,0.7778293000000001
2022-12-02 00:15:00+00:00,0.7778293000000001
2022-12-02 00:30:00+00:00,0.7778293000000001
2022-12-02 00:45:00+00:00,0.7778293000000001
2022-12-02 01:00:00+00:00,0.7778293000000001
2022-12-02 01:15:00+00:00,0.7778293000000001
2022-12-02 01:30:00+00:00,0.7778293000000001
2022-12-02 01:45:00+00:00,0.7778293000000001
2022-12-02 02:00:00+00:00,0.7778293000000001
2022-12-02 02:15:00+00:00,0.7778293000000001
2022-12-02 02:30:00+00:00,0.7778293000000001
2022-12-02 02:45:00+00:00,0.7778293000000001
2022-12-02 03:00:00+00:00,0.7778293000000001
2022-12-02 03:15:00+00:00,0.7778293000000001
2022-12-02 03:30:00+00:00,0.7778293000000001
2022-12-02 03:45:00+00:00,0.7778293000000001
2022-12-02 04:00:00+00:00,0.7778293000000001
2022-12-02 04:15:00+00:00,0.7778293000000001
2022-12-02 04:30:00+00:00,0.7778293000000001
2022-12-02 04:45:00+00:00,0.7778293000000001
2022-12-02 05:00:00+00:00,0.7778293000000001
2022-12-02 05:15:00+00:00,0.7778293000000001
2022-12-02 05:30:00+00:00,0.7778293000000001
2022-12-02 05:45:00+00:00,0.7778293000000001
2022-12-02 06:00:00+00:00,0.7778293000000001
2022-12-02 06:15:00+00:00,0.7778293000000001
2022-12-02 06:30:00+00:00,0.7778293000000001
2022-12-02 06:45:00+00:00,0.7778293000000001
2022-12-02 07:00:00+00:00,0.7778293000000001
2022-12-02 07:15:00+00:00,0.7778293000000001
2022-12-02 07:30:00+00:00,0.7778293000000001
2022-12-02 07:45:00+00:00,0.7778293000000001
2022-12-02 08:00:00+00:00,0.7778293000000001
2022-12-02 08:15:00+00:00,0.7778293000000001
2022-12-02 08:30:00+00:00,0.7778293000000001
2022-12-02 08:45:00+00:00,0.7778293000000001
2022-12-02 09:00:00+00:00,0.7778293000000001
2022-12-02 09:15:00+00:00,0.7778293000000001
2022-12-02 09:30:00+00:00,0.7778293000000001
2022-12-02 09:45:00+00:00,0.7778293000000001
2022-12-02 10:00:00+00:00,0.7778293000000001
2022-12-02 10:15:00+00:00,0.7778293000000001
2022-12-02 10:30:00+00:00,0.7778293000000001
2022-12-02 10:45:00+00:00,0.7778293000000001
2022-12-02 11:00:00+00:00,0.7778293000000001
2022-12-02 11:15:00+00:00,0.7778293000000001
2022-12-02 11:30:00+00:00,0.7778293000000001
2022-12-02 11:45:00+00:00,0.7778293000000001
2022-12-02 12:00:00+00:00,0.7778293000000001
2022-12-02 12:15:00+00:00,0.7778293000000001
2022-12-02 12:30:00+00:00,0.7778293000000001
2022-12-02 12:45:00+00:00,0.7778293000000001
2022-12-02 13:00:00+00:00,0.7778293000000001
2022-12-02 13:15:00+00:00,0.7778293000000001
2022-12-02 13:30:00+00:00,0.7778293000000001
2022-12-02 13:45:00+00:00,0.7778293000000001
2022-12-02 14:00:00+00:00,0.7778293000000001
2022-12-02 14:15:00+00:00,0.7778293000000001
2022-12-02 14:30:00+00:00,0.7778293000000001
2022-12-02 14:45:00+00:00,0.7778293000000001
2022-12-02 15:00:00+00:00,0.7778293000000001
2022-12-02 15:15:00+00:00,0.7778293000000001
2022-12-02 15:30:00+00:00,0.7778293000000001
2022-12-02 15:45:00+00:00,0.7778293000000001
2022-12-02 16:00:00+00:00,0.7778293000000001
2022-12-02 16:15:00+00:00,0.7778293000000001
2022-12-02 16:30:00+00:00,0.7778293000000001
2022-12-02 16:45:00+00:00,0.7778293000000001
2022-12-02 17:00:00+00:00,0.7778293000000001
2022-12-02 17:15:00+00:00,0.7778293000000001
2022-12-02 17:30:00+00:00,0.7778293000000001
2022-12-02 17:45:00+00:00,0.7778293000000001
2022-12-02 18:00:00+00:00,0.7778293000000001
2022-12-02 18:15:00+00:00,0.7778293000000001
2022-12-02 18:30:00+00:00,0.7778293000000001
2022-12-02 18:45:00+00:00,0.7778293000000001
2022-12-02 19:00:00+00:00,0.7778293000000001
2022-12-02 19:15:00+00:00,0.7778293000000001
2022-12-02 19:30:00+00:00,0.7778293000000001
2022-12-02 19:45:00+00:00,0.7778293000000001
2022-12-02 20:00:00+00:00,0.7778293000000001
2022-12-02 20:15:00+00:00,0.7778293000000001
2022-12-02 20:30:00+00:00,0.7778293000000001
2022-12-02 20:45:00+00:00,0.7778293000000001
2022-12-02 21:00:00+00:00,0.7778293000000001
2022-12-02 21:15:00+00:00,0.7778293000000001
2022-12-02 21:30:00+00:00,0.7778293000000001
2022-12-02 21:45:00+00:00,0.7778293000000001
2022-12-02 22:00:00+00:00,0.7778293000000001
2022-12-02 22:15:00+00:00,0.7778293000000001
2022-12-02 22:30:00+00:00,0.7778293000000001
2022-12-02 22:45:00+00:00,0.7778293000000001
2022-12-02 23:00:00+00:00,0.7778293000000001
2022-12-02 23:15:00+00:00,0.7778293000000001
2022-12-02 23:30:00+00:00,0.7778293000000001
2022-12-02 23:45:00+00:00,0.7778293000000001
2022-12-03 00:00:00+00:00,0.7778293000000001
2022-12-03 00:15:00+00:00,0.7778293000000001
2022-12-03 00:30:00+00:00,0.7778293000000001
2022-12-03 00:45:00+00:00,0.7778293000000001
2022-12-03 01:00:00+00:00,0.7778293000000001
2022-12-03 01:15:00+00:00,0.7778293000000001
2022-12-03 01:30:00+00:00,0.7778293000000001
2022-12-03 01:45:00+00:00,0.7778293000000001
2022-12-03 02:00:00+00:00,0.7778293000000001
2022-12-03 02:15:00+00:00,0.7778293000000001
2022-12-03 02:30:00+00:00,0.7778293000000001
2022-12-03 02:45:00+00:00,0.7778293000000001
2022-12-03 03:00:00+00:00,0.7778293000000001
2022-12-03 03:15:00+00:00,0.7778293000000001
2022-12-03 03:30:00+00:00,0.7778293000000001
2022-12-03 03:45:00+00:00,0.7778293000000001
2022-12-03 04:00:00+00:00,0.7778293000000001
2022-12-03 04:15:00+00:00,0.7778293000000001
2022-12-03 04:30:00+00:00,0.7778293000000001
2022-12-03 04:45:00+00:00,0.7778293000000001
2022-12-03 05:00:00+00:00,0.7778293000000001
2022-12-03 05:15:00+00:00,0.7778293000000001
2022-12-03 05:30:00+00:00,0.7778293000000001
2022-12-03 05:45:00+00:00,0.7778293000000001
2022-12-03 06:00:00+00:00,0.7778293000000001
2022-12-03 06:15:00+00:00,0.7778293000000001
2022-12-03 06:30:00+00:00,0.7778293000000001
2022-12-03 06:45:00+00:00,0.7778293000000001
2022-12-03 07:00:00+00:00,0.7778293000000001
2022-12-03 07:15:00+00:00,0.7778293000000001
2022-12-03 07:30:00+00:00,0.7778293000000001
2022-12-03 07:45:00+00:00,0.7778293000000001
2022-12-03 08:00:00+00:00,0.7778293000000001
2022-12-03 08:15:00+00:00,0.7778293000000001
2022-12-03 08:30:00+00:00,0.7778293000000001
2022-12-03 08:45:00+00:00,0.7778293000000001
2022-12-03 09:00:00+00:00,0.7778293000000001
2022-12-03 09:15:00+00:00,0.7778293000000001
2022-12-03 09:30:00+00:00,0.7778293000000001
2022-12-03 09:45:00+00:00,0.7778293000000001
2022-12-03 10:00:00+00:00,0.7778293000000001
2022-12-03 10:15:00+00:00,0.7778293000000001
2022-12-03 10:30:00+00:00,0.7778293000000001
2022-12-03 10:45:00+00:00,0.7778293000000001
2022-12-03 11:00:00+00:00,0.7778293000000001
2022-12-03 11:15:00+00:00,0.7778293000000001
2022-12-03 11:30:00+00:00,0.7778293000000001
2022-12-03 11:45:00+00:00,0.7778293000000001
2022-12-03 12:00:00+00:00,0.7778293000000001
2022-12-03 12:15:00+00:00,0.7778293000000001
2022-12-03 12:30:00+00:00,0.7778293000000001
2022-12-03 12:45:00+00:00,0.7778293000000001
2022-12-03 13:00:00+00:00,0.7778293000000001
2022-12-03 13:15:00+00:00,0.7778293000000001
2022-12-03 13:30:00+00:00,0.7778293000000001
2022-12-03 13:45:00+00:00,0.7778293000000001
2022-12-03 14:00:00+00:00,0.7778293000000001
2022-12-03 14:15:00+00:00,0.7778293000000001
2022-12-03 14:30:00+00:00,0.7778293000000001
2022-12-03 14:45:00+00:00,0.7778293000000001
2022-12-03 15:00:00+00:00,0.7778293000000001
2022-12-03 15:15:00+00:00,0.7778293000000001
2022-12-03 15:30:00+00:00,0.7778293000000001
2022-12-03 15:45:00+00:00,0.7778293000000001
2022-12-03 16:00:00+00:00,0.7778293000000001
2022-12-03 16:15:00+00:00,0.7778293000000001
2022-12-03 16:30:00+00:00,0.7778293000000001
2022-12-03 16:45:00+00:00,0.7778293000000001
2022-12-03 17:00:00+00:00,0.7778293000000001
2022-12-03 17:15:00+00:00,0.7778293000000001
2022-12-03 17:30:00+00:00,0.7778293000000001
2022-12-03 17:45:00+00:00,0.7778293000000001
2022-12-03 18:00:00+00:00,0.7778293000000001
2022-12-03 18:15:00+00:00,0.7778293000000001
2022-12-03 18:30:00+00:00,0.7778293000000001
2022-12-03 18:45:00+00:00,0.7778293000000001
2022-12-03 19:00:00+00:00,0.7778293000000001
2022-12-03 19:15:00+00:00,0.7778293000000001
2022-12-03 19:30:00+00:00,0.7778293000000001
2022-12-03 19:45:00+00:00,0.7778293000000001
2022-12-03 20:00:00+00:00,0.7778293000000001
2022-12-03 20:15:00+00:00,0.7778293000000001
2022-12-03 20:30:00+00:00,0.7778293000000001
2022-12-03 20:45:00+00:00,0.7778293000000001
2022-12-03 21:00:00+00:00,0.7778293000000001
2022-12-03 21:15:00+00:00,0.7778293000000001
2022-12-03 21:30:00+00:00,0.7778293000000001
2022-12-03 21:45:00+00:00,0.7778293000000001
2022-12-03 22:00:00+00:00,0.7778293000000001
2022-12-03 22:15:00+00:00,0.7778293000000001
2022-12-03 22:30:00+00:00,0.7778293000000001
2022-12-03 22:45:00+00:00,0.7778293000000001
2022-12-03 23:00:00+00:00,0.7778293000000001
2022-12-03 23:15:00+00:00,0.7778293000000001
2022-12-03 23:30:00+00:00,0.7778293000000001
2022-12-03 23:45:00+00:00,0.7778293000000001
2022-12-04 00:00:00+00:00,0.7778293000000001
2022-12-04 00:15:00+00:00,0.7778293000000001
2022-12-04 00:30:00+00:00,0.7778293000000001
2022-12-04 00:45:00+00:00,0.7778293000000001
2022-12-04 01:00:00+00:00,0.7778293000000001
2022-12-04 01:15:00+00:00,0.7778293000000001
2022-12-04 01:30:00+00:00,0.7778293000000001
2022-12-04 01:45:00+00:00,0.7778293000000001
2022-12-04 02:00:00+00:00,0.7778293000000001
2022-12-04 02:15:00+00:00,0.7778293000000001
2022-12-04 02:30:00+00:00,0.7778293000000001
2022-12-04 02:45:00+00:00,0.7778293000000001
2022-12-04 03:00:00+00:00,0.7778293000000001
2022-12-04 03:15:00+00:00,0.7778293000000001
2022-12-04 03:30:00+00:00,0.7778293000000001
2022-12-04 03:45:00+00:00,0.7778293000000001
2022-12-04 04:00:00+00:00,0.7778293000000001
2022-12-04 04:15:00+00:00,0.7778293000000001
2022-12-04 04:30:00+00:00,0.7778293000000001
2022-12-04 04:45:00+00:00,0.7778293000000001
2022-12-04 05:00:00+00:00,0.7778293000000001
2022-12-04 05:15:00+00:00,0.7778293000000001
2022-12-04 05:30:00+00:00,0.7778293000000001
2022-12-04 05:45:00+00:00,0.7778293000000001
2022-12-04 06:00:00+00:00,0.7778293000000001
2022-12-04 06:15:00+00:00,0.7778293000000001
2022-12-04 06:30:00+00:00,0.7778293000000001
2022-12-04 06:45:00+00:00,0.7778293000000001
2022-12-04 07:00:00+00:00,0.7778293000000001
2022-12-04 07:15:00+00:00,0.7778293000000001
2022-12-04 07:30:00+00:00,0.7778293000000001
2022-12-04 07:45:00+00:00,0.7778293000000001
2022-12-04 08:00:00+00:00,0.7778293000000001
2022-12-04 08:15:00+00:00,0.7778293000000001
2022-12-04 08:30:00+00:00,0.7778293000000001
2022-12-04 08:45:00+00:00,0.7778293000000001
2022-12-04 09:00:00+00:00,0.7778293000000001
2022-12-04 09:15:00+00:00,0.7778293000000001
2022-12-04 09:30:00+00:00,0.7778293000000001
2022-12-04 09:45:00+00:00,0.7778293000000001
2022-12-04 10:00:00+00:00,0.7778293000000001
2022-12-04 10:15:00+00:00,0.7778293000000001
2022-12-04 10:30:00+00:00,0.7778293000000001
2022-12-04 10:45:00+00:00,0.7778293000000001
2022-12-04 11:00:00+00:00,0.7778293000000001
2022-12-04 11:15:00+00:00,0.7778293000000001
2022-12-04 11:30:00+00:00,0.7778293000000001
2022-12-04 11:45:00+00:00,0.7778293000000001
2022-12-04 12:00:00+00:00,0.7778293000000001
2022-12-04 12:15:00+00:00,0.7778293000000001
2022-12-04 12:30:00+00:00,0.7778293000000001
2022-12-04 12:45:00+00:00,0.7778293000000001
2022-12-04 13:00:00+00:00,0.7778293000000001
2022-12-04 13:15:00+00:00,0.7778293000000001
2022-12-04 13:30:00+00:00,0.7778293000000001
2022-12-04 13:45:00+00:00,0.7778293000000001
2022-12-04 14:00:00+00:00,0.7778293000000001
2022-12-04 14:15:00+00:00,0.7778293000000001
2022-12-04 14:30:00+00:00,0.7778293000000001
2022-12-04 14:45:00+00:00,0.7778293000000001
2022-12-04 15:00:00+00:00,0.7778293000000001
2022-12-04 15:15:00+00:00,0.7778293000000001
2022-12-04 15:30:00+00:00,0.7778293000000001
2022-12-04 15:45:00+00:00,0.7778293000000001
2022-12-04 16:00:00+00:00,0.7778293000000001
2022-12-04 16:15:00+00:00,0.7778293000000001
2022-12-04 16:30:00+00:00,0.7778293000000001
2022-12-04 16:45:00+00:00,0.7778293000000001
2022-12-04 17:00:00+00:00,0.7778293000000001
2022-12-04 17:15:00+00:00,0.7778293000000001
2022-12-04 17:30:00+00:00,0.7778293000000001
2022-12-04 17:45:00+00:00,0.7778293000000001
2022-12-04 18:00:00+00:00,0.7778293000000001
2022-12-04 18:15:00+00:00,0.7778293000000001
2022-12-04 18:30:00+00:00,0.7778293000000001
2022-12-04 18:45:00+00:00,0.7778293000000001
2022-12-04 19:00:00+00:00,0.7778293000000001
2022-12-04 19:15:00+00:00,0.7778293000000001
2022-12-04 19:30:00+00:00,0.7778293000000001
2022-12-04 19:45:00+00:00,0.7778293000000001
2022-12-04 20:00:00+00:00,0.7778293000000001
2022-12-04 20:15:00+00:00,0.7778293000000001
2022-12-04 20:30:00+00:00,0.7778293000000001
2022-12-04 20:45:00+00:00,0.7778293000000001
2022-12-04 21:00:00+00:00,0.7778293000000001
2022-12-04 21:15:00+00:00,0.7778293000000001
2022-12-04 21:30:00+00:00,0.7778293000000001
2022-12-04 21:45:00+00:00,0.7778293000000001
2022-12-04 22:00:00+00:00,0.7778293000000001
2022-12-04 22:15:00+00:00,0.7778293000000001
2022-12-04 22:30:00+00:00,0.7778293000000001
2022-12-04 22:45:00+00:00,0.7778293000000001
2022-12-04 23:00:00+00:00,0.7778293000000001
2022-12-04 23:15:00+00:00,0.7778293000000001
2022-12-04 23:30:00+00:00,0.7778293000000001
2022-12-04 23:45:00+00:00,0.7778293000000001
2022-12-05 00:00:00+00:00,0.7778293000000001
2022-12-05 00:15:00+00:00,0.7778293000000001
2022-12-05 00:30:00+00:00,0.7778293000000001
2022-12-05 00:45:00+00:00,0.7778293000000001
2022-12-05 01:00:00+00:00,0.7778293000000001
2022-12-05 01:15:00+00:00,0.7778293000000001
2022-12-05 01:30:00+00:00,0.7778293000000001
2022-12-05 01:45:00+00:00,0.7778293000000001
2022-12-05 02:00:00+00:00,0.7778293000000001
2022-12-05 02:15:00+00:00,0.7778293000000001
2022-12-05 02:30:00+00:00,0.7778293000000001
2022-12-05 02:45:00+00:00,0.7778293000000001
2022-12-05 03:00:00+00:00,0.7778293000000001
2022-12-05 03:15:00+00:00,0.7778293000000001
2022-12-05 03:30:00+00:00,0.7778293000000001
2022-12-05 03:45:00+00:00,0.7778293000000001
2022-12-05 04:00:00+00:00,0.7778293000000001
2022-12-05 04:15:00+00:00,0.7778293000000001
2022-12-05 04:30:00+00:00,0.7778293000000001
2022-12-05 04:45:00+00:00,0.7778293000000001
2022-12-05 05:00:00+00:00,0.7778293000000001
2022-12-05 05:15:00+00:00,0.7778293000000001
2022-12-05 05:30:00+00:00,0.7778293000000001
2022-12-05 05:45:00+00:00,0.7778293000000001
2022-12-05 06:00:00+00:00,0.7778293000000001
2022-12-05 06:15:00+00:00,0.7778293000000001
2022-12-05 06:30:00+00:00,0.7778293000000001
2022-12-05 06:45:00+00:00,0.7778293000000001
2022-12-05 07:00:00+00:00,0.7778293000000001
2022-12-05 07:15:00+00:00,0.7778293000000001
2022-12-05 07:30:00+00:00,0.7778293000000001
2022-12-05 07:45:00+00:00,0.7778293000000001
2022-12-05 08:00:00+00:00,0.7778293000000001
2022-12-05 08:15:00+00:00,0.7778293000000001
2022-12-05 08:30:00+00:00,0.7778293000000001
2022-12-05 08:45:00+00:00,0.7778293000000001
2022-12-05 09:00:00+00:00,0.7778293000000001
2022-12-05 09:15:00+00:00,0.7778293000000001
2022-12-05 09:30:00+00:00,0.7778293000000001
2022-12-05 09:45:00+00:00,0.7778293000000001
2022-12-05 10:00:00+00:00,0.7778293000000001
2022-12-05 10:15:00+00:00,0.7778293000000001
2022-12-05 10:30:00+00:00,0.7778293000000001
2022-12-05 10:45:00+00:00,0.7778293000000001
2022-12-05 11:00:00+00:00,0.7778293000000001
2022-12-05 11:15:00+00:00,0.7778293000000001
2022-12-05 11:30:00+00:00,0.7778293000000001
2022-12-05 11:45:00+00:00,0.7778293000000001
2022-12-05 12:00:00+00:00,0.7778293000000001
2022-12-05 12:15:00+00:00,0.7778293000000001
2022-12-05 12:30:00+00:00,0.7778293000000001
2022-12-05 12:45:00+00:00,0.7778293000000001
2022-12-05 13:00:00+00:00,0.7778293000000001
2022-12-05 13:15:00+00:00,0.7778293000000001
2022-12-05 13:30:00+00:00,0.7778293000000001
2022-12-05 13:45:00+00:00,0.7778293000000001
2022-12-05 14:00:00+00:00,0.7778293000000001
2022-12-05 14:15:00+00:00,0.7778293000000001
2022-12-05 14:30:00+00:00,0.7778293000000001
2022-12-05 14:45:00+00:00,0.7778293000000001
2022-12-05 15:00:00+00:00,0.7778293000000001
2022-12-05 15:15:00+00:00,0.7778293000000001
2022-12-05 15:30:00+00:00,0.7778293000000001
2022-12-05 15:45:00+00:00,0.7778293000000001
2022-12-05 16:00:00+00:00,0.7778293000000001
2022-12-05 16:15:00+00:00,0.7778293000000001
2022-12-05 16:30:00+00:00,0.7778293000000001
2022-12-05 16:45:00+00:00,0.7778293000000001
2022-12-05 17:00:00+00:00,0.7778293000000001
2022-12-05 17:15:00+00:00,0.7778293000000001
2022-12-05 17:30:00+00:00,0.7778293000000001
2022-12-05 17:45:00+00:00,0.7778293000000001
2022-12-05 18:00:00+00:00,0.7778293000000001
2022-12-05 18:15:00+00:00,0.7778293000000001
2022-12-05 18:30:00+00:00,0.7778293000000001
2022-12-05 18:45:00+00:00,0.7778293000000001
2022-12-05 19:00:00+00:00,0.7778293000000001
2022-12-05 19:15:00+00:00,0.7778293000000001
2022-12-05 19:30:00+00:00,0.7778293000000001
2022-12-05 19:45:00+00:00,0.7778293000000001
2022-12-05 20:00:00+00:00,0.7778293000000001
2022-12-05 20:15:00+00:00,0.7778293000000001
2022-12-05 20:30:00+00:00,0.7778293000000001
2022-12-05 20:45:00+00:00,0.7778293000000001
2022-12-05 21:00:00+00:00,0.7778293000000001
2022-12-05 21:15:00+00:00,0.7778293000000001
2022-12-05 21:30:00+00:00,0.7778293000000001
2022-12-05 21:45:00+00:00,0.7778293000000001
2022-12-05 22:00:00+00:00,0.7778293000000001
2022-12-05 22:15:00+00:00,0.7778293000000001
2022-12-05 22:30:00+00:00,0.7778293000000001
2022-12-05 22:45:00+00:00,0.7778293000000001
2022-12-05 23:00:00+00:00,0.7778293000000001
2022-12-05 23:15:00+00:00,0.7778293000000001
2022-12-05 23:30:00+00:00,0.7778293000000001
2022-12-05 23:45:00+00:00,0.7778293000000001
2022-12-06 00:00:00+00:00,0.7778293000000001
2022-12-06 00:15:00+00:00,0.7778293000000001
2022-12-06 00:30:00+00:00,0.7778293000000001
2022-12-06 00:45:00+00:00,0.7778293000000001
2022-12-06 01:00:00+00:00,0.7778293000000001
2022-12-06 01:15:00+00:00,0.7778293000000001
2022-12-06 01:30:00+00:00,0.7778293000000001
2022-12-06 01:45:00+00:00,0.7778293000000001
2022-12-06 02:00:00+00:00,0.7778293000000001
2022-12-06 02:15:00+00:00,0.7778293000000001
2022-12-06 02:30:00+00:00,0.7778293000000001
2022-12-06 02:45:00+00:00,0.7778293000000001
2022-12-06 03:00:00+00:00,0.7778293000000001
2022-12-06 03:15:00+00:00,0.7778293000000001
2022-12-06 03:30:00+00:00,0.7778293000000001
2022-12-06 03:45:00+00:00,0.7778293000000001
2022-12-06 04:00:00+00:00,0.7778293000000001
2022-12-06 04:15:00+00:00,0.7778293000000001
2022-12-06 04:30:00+00:00,0.7778293000000001
2022-12-06 04:45:00+00:00,0.7778293000000001
2022-12-06 05:00:00+00:00,0.7778293000000001
2022-12-06 05:15:00+00:00,0.7778293000000001
2022-12-06 05:30:00+00:00,0.7778293000000001
2022-12-06 05:45:00+00:00,0.7778293000000001
2022-12-06 06:00:00+00:00,0.7778293000000001
2022-12-06 06:15:00+00:00,0.7778293000000001
2022-12-06 06:30:00+00:00,0.7778293000000001
2022-12-06 06:45:00+00:00,0.7778293000000001
2022-12-06 07:00:00+00:00,0.7778293000000001
2022-12-06 07:15:00+00:00,0.7778293000000001
2022-12-06 07:30:00+00:00,0.7778293000000001
2022-12-06 07:45:00+00:00,0.7778293000000001
2022-12-06 08:00:00+00:00,0.7778293000000001
2022-12-06 08:15:00+00:00,0.7778293000000001
2022-12-06 08:30:00+00:00,0.7778293000000001
2022-12-06 08:45:00+00:00,0.7778293000000001
2022-12-06 09:00:00+00:00,0.7778293000000001
2022-12-06 09:15:00+00:00,0.7778293000000001
2022-12-06 09:30:00+00:00,0.7778293000000001
2022-12-06 09:45:00+00:00,0.7778293000000001
2022-12-06 10:00:00+00:00,0.7778293000000001
2022-12-06 10:15:00+00:00,0.7778293000000001
2022-12-06 10:30:00+00:00,0.7778293000000001
2022-12-06 10:45:00+00:00,0.7778293000000001
2022-12-06 11:00:00+00:00,0.7778293000000001
2022-12-06 11:15:00+00:00,0.7778293000000001
2022-12-06 11:30:00+00:00,0.7778293000000001
2022-12-06 11:45:00+00:00,0.7778293000000001
2022-12-06 12:00:00+00:00,0.7778293000000001
2022-12-06 12:15:00+00:00,0.7778293000000001
2022-12-06 12:30:00+00:00,0.7778293000000001
2022-12-06 12:45:00+00:00,0.7778293000000001
2022-12-06 13:00:00+00:00,0.7778293000000001
2022-12-06 13:15:00+00:00,0.7778293000000001
2022-12-06 13:30:00+00:00,0.7778293000000001
2022-12-06 13:45:00+00:00,0.7778293000000001
2022-12-06 14:00:00+00:00,0.7778293000000001
2022-12-06 14:15:00+00:00,0.7778293000000001
2022-12-06 14:30:00+00:00,0.7778293000000001
2022-12-06 14:45:00+00:00,0.7778293000000001
2022-12-06 15:00:00+00:00,0.7778293000000001
2022-12-06 15:15:00+00:00,0.7778293000000001
2022-12-06 15:30:00+00:00,0.7778293000000001
2022-12-06 15:45:00+00:00,0.7778293000000001
2022-12-06 16:00:00+00:00,0.7778293000000001
2022-12-06 16:15:00+00:00,0.7778293000000001
2022-12-06 16:30:00+00:00,0.7778293000000001
2022-12-06 16:45:00+00:00,0.7778293000000001
2022-12-06 17:00:00+00:00,0.7778293000000001
2022-12-06 17:15:00+00:00,0.7778293000000001
2022-12-06 17:30:00+00:00,0.7778293000000001
2022-12-06 17:45:00+00:00,0.7778293000000001
2022-12-06 18:00:00+00:00,0.7778293000000001
2022-12-06 18:15:00+00:00,0.7778293000000001
2022-12-06 18:30:00+00:00,0.7778293000000001
2022-12-06 18:45:00+00:00,0.7778293000000001
2022-12-06 19:00:00+00:00,0.7778293000000001
2022-12-06 19:15:00+00:00,0.7778293000000001
2022-12-06 19:30:00+00:00,0.7778293000000001
2022-12-06 19:45:00+00:00,0.7778293000000001
2022-12-06 20:00:00+00:00,0.7778293000000001
2022-12-06 20:15:00+00:00,0.7778293000000001
2022-12-06 20:30:00+00:00,0.7778293000000001
2022-12-06 20:45:00+00:00,0.7778293000000001
2022-12-06 21:00:00+00:00,0.7778293000000001
2022-12-06 21:15:00+00:00,0.7778293000000001
2022-12-06 21:30:00+00:00,0.7778293000000001
2022-12-06 21:45:00+00:00,0.7778293000000001
2022-12-06 22:00:00+00:00,0.7778293000000001
2022-12-06 22:15:00+00:00,0.7778293000000001
2022-12-06 22:30:00+00:00,0.7778293000000001
2022-12-06 22:45:00+00:00,0.7778293000000001
2022-12-06 23:00:00+00:00,0.7778293000000001
2022-12-06 23:15:00+00:00,0.7778293000000001
2022-12-06 23:30:00+00:00,0.7778293000000001
2022-12-06 23:45:00+00:00,0.7778293000000001
2022-12-07 00:00:00+00:00,0.7778293000000001
2022-12-07 00:15:00+00:00,0.7778293000000001
2022-12-07 00:30:00+00:00,0.7778293000000001
2022-12-07 00:45:00+00:00,0.7778293000000001
2022-12-07 01:00:00+00:00,0.7778293000000001
2022-12-07 01:15:00+00:00,0.7778293000000001
2022-12-07 01:30:00+00:00,0.7778293000000001
2022-12-07 01:45:00+00:00,0.7778293000000001
2022-12-07 02:00:00+00:00,0.7778293000000001
2022-12-07 02:15:00+00:00,0.7778293000000001
2022-12-07 02:30:00+00:00,0.7778293000000001
2022-12-07 02:45:00+00:00,0.7778293000000001
2022-12-07 03:00:00+00:00,0.7778293000000001
2022-12-07 03:15:00+00:00,0.7778293000000001
2022-12-07 03:30:00+00:00,0.7778293000000001
2022-12-07 03:45:00+00:00,0.7778293000000001
2022-12-07 04:00:00+00:00,0.7778293000000001
2022-12-07 04:15:00+00:00,0.7778293000000001
2022-12-07 04:30:00+00:00,0.7778293000000001
2022-12-07 04:45:00+00:00,0.7778293000000001
2022-12-07 05:00:00+00:00,0.7778293000000001
2022-12-07 05:15:00+00:00,0.7778293000000001
2022-12-07 05:30:00+00:00,0.7778293000000001
2022-12-07 05:45:00+00:00,0.7778293000000001
2022-12-07 06:00:00+00:00,0.7778293000000001
2022-12-07 06:15:00+00:00,0.7778293000000001
2022-12-07 06:30:00+00:00,0.7778293000000001
2022-12-07 06:45:00+00:00,0.7778293000000001
2022-12-07 07:00:00+00:00,0.7778293000000001
2022-12-07 07:15:00+00:00,0.7778293000000001
2022-12-07 07:30:00+00:00,0.7778293000000001
2022-12-07 07:45:00+00:00,0.7778293000000001
2022-12-07 08:00:00+00:00,0.7778293000000001
2022-12-07 08:15:00+00:00,0.7778293000000001
2022-12-07 08:30:00+00:00,0.7778293000000001
2022-12-07 08:45:00+00:00,0.7778293000000001
2022-12-07 09:00:00+00:00,0.7778293000000001
2022-12-07 09:15:00+00:00,0.7778293000000001
2022-12-07 09:30:00+00:00,0.7778293000000001
2022-12-07 09:45:00+00:00,0.7778293000000001
2022-12-07 10:00:00+00:00,0.7778293000000001
2022-12-07 10:15:00+00:00,0.7778293000000001
2022-12-07 10:30:00+00:00,0.7778293000000001
2022-12-07 10:45:00+00:00,0.7778293000000001
2022-12-07 11:00:00+00:00,0.7778293000000001
2022-12-07 11:15:00+00:00,0.7778293000000001
2022-12-07 11:30:00+00:00,0.7778293000000001
2022-12-07 11:45:00+00:00,0.7778293000000001
2022-12-07 12:00:00+00:00,0.7778293000000001
2022-12-07 12:15:00+00:00,0.7778293000000001
2022-12-07 12:30:00+00:00,0.7778293000000001
2022-12-07 12:45:00+00:00,0.7778293000000001
2022-12-07 13:00:00+00:00,0.7778293000000001
2022-12-07 13:15:00+00:00,0.7778293000000001
2022-12-07 13:30:00+00:00,0.7778293000000001
2022-12-07 13:45:00+00:00,0.7778293000000001
2022-12-07 14:00:00+00:00,0.7778293000000001
2022-12-07 14:15:00+00:00,0.7778293000000001
2022-12-07 14:30:00+00:00,0.7778293000000001
2022-12-07 14:45:00+00:00,0.7778293000000001
2022-12-07 15:00:00+00:00,0.7778293000000001
2022-12-07 15:15:00+00:00,0.7778293000000001
2022-12-07 15:30:00+00:00,0.7778293000000001
2022-12-07 15:45:00+00:00,0.7778293000000001
2022-12-07 16:00:00+00:00,0.7778293000000001
2022-12-07 16:15:00+00:00,0.7778293000000001
2022-12-07 16:30:00+00:00,0.7778293000000001
2022-12-07 16:45:00+00:00,0.7778293000000001
2022-12-07 17:00:00+00:00,0.7778293000000001
2022-12-07 17:15:00+00:00,0.7778293000000001
2022-12-07 17:30:00+00:00,0.7778293000000001
2022-12-07 17:45:00+00:00,0.7778293000000001
2022-12-07 18:00:00+00:00,0.7778293000000001
2022-12-07 18:15:00+00:00,0.7778293000000001
2022-12-07 18:30:00+00:00,0.7778293000000001
2022-12-07 18:45:00+00:00,0.7778293000000001
2022-12-07 19:00:00+00:00,0.7778293000000001
2022-12-07 19:15:00+00:00,0.7778293000000001
2022-12-07 19:30:00+00:00,0.7778293000000001
2022-12-07 19:45:00+00:00,0.7778293000000001
2022-12-07 20:00:00+00:00,0.7778293000000001
2022-12-07 20:15:00+00:00,0.7778293000000001
2022-12-07 20:30:00+00:00,0.7778293000000001
2022-12-07 20:45:00+00:00,0.7778293000000001
2022-12-07 21:00:00+00:00,0.7778293000000001
2022-12-07 21:15:00+00:00,0.7778293000000001
2022-12-07 21:30:00+00:00,0.7778293000000001
2022-12-07 21:45:00+00:00,0.7778293000000001
2022-12-07 22:00:00+00:00,0.7778293000000001
2022-12-07 22:15:00+00:00,0.7778293000000001
2022-12-07 22:30:00+00:00,0.7778293000000001
2022-12-07 22:45:00+00:00,0.7778293000000001
2022-12-07 23:00:00+00:00,0.7778293000000001
2022-12-07 23:15:00+00:00,0.7778293000000001
2022-12-07 23:30:00+00:00,0.7778293000000001
2022-12-07 23:45:00+00:00,0.7778293000000001
2022-12-08 00:00:00+00:00,0.7778293000000001
2022-12-08 00:15:00+00:00,0.7778293000000001
2022-12-08 00:30:00+00:00,0.7778293000000001
2022-12-08 00:45:00+00:00,0.7778293000000001
2022-12-08 01:00:00+00:00,0.7778293000000001
2022-12-08 01:15:00+00:00,0.7778293000000001
2022-12-08 01:30:00+00:00,0.7778293000000001
2022-12-08 01:45:00+00:00,0.7778293000000001
2022-12-08 02:00:00+00:00,0.7778293000000001
2022-12-08 02:15:00+00:00,0.7778293000000001
2022-12-08 02:30:00+00:00,0.7778293000000001
2022-12-08 02:45:00+00:00,0.7778293000000001
2022-12-08 03:00:00+00:00,0.7778293000000001
2022-12-08 03:15:00+00:00,0.7778293000000001
2022-12-08 03:30:00+00:00,0.7778293000000001
2022-12-08 03:45:00+00:00,0.7778293000000001
2022-12-08 04:00:00+00:00,0.7778293000000001
2022-12-08 04:15:00+00:00,0.7778293000000001
2022-12-08 04:30:00+00:00,0.7778293000000001
2022-12-08 04:45:00+00:00,0.7778293000000001
2022-12-08 05:00:00+00:00,0.7778293000000001
2022-12-08 05:15:00+00:00,0.7778293000000001
2022-12-08 05:30:00+00:00,0.7778293000000001
2022-12-08 05:45:00+00:00,0.7778293000000001
2022-12-08 06:00:00+00:00,0.7778293000000001
2022-12-08 06:15:00+00:00,0.7778293000000001
2022-12-08 06:30:00+00:00,0.7778293000000001
2022-12-08 06:45:00+00:00,0.7778293000000001
2022-12-08 07:00:00+00:00,0.7778293000000001
2022-12-08 07:15:00+00:00,0.7778293000000001
2022-12-08 07:30:00+00:00,0.7778293000000001
2022-12-08 07:45:00+00:00,0.7778293000000001
2022-12-08 08:00:00+00:00,0.7778293000000001
2022-12-08 08:15:00+00:00,0.7778293000000001
2022-12-08 08:30:00+00:00,0.7778293000000001
2022-12-08 08:45:00+00:00,0.7778293000000001
2022-12-08 09:00:00+00:00,0.7778293000000001
2022-12-08 09:15:00+00:00,0.7778293000000001
2022-12-08 09:30:00+00:00,0.7778293000000001
2022-12-08 09:45:00+00:00,0.7778293000000001
2022-12-08 10:00:00+00:00,0.7778293000000001
2022-12-08 10:15:00+00:00,0.7778293000000001
2022-12-08 10:30:00+00:00,0.7778293000000001
2022-12-08 10:45:00+00:00,0.7778293000000001
2022-12-08 11:00:00+00:00,0.7778293000000001
2022-12-08 11:15:00+00:00,0.7778293000000001
2022-12-08 11:30:00+00:00,0.7778293000000001
2022-12-08 11:45:00+00:00,0.7778293000000001
2022-12-08 12:00:00+00:00,0.7778293000000001
2022-12-08 12:15:00+00:00,0.7778293000000001
2022-12-08 12:30:00+00:00,0.7778293000000001
2022-12-08 12:45:00+00:00,0.7778293000000001
2022-12-08 13:00:00+00:00,0.7778293000000001
2022-12-08 13:15:00+00:00,0.7778293000000001
2022-12-08 13:30:00+00:00,0.7778293000000001
2022-12-08 13:45:00+00:00,0.7778293000000001
2022-12-08 14:00:00+00:00,0.7778293000000001
2022-12-08 14:15:00+00:00,0.7778293000000001
2022-12-08 14:30:00+00:00,0.7778293000000001
2022-12-08 14:45:00+00:00,0.7778293000000001
2022-12-08 15:00:00+00:00,0.7778293000000001
2022-12-08 15:15:00+00:00,0.7778293000000001
2022-12-08 15:30:00+00:00,0.7778293000000001
2022-12-08 15:45:00+00:00,0.7778293000000001
2022-12-08 16:00:00+00:00,0.7778293000000001
2022-12-08 16:15:00+00:00,0.7778293000000001
2022-12-08 16:30:00+00:00,0.7778293000000001
2022-12-08 16:45:00+00:00,0.7778293000000001
2022-12-08 17:00:00+00:00,0.7778293000000001
2022-12-08 17:15:00+00:00,0.7778293000000001
2022-12-08 17:30:00+00:00,0.7778293000000001
2022-12-08 17:45:00+00:00,0.7778293000000001
2022-12-08 18:00:00+00:00,0.7778293000000001
2022-12-08 18:15:00+00:00,0.7778293000000001
2022-12-08 18:30:00+00:00,0.7778293000000001
2022-12-08 18:45:00+00:00,0.7778293000000001
2022-12-08 19:00:00+00:00,0.7778293000000001
2022-12-08 19:15:00+00:00,0.7778293000000001
2022-12-08 19:30:00+00:00,0.7778293000000001
2022-12-08 19:45:00+00:00,0.7778293000000001
2022-12-08 20:00:00+00:00,0.7778293000000001
2022-12-08 20:15:00+00:00,0.7778293000000001
2022-12-08 20:30:00+00:00,0.7778293000000001
2022-12-08 20:45:00+00:00,0.7778293000000001
2022-12-08 21:00:00+00:00,0.7778293000000001
2022-12-08 21:15:00+00:00,0.7778293000000001
2022-12-08 21:30:00+00:00,0.7778293000000001
2022-12-08 21:45:00+00:00,0.7778293000000001
2022-12-08 22:00:00+00:00,0.7778293000000001
2022-12-08 22:15:00+00:00,0.7778293000000001
2022-12-08 22:30:00+00:00,0.7778293000000001
2022-12-08 22:45:00+00:00,0.7778293000000001
2022-12-08 23:00:00+00:00,0.7778293000000001
2022-12-08 23:15:00+00:00,0.7778293000000001
2022-12-08 23:30:00+00:00,0.7778293000000001
2022-12-08 23:45:00+00:00,0.7778293000000001
2022-12-09 00:00:00+00:00,0.7778293000000001
2022-12-09 00:15:00+00:00,0.7778293000000001
2022-12-09 00:30:00+00:00,0.7778293000000001
2022-12-09 00:45:00+00:00,0.7778293000000001
2022-12-09 01:00:00+00:00,0.7778293000000001
2022-12-09 01:15:00+00:00,0.7778293000000001
2022-12-09 01:30:00+00:00,0.7778293000000001
2022-12-09 01:45:00+00:00,0.7778293000000001
2022-12-09 02:00:00+00:00,0.7778293000000001
2022-12-09 02:15:00+00:00,0.7778293000000001
2022-12-09 02:30:00+00:00,0.7778293000000001
2022-12-09 02:45:00+00:00,0.7778293000000001
2022-12-09 03:00:00+00:00,0.7778293000000001
2022-12-09 03:15:00+00:00,0.7778293000000001
2022-12-09 03:30:00+00:00,0.7778293000000001
2022-12-09 03:45:00+00:00,0.7778293000000001
2022-12-09 04:00:00+00:00,0.7778293000000001
2022-12-09 04:15:00+00:00,0.7778293000000001
2022-12-09 04:30:00+00:00,0.7778293000000001
2022-12-09 04:45:00+00:00,0.7778293000000001
2022-12-09 05:00:00+00:00,0.7778293000000001
2022-12-09 05:15:00+00:00,0.7778293000000001
2022-12-09 05:30:00+00:00,0.7778293000000001
2022-12-09 05:45:00+00:00,0.7778293000000001
2022-12-09 06:00:00+00:00,0.7778293000000001
2022-12-09 06:15:00+00:00,0.7778293000000001
2022-12-09 06:30:00+00:00,0.7778293000000001
2022-12-09 06:45:00+00:00,0.7778293000000001
2022-12-09 07:00:00+00:00,0.7778293000000001
2022-12-09 07:15:00+00:00,0.7778293000000001
2022-12-09 07:30:00+00:00,0.7778293000000001
2022-12-09 07:45:00+00:00,0.7778293000000001
2022-12-09 08:00:00+00:00,0.7778293000000001
2022-12-09 08:15:00+00:00,0.7778293000000001
2022-12-09 08:30:00+00:00,0.7778293000000001
2022-12-09 08:45:00+00:00,0.7778293000000001
2022-12-09 09:00:00+00:00,0.7778293000000001
2022-12-09 09:15:00+00:00,0.7778293000000001
2022-12-09 09:30:00+00:00,0.7778293000000001
2022-12-09 09:45:00+00:00,0.7778293000000001
2022-12-09 10:00:00+00:00,0.7778293000000001
2022-12-09 10:15:00+00:00,0.7778293000000001
2022-12-09 10:30:00+00:00,0.7778293000000001
2022-12-09 10:45:00+00:00,0.7778293000000001
2022-12-09 11:00:00+00:00,0.7778293000000001
2022-12-09 11:15:00+00:00,0.7778293000000001
2022-12-09 11:30:00+00:00,0.7778293000000001
2022-12-09 11:45:00+00:00,0.7778293000000001
2022-12-09 12:00:00+00:00,0.7778293000000001
2022-12-09 12:15:00+00:00,0.7778293000000001
2022-12-09 12:30:00+00:00,0.7778293000000001
2022-12-09 12:45:00+00:00,0.7778293000000001
2022-12-09 13:00:00+00:00,0.7778293000000001
2022-12-09 13:15:00+00:00,0.7778293000000001
2022-12-09 13:30:00+00:00,0.7778293000000001
2022-12-09 13:45:00+00:00,0.7778293000000001
2022-12-09 14:00:00+00:00,0.7778293000000001
2022-12-09 14:15:00+00:00,0.7778293000000001
2022-12-09 14:30:00+00:00,0.7778293000000001
2022-12-09 14:45:00+00:00,0.7778293000000001
2022-12-09 15:00:00+00:00,0.7778293000000001
2022-12-09 15:15:00+00:00,0.7778293000000001
2022-12-09 15:30:00+00:00,0.7778293000000001
2022-12-09 15:45:00+00:00,0.7778293000000001
2022-12-09 16:00:00+00:00,0.7778293000000001
2022-12-09 16:15:00+00:00,0.7778293000000001
2022-12-09 16:30:00+00:00,0.7778293000000001
2022-12-09 16:45:00+00:00,0.7778293000000001
2022-12-09 17:00:00+00:00,0.7778293000000001
2022-12-09 17:15:00+00:00,0.7778293000000001
2022-12-09 17:30:00+00:00,0.7778293000000001
2022-12-09 17:45:00+00:00,0.7778293000000001
2022-12-09 18:00:00+00:00,0.7778293000000001
2022-12-09 18:15:00+00:00,0.7778293000000001
2022-12-09 18:30:00+00:00,0.7778293000000001
2022-12-09 18:45:00+00:00,0.7778293000000001
2022-12-09 19:00:00+00:00,0.7778293000000001
2022-12-09 19:15:00+00:00,0.7778293000000001
2022-12-09 19:30:00+00:00,0.7778293000000001
2022-12-09 19:45:00+00:00,0.7778293000000001
2022-12-09 20:00:00+00:00,0.7778293000000001
2022-12-09 20:15:00+00:00,0.7778293000000001
2022-12-09 20:30:00+00:00,0.7778293000000001
2022-12-09 20:45:00+00:00,0.7778293000000001
2022-12-09 21:00:00+00:00,0.7778293000000001
2022-12-09 21:15:00+00:00,0.7778293000000001
2022-12-09 21:30:00+00:00,0.7778293000000001
2022-12-09 21:45:00+00:00,0.7778293000000001
2022-12-09 22:00:00+00:00,0.7778293000000001
2022-12-09 22:15:00+00:00,0.7778293000000001
2022-12-09 22:30:00+00:00,0.7778293000000001
2022-12-09 22:45:00+00:00,0.7778293000000001
2022-12-09 23:00:00+00:00,0.7778293000000001
2022-12-09 23:15:00+00:00,0.7778293000000001
2022-12-09 23:30:00+00:00,0.7778293000000001
2022-12-09 23:45:00+00:00,0.7778293000000001
2022-12-10 00:00:00+00:00,0.7778293000000001
2022-12-10 00:15:00+00:00,0.7778293000000001
2022-12-10 00:30:00+00:00,0.7778293000000001
2022-12-10 00:45:00+00:00,0.7778293000000001
2022-12-10 01:00:00+00:00,0.7778293000000001
2022-12-10 01:15:00+00:00,0.7778293000000001
2022-12-10 01:30:00+00:00,0.7778293000000001
2022-12-10 01:45:00+00:00,0.7778293000000001
2022-12-10 02:00:00+00:00,0.7778293000000001
2022-12-10 02:15:00+00:00,0.7778293000000001
2022-12-10 02:30:00+00:00,0.7778293000000001
2022-12-10 02:45:00+00:00,0.7778293000000001
2022-12-10 03:00:00+00:00,0.7778293000000001
2022-12-10 03:15:00+00:00,0.7778293000000001
2022-12-10 03:30:00+00:00,0.7778293000000001
2022-12-10 03:45:00+00:00,0.7778293000000001
2022-12-10 04:00:00+00:00,0.7778293000000001
2022-12-10 04:15:00+00:00,0.7778293000000001
2022-12-10 04:30:00+00:00,0.7778293000000001
2022-12-10 04:45:00+00:00,0.7778293000000001
2022-12-10 05:00:00+00:00,0.7778293000000001
2022-12-10 05:15:00+00:00,0.7778293000000001
2022-12-10 05:30:00+00:00,0.7778293000000001
2022-12-10 05:45:00+00:00,0.7778293000000001
2022-12-10 06:00:00+00:00,0.7778293000000001
2022-12-10 06:15:00+00:00,0.7778293000000001
2022-12-10 06:30:00+00:00,0.7778293000000001
2022-12-10 06:45:00+00:00,0.7778293000000001
2022-12-10 07:00:00+00:00,0.7778293000000001
2022-12-10 07:15:00+00:00,0.7778293000000001
2022-12-10 07:30:00+00:00,0.7778293000000001
2022-12-10 07:45:00+00:00,0.7778293000000001
2022-12-10 08:00:00+00:00,0.7778293000000001
2022-12-10 08:15:00+00:00,0.7778293000000001
2022-12-10 08:30:00+00:00,0.7778293000000001
2022-12-10 08:45:00+00:00,0.7778293000000001
2022-12-10 09:00:00+00:00,0.7778293000000001
2022-12-10 09:15:00+00:00,0.7778293000000001
2022-12-10 09:30:00+00:00,0.7778293000000001
2022-12-10 09:45:00+00:00,0.7778293000000001
2022-12-10 10:00:00+00:00,0.7778293000000001
2022-12-10 10:15:00+00:00,0.7778293000000001
2022-12-10 10:30:00+00:00,0.7778293000000001
2022-12-10 10:45:00+00:00,0.7778293000000001
2022-12-10 11:00:00+00:00,0.7778293000000001
2022-12-10 11:15:00+00:00,0.7778293000000001
2022-12-10 11:30:00+00:00,0.7778293000000001
2022-12-10 11:45:00+00:00,0.7778293000000001
2022-12-10 12:00:00+00:00,0.7778293000000001
2022-12-10 12:15:00+00:00,0.7778293000000001
2022-12-10 12:30:00+00:00,0.7778293000000001
2022-12-10 12:45:00+00:00,0.7778293000000001
2022-12-10 13:00:00+00:00,0.7778293000000001
2022-12-10 13:15:00+00:00,0.7778293000000001
2022-12-10 13:30:00+00:00,0.7778293000000001
2022-12-10 13:45:00+00:00,0.7778293000000001
2022-12-10 14:00:00+00:00,0.7778293000000001
2022-12-10 14:15:00+00:00,0.7778293000000001
2022-12-10 14:30:00+00:00,0.7778293000000001
2022-12-10 14:45:00+00:00,0.7778293000000001
2022-12-10 15:00:00+00:00,0.7778293000000001
2022-12-10 15:15:00+00:00,0.7778293000000001
2022-12-10 15:30:00+00:00,0.7778293000000001
2022-12-10 15:45:00+00:00,0.7778293000000001
2022-12-10 16:00:00+00:00,0.7778293000000001
2022-12-10 16:15:00+00:00,0.7778293000000001
2022-12-10 16:30:00+00:00,0.7778293000000001
2022-12-10 16:45:00+00:00,0.7778293000000001
2022-12-10 17:00:00+00:00,0.7778293000000001
2022-12-10 17:15:00+00:00,0.7778293000000001
2022-12-10 17:30:00+00:00,0.7778293000000001
2022-12-10 17:45:00+00:00,0.7778293000000001
2022-12-10 18:00:00+00:00,0.7778293000000001
2022-12-10 18:15:00+00:00,0.7778293000000001
2022-12-10 18:30:00+00:00,0.7778293000000001
2022-12-10 18:45:00+00:00,0.7778293000000001
2022-12-10 19:00:00+00:00,0.7778293000000001
2022-12-10 19:15:00+00:00,0.7778293000000001
2022-12-10 19:30:00+00:00,0.7778293000000001
2022-12-10 19:45:00+00:00,0.7778293000000001
2022-12-10 20:00:00+00:00,0.7778293000000001
2022-12-10 20:15:00+00:00,0.7778293000000001
2022-12-10 20:30:00+00:00,0.7778293000000001
2022-12-10 20:45:00+00:00,0.7778293000000001
2022-12-10 21:00:00+00:00,0.7778293000000001
2022-12-10 21:15:00+00:00,0.7778293000000001
2022-12-10 21:30:00+00:00,0.7778293000000001
2022-12-10 21:45:00+00:00,0.7778293000000001
2022-12-10 22:00:00+00:00,0.7778293000000001
2022-12-10 22:15:00+00:00,0.7778293000000001
2022-12-10 22:30:00+00:00,0.7778293000000001
2022-12-10 22:45:00+00:00,0.7778293000000001
2022-12-10 23:00:00+00:00,0.7778293000000001
2022-12-10 23:15:00+00:00,0.7778293000000001
2022-12-10 23:30:00+00:00,0.7778293000000001
2022-12-10 23:45:00+00:00,0.7778293000000001
2022-12-11 00:00:00+00:00,0.7778293000000001
2022-12-11 00:15:00+00:00,0.7778293000000001
2022-12-11 00:30:00+00:00,0.7778293000000001
2022-12-11 00:45:00+00:00,0.7778293000000001
2022-12-11 01:00:00+00:00,0.7778293000000001
2022-12-11 01:15:00+00:00,0.7778293000000001
2022-12-11 01:30:00+00:00,0.7778293000000001
2022-12-11 01:45:00+00:00,0.7778293000000001
2022-12-11 02:00:00+00:00,0.7778293000000001
2022-12-11 02:15:00+00:00,0.7778293000000001
2022-12-11 02:30:00+00:00,0.7778293000000001
2022-12-11 02:45:00+00:00,0.7778293000000001
2022-12-11 03:00:00+00:00,0.7778293000000001
2022-12-11 03:15:00+00:00,0.7778293000000001
2022-12-11 03:30:00+00:00,0.7778293000000001
2022-12-11 03:45:00+00:00,0.7778293000000001
2022-12-11 04:00:00+00:00,0.7778293000000001
2022-12-11 04:15:00+00:00,0.7778293000000001
2022-12-11 04:30:00+00:00,0.7778293000000001
2022-12-11 04:45:00+00:00,0.7778293000000001
2022-12-11 05:00:00+00:00,0.7778293000000001
2022-12-11 05:15:00+00:00,0.7778293000000001
2022-12-11 05:30:00+00:00,0.7778293000000001
2022-12-11 05:45:00+00:00,0.7778293000000001
2022-12-11 06:00:00+00:00,0.7778293000000001
2022-12-11 06:15:00+00:00,0.7778293000000001
2022-12-11 06:30:00+00:00,0.7778293000000001
2022-12-11 06:45:00+00:00,0.7778293000000001
2022-12-11 07:00:00+00:00,0.7778293000000001
2022-12-11 07:15:00+00:00,0.7778293000000001
2022-12-11 07:30:00+00:00,0.7778293000000001
2022-12-11 07:45:00+00:00,0.7778293000000001
2022-12-11 08:00:00+00:00,0.7778293000000001
2022-12-11 08:15:00+00:00,0.7778293000000001
2022-12-11 08:30:00+00:00,0.7778293000000001
2022-12-11 08:45:00+00:00,0.7778293000000001
2022-12-11 09:00:00+00:00,0.7778293000000001
2022-12-11 09:15:00+00:00,0.7778293000000001
2022-12-11 09:30:00+00:00,0.7778293000000001
2022-12-11 09:45:00+00:00,0.7778293000000001
2022-12-11 10:00:00+00:00,0.7778293000000001
2022-12-11 10:15:00+00:00,0.7778293000000001
2022-12-11 10:30:00+00:00,0.7778293000000001
2022-12-11 10:45:00+00:00,0.7778293000000001
2022-12-11 11:00:00+00:00,0.7778293000000001
2022-12-11 11:15:00+00:00,0.7778293000000001
2022-12-11 11:30:00+00:00,0.7778293000000001
2022-12-11 11:45:00+00:00,0.7778293000000001
2022-12-11 12:00:00+00:00,0.7778293000000001
2022-12-11 12:15:00+00:00,0.7778293000000001
2022-12-11 12:30:00+00:00,0.7778293000000001
2022-12-11 12:45:00+00:00,0.7778293000000001
2022-12-11 13:00:00+00:00,0.7778293000000001
2022-12-11 13:15:00+00:00,0.7778293000000001
2022-12-11 13:30:00+00:00,0.7778293000000001
2022-12-11 13:45:00+00:00,0.7778293000000001
2022-12-11 14:00:00+00:00,0.7778293000000001
2022-12-11 14:15:00+00:00,0.7778293000000001
2022-12-11 14:30:00+00:00,0.7778293000000001
2022-12-11 14:45:00+00:00,0.7778293000000001
2022-12-11 15:00:00+00:00,0.7778293000000001
2022-12-11 15:15:00+00:00,0.7778293000000001
2022-12-11 15:30:00+00:00,0.7778293000000001
2022-12-11 15:45:00+00:00,0.7778293000000001
2022-12-11 16:00:00+00:00,0.7778293000000001
2022-12-11 16:15:00+00:00,0.7778293000000001
2022-12-11 16:30:00+00:00,0.7778293000000001
2022-12-11 16:45:00+00:00,0.7778293000000001
2022-12-11 17:00:00+00:00,0.7778293000000001
2022-12-11 17:15:00+00:00,0.7778293000000001
2022-12-11 17:30:00+00:00,0.7778293000000001
2022-12-11 17:45:00+00:00,0.7778293000000001
2022-12-11 18:00:00+00:00,0.7778293000000001
2022-12-11 18:15:00+00:00,0.7778293000000001
2022-12-11 18:30:00+00:00,0.7778293000000001
2022-12-11 18:45:00+00:00,0.7778293000000001
2022-12-11 19:00:00+00:00,0.7778293000000001
2022-12-11 19:15:00+00:00,0.7778293000000001
2022-12-11 19:30:00+00:00,0.7778293000000001
2022-12-11 19:45:00+00:00,0.7778293000000001
2022-12-11 20:00:00+00:00,0.7778293000000001
2022-12-11 20:15:00+00:00,0.7778293000000001
2022-12-11 20:30:00+00:00,0.7778293000000001
2022-12-11 20:45:00+00:00,0.7778293000000001
2022-12-11 21:00:00+00:00,0.7778293000000001
2022-12-11 21:15:00+00:00,0.7778293000000001
2022-12-11 21:30:00+00:00,0.7778293000000001
2022-12-11 21:45:00+00:00,0.7778293000000001
2022-12-11 22:00:00+00:00,0.7778293000000001
2022-12-11 22:15:00+00:00,0.7778293000000001
2022-12-11 22:30:00+00:00,0.7778293000000001
2022-12-11 22:45:00+00:00,0.7778293000000001
2022-12-11 23:00:00+00:00,0.7778293000000001
2022-12-11 23:15:00+00:00,0.7778293000000001
2022-12-11 23:30:00+00:00,0.7778293000000001
2022-12-11 23:45:00+00:00,0.7778293000000001
2022-12-12 00:00:00+00:00,0.7778293000000001
2022-12-12 00:15:00+00:00,0.7778293000000001
2022-12-12 00:30:00+00:00,0.7778293000000001
2022-12-12 00:45:00+00:00,0.7778293000000001
2022-12-12 01:00:00+00:00,0.7778293000000001
2022-12-12 01:15:00+00:00,0.7778293000000001
2022-12-12 01:30:00+00:00,0.7778293000000001
2022-12-12 01:45:00+00:00,0.7778293000000001
2022-12-12 02:00:00+00:00,0.7778293000000001
2022-12-12 02:15:00+00:00,0.7778293000000001
2022-12-12 02:30:00+00:00,0.7778293000000001
2022-12-12 02:45:00+00:00,0.7778293000000001
2022-12-12 03:00:00+00:00,0.7778293000000001
2022-12-12 03:15:00+00:00,0.7778293000000001
2022-12-12 03:30:00+00:00,0.7778293000000001
2022-12-12 03:45:00+00:00,0.7778293000000001
2022-12-12 04:00:00+00:00,0.7778293000000001
2022-12-12 04:15:00+00:00,0.7778293000000001
2022-12-12 04:30:00+00:00,0.7778293000000001
2022-12-12 04:45:00+00:00,0.7778293000000001
2022-12-12 05:00:00+00:00,0.7778293000000001
2022-12-12 05:15:00+00:00,0.7778293000000001
2022-12-12 05:30:00+00:00,0.7778293000000001
2022-12-12 05:45:00+00:00,0.7778293000000001
2022-12-12 06:00:00+00:00,0.7778293000000001
2022-12-12 06:15:00+00:00,0.7778293000000001
2022-12-12 06:30:00+00:00,0.7778293000000001
2022-12-12 06:45:00+00:00,0.7778293000000001
2022-12-12 07:00:00+00:00,0.7778293000000001
2022-12-12 07:15:00+00:00,0.7778293000000001
2022-12-12 07:30:00+00:00,0.7778293000000001
2022-12-12 07:45:00+00:00,0.7778293000000001
2022-12-12 08:00:00+00:00,0.7778293000000001
2022-12-12 08:15:00+00:00,0.7778293000000001
2022-12-12 08:30:00+00:00,0.7778293000000001
2022-12-12 08:45:00+00:00,0.7778293000000001
2022-12-12 09:00:00+00:00,0.7778293000000001
2022-12-12 09:15:00+00:00,0.7778293000000001
2022-12-12 09:30:00+00:00,0.7778293000000001
2022-12-12 09:45:00+00:00,0.7778293000000001
2022-12-12 10:00:00+00:00,0.7778293000000001
2022-12-12 10:15:00+00:00,0.7778293000000001
2022-12-12 10:30:00+00:00,0.7778293000000001
2022-12-12 10:45:00+00:00,0.7778293000000001
2022-12-12 11:00:00+00:00,0.7781173
2022-12-12 11:15:00+00:00,0.7785352
2022-12-12 11:30:00+00:00,0.7785352
2022-12-12 11:45:00+00:00,0.7785352
2022-12-12 12:00:00+00:00,0.7843289
2022-12-12 12:15:00+00:00,0.7843289
2022-12-12 12:30:00+00:00,0.7863007508000001
2022-12-12 12:45:00+00:00,0.8054326547
2022-12-12 13:00:00+00:00,0.8182367
2022-12-12 13:15:00+00:00,0.8182367
2022-12-12 13:30:00+00:00,0.8182367
2022-12-12 13:45:00+00:00,0.8182367
2022-12-12 14:00:00+00:00,0.8182367
2022-12-12 14:15:00+00:00,0.8182367
2022-12-12 14:30:00+00:00,0.8182367
2022-12-12 14:45:00+00:00,0.8182367
2022-12-12 15:00:00+00:00,0.8182367
2022-12-12 15:15:00+00:00,0.8182367
2022-12-12 15:30:00+00:00,0.8182367
2022-12-12 15:45:00+00:00,0.8182367
2022-12-12 16:00:00+00:00,0.8182367
2022-12-12 16:15:00+00:00,0.8182367
2022-12-12 16:30:00+00:00,0.8182367
2022-12-12 16:45:00+00:00,0.8182367
2022-12-12 17:00:00+00:00,0.8182367
2022-12-12 17:15:00+00:00,0.8182367
2022-12-12 17:30:00+00:00,0.8182367
2022-12-12 17:45:00+00:00,0.8182367
2022-12-12 18:00:00+00:00,0.8182367
2022-12-12 18:15:00+00:00,0.8182367
2022-12-12 18:30:00+00:00,0.8182367
2022-12-12 18:45:00+00:00,0.8182367
2022-12-12 19:00:00+00:00,0.8182367
2022-12-12 19:15:00+00:00,0.8182367
2022-12-12 19:30:00+00:00,0.8182367
2022-12-12 19:45:00+00:00,0.8182367
2022-12-12 20:00:00+00:00,0.8182367
2022-12-12 20:15:00+00:00,0.8182367
2022-12-12 20:30:00+00:00,0.8182367
2022-12-12 20:45:00+00:00,0.8182367
2022-12-12 21:00:00+00:00,0.8182367
2022-12-12 21:15:00+00:00,0.8182367
2022-12-12 21:30:00+00:00,0.8182367
2022-12-12 21:45:00+00:00,0.8182367
2022-12-12 22:00:00+00:00,0.8182367
2022-12-12 22:15:00+00:00,0.8182367
2022-12-12 22:30:00+00:00,0.8182367
2022-12-12 22:45:00+00:00,0.8182367
2022-12-12 23:00:00+00:00,0.8182367
2022-12-12 23:15:00+00:00,0.8182367
2022-12-12 23:30:00+00:00,0.8182367
2022-12-12 23:45:00+00:00,0.8182367
2022-12-13 00:00:00+00:00,0.8182367
2022-12-13 00:15:00+00:00,0.8182367
2022-12-13 00:30:00+00:00,0.8182367
2022-12-13 00:45:00+00:00,0.8182367
2022-12-13 01:00:00+00:00,0.8182367
2022-12-13 01:15:00+00:00,0.8182367
2022-12-13 01:30:00+00:00,0.8182367
2022-12-13 01:45:00+00:00,0.8182367
2022-12-13 02:00:00+00:00,0.8182367
2022-12-13 02:15:00+00:00,0.8182367
2022-12-13 02:30:00+00:00,0.8182367
2022-12-13 02:45:00+00:00,0.8182367
2022-12-13 03:00:00+00:00,0.8182367
2022-12-13 03:15:00+00:00,0.8182367
2022-12-13 03:30:00+00:00,0.8182367
2022-12-13 03:45:00+00:00,0.8182367
2022-12-13 04:00:00+00:00,0.8182367
2022-12-13 04:15:00+00:00,0.8182367
2022-12-13 04:30:00+00:00,0.8182367
2022-12-13 04:45:00+00:00,0.8182367
2022-12-13 05:00:00+00:00,0.8182367
2022-12-13 05:15:00+00:00,0.8182367
2022-12-13 05:30:00+00:00,0.8182367
2022-12-13 05:45:00+00:00,0.8182367
2022-12-13 06:00:00+00:00,0.8182367
2022-12-13 06:15:00+00:00,0.8182367
2022-12-13 06:30:00+00:00,0.8182367
2022-12-13 06:45:00+00:00,0.8182367
2022-12-13 07:00:00+00:00,0.8182367
2022-12-13 07:15:00+00:00,0.8182367
2022-12-13 07:30:00+00:00,0.8182367
2022-12-13 07:45:00+00:00,0.8182367
2022-12-13 08:00:00+00:00,0.8182367
2022-12-13 08:15:00+00:00,0.8182367
2022-12-13 08:30:00+00:00,0.8182367
2022-12-13 08:45:00+00:00,0.8182367
2022-12-13 09:00:00+00:00,0.8182367
2022-12-13 09:15:00+00:00,0.8182367
2022-12-13 09:30:00+00:00,0.8182367
2022-12-13 09:45:00+00:00,0.8182367
2022-12-13 10:00:00+00:00,0.8182367
2022-12-13 10:15:00+00:00,0.8182367
2022-12-13 10:30:00+00:00,0.8182367
2022-12-13 10:45:00+00:00,0.8182367
2022-12-13 11:00:00+00:00,0.8182367
2022-12-13 11:15:00+00:00,0.8182367
2022-12-13 11:30:00+00:00,0.8182367
2022-12-13 11:45:00+00:00,0.8182367
2022-12-13 12:00:00+00:00,0.8182367
2022-12-13 12:15:00+00:00,0.8182367
2022-12-13 12:30:00+00:00,0.8182367
2022-12-13 12:45:00+00:00,0.8182367
2022-12-13 13:00:00+00:00,0.8182367
2022-12-13 13:15:00+00:00,0.8182367
2022-12-13 13:30:00+00:00,0.8182367
2022-12-13 13:45:00+00:00,0.8182367
2022-12-13 14:00:00+00:00,0.8182367
2022-12-13 14:15:00+00:00,0.8182367
2022-12-13 14:30:00+00:00,0.8182367
2022-12-13 14:45:00+00:00,0.8182367
2022-12-13 15:00:00+00:00,0.8182367
2022-12-13 15:15:00+00:00,0.8182367
2022-12-13 15:30:00+00:00,0.8182367
2022-12-13 15:45:00+00:00,0.8182367
2022-12-13 16:00:00+00:00,0.8182367
2022-12-13 16:15:00+00:00,0.8182367
2022-12-13 16:30:00+00:00,0.8182367
2022-12-13 16:45:00+00:00,0.8182367
2022-12-13 17:00:00+00:00,0.8182367
2022-12-13 17:15:00+00:00,0.8182367
2022-12-13 17:30:00+00:00,0.8182367
2022-12-13 17:45:00+00:00,0.8182367
2022-12-13 18:00:00+00:00,0.8182367
2022-12-13 18:15:00+00:00,0.8182367
2022-12-13 18:30:00+00:00,0.8182367
2022-12-13 18:45:00+00:00,0.8182367
2022-12-13 19:00:00+00:00,0.8182367
2022-12-13 19:15:00+00:00,0.8182367
2022-12-13 19:30:00+00:00,0.8182367
2022-12-13 19:45:00+00:00,0.8182367
2022-12-13 20:00:00+00:00,0.8182367
2022-12-13 20:15:00+00:00,0.8182367
2022-12-13 20:30:00+00:00,0.8182367
2022-12-13 20:45:00+00:00,0.8182367
2022-12-13 21:00:00+00:00,0.8182367
2022-12-13 21:15:00+00:00,0.8182367
2022-12-13 21:30:00+00:00,0.8182367
2022-12-13 21:45:00+00:00,0.8182367
2022-12-13 22:00:00+00:00,0.8182367
2022-12-13 22:15:00+00:00,0.8182367
2022-12-13 22:30:00+00:00,0.8182367
2022-12-13 22:45:00+00:00,0.8182367
2022-12-13 23:00:00+00:00,0.8182367
2022-12-13 23:15:00+00:00,0.8182367
2022-12-13 23:30:00+00:00,0.8182367
2022-12-13 23:45:00+00:00,0.8182367
2022-12-14 00:00:00+00:00,0.8182367
2022-12-14 00:15:00+00:00,0.8182367
2022-12-14 00:30:00+00:00,0.8182367
2022-12-14 00:45:00+00:00,0.8182367
2022-12-14 01:00:00+00:00,0.8182367
2022-12-14 01:15:00+00:00,0.8182367
2022-12-14 01:30:00+00:00,0.8182367
2022-12-14 01:45:00+00:00,0.8182367
2022-12-14 02:00:00+00:00,0.8182367
2022-12-14 02:15:00+00:00,0.8182367
2022-12-14 02:30:00+00:00,0.8182367
2022-12-14 02:45:00+00:00,0.8182367
2022-12-14 03:00:00+00:00,0.8182367
2022-12-14 03:15:00+00:00,0.8182367
2022-12-14 03:30:00+00:00,0.8182367
2022-12-14 03:45:00+00:00,0.8182367
2022-12-14 04:00:00+00:00,0.8182367
2022-12-14 04:15:00+00:00,0.8182367
2022-12-14 04:30:00+00:00,0.8182367
2022-12-14 04:45:00+00:00,0.8182367
2022-12-14 05:00:00+00:00,0.8182367
2022-12-14 05:15:00+00:00,0.8182367
2022-12-14 05:30:00+00:00,0.8182367
2022-12-14 05:45:00+00:00,0.8182367
2022-12-14 06:00:00+00:00,0.8182367
2022-12-14 06:15:00+00:00,0.8182367
2022-12-14 06:30:00+00:00,0.8182367
2022-12-14 06:45:00+00:00,0.8182367
2022-12-14 07:00:00+00:00,0.8182367
2022-12-14 07:15:00+00:00,0.8182367
2022-12-14 07:30:00+00:00,0.8182367
2022-12-14 07:45:00+00:00,0.8182367
2022-12-14 08:00:00+00:00,0.8182367
2022-12-14 08:15:00+00:00,0.8182367
2022-12-14 08:30:00+00:00,0.8182367
2022-12-14 08:45:00+00:00,0.8182367
2022-12-14 09:00:00+00:00,0.8182367
2022-12-14 09:15:00+00:00,0.8182367
2022-12-14 09:30:00+00:00,0.8182367
2022-12-14 09:45:00+00:00,0.8182367
2022-12-14 10:00:00+00:00,0.8182367
2022-12-14 10:15:00+00:00,0.8182367
2022-12-14 10:30:00+00:00,0.8182367
2022-12-14 10:45:00+00:00,0.8182367
2022-12-14 11:00:00+00:00,0.8182367
2022-12-14 11:15:00+00:00,0.8182367
2022-12-14 11:30:00+00:00,0.8182367
2022-12-14 11:45:00+00:00,0.8182367
2022-12-14 12:00:00+00:00,0.8182367
2022-12-14 12:15:00+00:00,0.8182367
2022-12-14 12:30:00+00:00,0.8182367
2022-12-14 12:45:00+00:00,0.8182367
2022-12-14 13:00:00+00:00,0.8182367
2022-12-14 13:15:00+00:00,0.8182367
2022-12-14 13:30:00+00:00,0.8182367
2022-12-14 13:45:00+00:00,0.8182367
2022-12-14 14:00:00+00:00,0.8182367
2022-12-14 14:15:00+00:00,0.8182367
2022-12-14 14:30:00+00:00,0.8182367
2022-12-14 14:45:00+00:00,0.8182367
2022-12-14 15:00:00+00:00,0.8182367
2022-12-14 15:15:00+00:00,0.8182367
2022-12-14 15:30:00+00:00,0.8182367
2022-12-14 15:45:00+00:00,0.8182367
2022-12-14 16:00:00+00:00,0.8182367
2022-12-14 16:15:00+00:00,0.8182367
2022-12-14 16:30:00+00:00,0.8182367
2022-12-14 16:45:00+00:00,0.8182367
2022-12-14 17:00:00+00:00,0.8182367
2022-12-14 17:15:00+00:00,0.8182367
2022-12-14 17:30:00+00:00,0.8182367
2022-12-14 17:45:00+00:00,0.8182367
2022-12-14 18:00:00+00:00,0.8182367
2022-12-14 18:15:00+00:00,0.8182367
2022-12-14 18:30:00+00:00,0.8182367
2022-12-14 18:45:00+00:00,0.8182367
2022-12-14 19:00:00+00:00,0.8182367
2022-12-14 19:15:00+00:00,0.8182367
2022-12-14 19:30:00+00:00,0.8182367
2022-12-14 19:45:00+00:00,0.8182367
2022-12-14 20:00:00+00:00,0.8182367
2022-12-14 20:15:00+00:00,0.8182367
2022-12-14 20:30:00+00:00,0.8182367
2022-12-14 20:45:00+00:00,0.8182367
2022-12-14 21:00:00+00:00,0.8182367
2022-12-14 21:15:00+00:00,0.8182367
2022-12-14 21:30:00+00:00,0.8182367
2022-12-14 21:45:00+00:00,0.8182367
2022-12-14 22:00:00+00:00,0.8182367
2022-12-14 22:15:00+00:00,0.8182367
2022-12-14 22:30:00+00:00,0.8182367
2022-12-14 22:45:00+00:00,0.8182367
2022-12-14 23:00:00+00:00,0.8182367
2022-12-14 23:15:00+00:00,0.8182367
2022-12-14 23:30:00+00:00,0.8182367
2022-12-14 23:45:00+00:00,0.8182367
2022-12-15 00:00:00+00:00,0.8182367
2022-12-15 00:15:00+00:00,0.8182367
2022-12-15 00:30:00+00:00,0.8182367
2022-12-15 00:45:00+00:00,0.8182367
2022-12-15 01:00:00+00:00,0.8182367
2022-12-15 01:15:00+00:00,0.8182367
2022-12-15 01:30:00+00:00,0.8182367
2022-12-15 01:45:00+00:00,0.8182367
2022-12-15 02:00:00+00:00,0.8182367
2022-12-15 02:15:00+00:00,0.8182367
2022-12-15 02:30:00+00:00,0.8182367
2022-12-15 02:45:00+00:00,0.8182367
2022-12-15 03:00:00+00:00,0.8182367
2022-12-15 03:15:00+00:00,0.8182367
2022-12-15 03:30:00+00:00,0.8182367
2022-12-15 03:45:00+00:00,0.8182367
2022-12-15 04:00:00+00:00,0.8182367
2022-12-15 04:15:00+00:00,0.8182367
2022-12-15 04:30:00+00:00,0.8182367
2022-12-15 04:45:00+00:00,0.8182367
2022-12-15 05:00:00+00:00,0.8182367
2022-12-15 05:15:00+00:00,0.8182367
2022-12-15 05:30:00+00:00,0.8182367
2022-12-15 05:45:00+00:00,0.8182367
2022-12-15 06:00:00+00:00,0.8182367
2022-12-15 06:15:00+00:00,0.8182367
2022-12-15 06:30:00+00:00,0.8182367
2022-12-15 06:45:00+00:00,0.8182367
2022-12-15 07:00:00+00:00,0.8182367
2022-12-15 07:15:00+00:00,0.8182367
2022-12-15 07:30:00+00:00,0.8182367
2022-12-15 07:45:00+00:00,0.8182367
2022-12-15 08:00:00+00:00,0.8182367
2022-12-15 08:15:00+00:00,0.8182367
2022-12-15 08:30:00+00:00,0.8182367
2022-12-15 08:45:00+00:00,0.8182367
2022-12-15 09:00:00+00:00,0.8182367
2022-12-15 09:15:00+00:00,0.8182367
2022-12-15 09:30:00+00:00,0.8182367
2022-12-15 09:45:00+00:00,0.8182367
2022-12-15 10:00:00+00:00,0.8182367
2022-12-15 10:15:00+00:00,0.8182367
2022-12-15 10:30:00+00:00,0.8182367
2022-12-15 10:45:00+00:00,0.8182367
2022-12-15 11:00:00+00:00,0.8182367
2022-12-15 11:15:00+00:00,0.8182367
2022-12-15 11:30:00+00:00,0.8182367
2022-12-15 11:45:00+00:00,0.8182367
2022-12-15 12:00:00+00:00,0.8182367
2022-12-15 12:15:00+00:00,0.8182367
2022-12-15 12:30:00+00:00,0.8182367
2022-12-15 12:45:00+00:00,0.8182367
2022-12-15 13:00:00+00:00,0.8182367
2022-12-15 13:15:00+00:00,0.8182367
2022-12-15 13:30:00+00:00,0.8182367
2022-12-15 13:45:00+00:00,0.8182367
2022-12-15 14:00:00+00:00,0.8182367
2022-12-15 14:15:00+00:00,0.8182367
2022-12-15 14:30:00+00:00,0.8182367
2022-12-15 14:45:00+00:00,0.8182367
2022-12-15 15:00:00+00:00,0.8182367
2022-12-15 15:15:00+00:00,0.8182367
2022-12-15 15:30:00+00:00,0.8182367
2022-12-15 15:45:00+00:00,0.8182367
2022-12-15 16:00:00+00:00,0.8182367
2022-12-15 16:15:00+00:00,0.8182367
2022-12-15 16:30:00+00:00,0.8182367
2022-12-15 16:45:00+00:00,0.8182367
2022-12-15 17:00:00+00:00,0.8182367
2022-12-15 17:15:00+00:00,0.8182367
2022-12-15 17:30:00+00:00,0.8182367
2022-12-15 17:45:00+00:00,0.8182367
2022-12-15 18:00:00+00:00,0.8182367
2022-12-15 18:15:00+00:00,0.8182367
2022-12-15 18:30:00+00:00,0.8182367
2022-12-15 18:45:00+00:00,0.8182367
2022-12-15 19:00:00+00:00,0.8182367
2022-12-15 19:15:00+00:00,0.8182367
2022-12-15 19:30:00+00:00,0.8182367
2022-12-15 19:45:00+00:00,0.8182367
2022-12-15 20:00:00+00:00,0.8182367
2022-12-15 20:15:00+00:00,0.8182367
2022-12-15 20:30:00+00:00,0.8182367
2022-12-15 20:45:00+00:00,0.8182367
2022-12-15 21:00:00+00:00,0.8182367
2022-12-15 21:15:00+00:00,0.8182367
2022-12-15 21:30:00+00:00,0.8182367
2022-12-15 21:45:00+00:00,0.8182367
2022-12-15 22:00:00+00:00,0.8182367
2022-12-15 22:15:00+00:00,0.8182367
2022-12-15 22:30:00+00:00,0.8182367
2022-12-15 22:45:00+00:00,0.8182367
2022-12-15 23:00:00+00:00,0.8182367
2022-12-15 23:15:00+00:00,0.8182367
2022-12-15 23:30:00+00:00,0.8182367
2022-12-15 23:45:00+00:00,0.8182367
2022-12-16 00:00:00+00:00,0.8182367
2022-12-16 00:15:00+00:00,0.8182367
2022-12-16 00:30:00+00:00,0.8182367
2022-12-16 00:45:00+00:00,0.8182367
2022-12-16 01:00:00+00:00,0.8182367
2022-12-16 01:15:00+00:00,0.8182367
2022-12-16 01:30:00+00:00,0.8182367
2022-12-16 01:45:00+00:00,0.8182367
2022-12-16 02:00:00+00:00,0.8182367
2022-12-16 02:15:00+00:00,0.8182367
2022-12-16 02:30:00+00:00,0.8182367
2022-12-16 02:45:00+00:00,0.8182367
2022-12-16 03:00:00+00:00,0.8182367
2022-12-16 03:15:00+00:00,0.8182367
2022-12-16 03:30:00+00:00,0.8182367
2022-12-16 03:45:00+00:00,0.8182367
2022-12-16 04:00:00+00:00,0.8182367
2022-12-16 04:15:00+00:00,0.8182367
2022-12-16 04:30:00+00:00,0.8182367
2022-12-16 04:45:00+00:00,0.8182367
2022-12-16 05:00:00+00:00,0.8182367
2022-12-16 05:15:00+00:00,0.8182367
2022-12-16 05:30:00+00:00,0.8182367
2022-12-16 05:45:00+00:00,0.8182367
2022-12-16 06:00:00+00:00,0.8182367
2022-12-16 06:15:00+00:00,0.8182367
2022-12-16 06:30:00+00:00,0.8182367
2022-12-16 06:45:00+00:00,0.8182367
2022-12-16 07:00:00+00:00,0.8182367
2022-12-16 07:15:00+00:00,0.8182367
2022-12-16 07:30:00+00:00,0.8182367
2022-12-16 07:45:00+00:00,0.8182367
2022-12-16 08:00:00+00:00,0.8182367
2022-12-16 08:15:00+00:00,0.8182367
2022-12-16 08:30:00+00:00,0.8182367
2022-12-16 08:45:00+00:00,0.8182367
2022-12-16 09:00:00+00:00,0.8182367
2022-12-16 09:15:00+00:00,0.8182367
2022-12-16 09:30:00+00:00,0.8182367
2022-12-16 09:45:00+00:00,0.8182367
2022-12-16 10:00:00+00:00,0.8182367
2022-12-16 10:15:00+00:00,0.8182367
2022-12-16 10:30:00+00:00,0.8182367
2022-12-16 10:45:00+00:00,0.8182367
2022-12-16 11:00:00+00:00,0.8182367
2022-12-16 11:15:00+00:00,0.8182367
2022-12-16 11:30:00+00:00,0.8182367
2022-12-16 11:45:00+00:00,0.8182367
2022-12-16 12:00:00+00:00,0.8182367
2022-12-16 12:15:00+00:00,0.8182367
2022-12-16 12:30:00+00:00,0.8182367
2022-12-16 12:45:00+00:00,0.8182367
2022-12-16 13:00:00+00:00,0.8182367
2022-12-16 13:15:00+00:00,0.8182367
2022-12-16 13:30:00+00:00,0.8182367
2022-12-16 13:45:00+00:00,0.8182367
2022-12-16 14:00:00+00:00,0.8182367
2022-12-16 14:15:00+00:00,0.8182367
2022-12-16 14:30:00+00:00,0.8182367
2022-12-16 14:45:00+00:00,0.8182367
2022-12-16 15:00:00+00:00,0.8182367
2022-12-16 15:15:00+00:00,0.8182367
2022-12-16 15:30:00+00:00,0.8182367
2022-12-16 15:45:00+00:00,0.8182367
2022-12-16 16:00:00+00:00,0.8182367
2022-12-16 16:15:00+00:00,0.8182367
2022-12-16 16:30:00+00:00,0.8182367
2022-12-16 16:45:00+00:00,0.8182367
2022-12-16 17:00:00+00:00,0.8182367
2022-12-16 17:15:00+00:00,0.8182367
2022-12-16 17:30:00+00:00,0.8182367
2022-12-16 17:45:00+00:00,0.8182367
2022-12-16 18:00:00+00:00,0.8182367
2022-12-16 18:15:00+00:00,0.8182367
2022-12-16 18:30:00+00:00,0.8182367
2022-12-16 18:45:00+00:00,0.8182367
2022-12-16 19:00:00+00:00,0.8182367
2022-12-16 19:15:00+00:00,0.8182367
2022-12-16 19:30:00+00:00,0.8182367
2022-12-16 19:45:00+00:00,0.8182367
2022-12-16 20:00:00+00:00,0.8182367
2022-12-16 20:15:00+00:00,0.8182367
2022-12-16 20:30:00+00:00,0.8182367
2022-12-16 20:45:00+00:00,0.8182367
2022-12-16 21:00:00+00:00,0.8182367
2022-12-16 21:15:00+00:00,0.8182367
2022-12-16 21:30:00+00:00,0.8182367
2022-12-16 21:45:00+00:00,0.8182367
2022-12-16 22:00:00+00:00,0.8182367
2022-12-16 22:15:00+00:00,0.8182367
2022-12-16 22:30:00+00:00,0.8182367
2022-12-16 22:45:00+00:00,0.8182367
2022-12-16 23:00:00+00:00,0.8182367
2022-12-16 23:15:00+00:00,0.8182367
2022-12-16 23:30:00+00:00,0.8182367
2022-12-16 23:45:00+00:00,0.8182367
2022-12-17 00:00:00+00:00,0.8182367
2022-12-17 00:15:00+00:00,0.8182367
2022-12-17 00:30:00+00:00,0.8182367
2022-12-17 00:45:00+00:00,0.8182367
2022-12-17 01:00:00+00:00,0.8182367
2022-12-17 01:15:00+00:00,0.8182367
2022-12-17 01:30:00+00:00,0.8182367
2022-12-17 01:45:00+00:00,0.8182367
2022-12-17 02:00:00+00:00,0.8182367
2022-12-17 02:15:00+00:00,0.8182367
2022-12-17 02:30:00+00:00,0.8182367
2022-12-17 02:45:00+00:00,0.8182367
2022-12-17 03:00:00+00:00,0.8182367
2022-12-17 03:15:00+00:00,0.8182367
2022-12-17 03:30:00+00:00,0.8182367
2022-12-17 03:45:00+00:00,0.8182367
2022-12-17 04:00:00+00:00,0.8182367
2022-12-17 04:15:00+00:00,0.8182367
2022-12-17 04:30:00+00:00,0.8182367
2022-12-17 04:45:00+00:00,0.8182367
2022-12-17 05:00:00+00:00,0.8182367
2022-12-17 05:15:00+00:00,0.8182367
2022-12-17 05:30:00+00:00,0.8182367
2022-12-17 05:45:00+00:00,0.8182367
2022-12-17 06:00:00+00:00,0.8182367
2022-12-17 06:15:00+00:00,0.8182367
2022-12-17 06:30:00+00:00,0.8182367
2022-12-17 06:45:00+00:00,0.8182367
2022-12-17 07:00:00+00:00,0.8182367
2022-12-17 07:15:00+00:00,0.8182367
2022-12-17 07:30:00+00:00,0.8182367
2022-12-17 07:45:00+00:00,0.8182367
2022-12-17 08:00:00+00:00,0.8182367
2022-12-17 08:15:00+00:00,0.8182367
2022-12-17 08:30:00+00:00,0.8182367
2022-12-17 08:45:00+00:00,0.8182367
2022-12-17 09:00:00+00:00,0.8182367
2022-12-17 09:15:00+00:00,0.8182367
2022-12-17 09:30:00+00:00,0.8182367
2022-12-17 09:45:00+00:00,0.8182367
2022-12-17 10:00:00+00:00,0.8182367
2022-12-17 10:15:00+00:00,0.8182367
2022-12-17 10:30:00+00:00,0.8182367
2022-12-17 10:45:00+00:00,0.8182367
2022-12-17 11:00:00+00:00,0.8182367
2022-12-17 11:15:00+00:00,0.8182367
2022-12-17 11:30:00+00:00,0.8182367
2022-12-17 11:45:00+00:00,0.8182367
2022-12-17 12:00:00+00:00,0.8182367
2022-12-17 12:15:00+00:00,0.8182367
2022-12-17 12:30:00+00:00,0.8182367
2022-12-17 12:45:00+00:00,0.8182367
2022-12-17 13:00:00+00:00,0.8182367
2022-12-17 13:15:00+00:00,0.8182367
2022-12-17 13:30:00+00:00,0.8182367
2022-12-17 13:45:00+00:00,0.8182367
2022-12-17 14:00:00+00:00,0.8182367
2022-12-17 14:15:00+00:00,0.8182367
2022-12-17 14:30:00+00:00,0.8182367
2022-12-17 14:45:00+00:00,0.8182367
2022-12-17 15:00:00+00:00,0.8182367
2022-12-17 15:15:00+00:00,0.8182367
2022-12-17 15:30:00+00:00,0.8182367
2022-12-17 15:45:00+00:00,0.8182367
2022-12-17 16:00:00+00:00,0.8182367
2022-12-17 16:15:00+00:00,0.8182367
2022-12-17 16:30:00+00:00,0.8182367
2022-12-17 16:45:00+00:00,0.8182367
2022-12-17 17:00:00+00:00,0.8182367
2022-12-17 17:15:00+00:00,0.8182367
2022-12-17 17:30:00+00:00,0.8182367
2022-12-17 17:45:00+00:00,0.8182367
2022-12-17 18:00:00+00:00,0.8182367
2022-12-17 18:15:00+00:00,0.8182367
2022-12-17 18:30:00+00:00,0.8182367
2022-12-17 18:45:00+00:00,0.8182367
2022-12-17 19:00:00+00:00,0.8182367
2022-12-17 19:15:00+00:00,0.8182367
2022-12-17 19:30:00+00:00,0.8182367
2022-12-17 19:45:00+00:00,0.8182367
2022-12-17 20:00:00+00:00,0.8182367
2022-12-17 20:15:00+00:00,0.8182367
2022-12-17 20:30:00+00:00,0.8182367
2022-12-17 20:45:00+00:00,0.8182367
2022-12-17 21:00:00+00:00,0.8182367
2022-12-17 21:15:00+00:00,0.8182367
2022-12-17 21:30:00+00:00,0.8182367
2022-12-17 21:45:00+00:00,0.8182367
2022-12-17 22:00:00+00:00,0.8182367
2022-12-17 22:15:00+00:00,0.8182367
2022-12-17 22:30:00+00:00,0.8182367
2022-12-17 22:45:00+00:00,0.8182367
2022-12-17 23:00:00+00:00,0.8182367
2022-12-17 23:15:00+00:00,0.8182367
2022-12-17 23:30:00+00:00,0.8182367
2022-12-17 23:45:00+00:00,0.8182367
2022-12-18 00:00:00+00:00,0.8182367
2022-12-18 00:15:00+00:00,0.8182367
2022-12-18 00:30:00+00:00,0.8182367
2022-12-18 00:45:00+00:00,0.8182367
2022-12-18 01:00:00+00:00,0.8182367
2022-12-18 01:15:00+00:00,0.8182367
2022-12-18 01:30:00+00:00,0.8182367
2022-12-18 01:45:00+00:00,0.8182367
2022-12-18 02:00:00+00:00,0.8182367
2022-12-18 02:15:00+00:00,0.8182367
2022-12-18 02:30:00+00:00,0.8182367
2022-12-18 02:45:00+00:00,0.8182367
2022-12-18 03:00:00+00:00,0.8182367
2022-12-18 03:15:00+00:00,0.8182367
2022-12-18 03:30:00+00:00,0.8182367
2022-12-18 03:45:00+00:00,0.8182367
2022-12-18 04:00:00+00:00,0.8182367
2022-12-18 04:15:00+00:00,0.8182367
2022-12-18 04:30:00+00:00,0.8182367
2022-12-18 04:45:00+00:00,0.8182367
2022-12-18 05:00:00+00:00,0.8182367
2022-12-18 05:15:00+00:00,0.8182367
2022-12-18 05:30:00+00:00,0.8182367
2022-12-18 05:45:00+00:00,0.8182367
2022-12-18 06:00:00+00:00,0.8182367
2022-12-18 06:15:00+00:00,0.8182367
2022-12-18 06:30:00+00:00,0.8182367
2022-12-18 06:45:00+00:00,0.8182367
2022-12-18 07:00:00+00:00,0.8182367
2022-12-18 07:15:00+00:00,0.8182367
2022-12-18 07:30:00+00:00,0.8182367
2022-12-18 07:45:00+00:00,0.8182367
2022-12-18 08:00:00+00:00,0.8182367
2022-12-18 08:15:00+00:00,0.8182367
2022-12-18 08:30:00+00:00,0.8182367
2022-12-18 08:45:00+00:00,0.8182367
2022-12-18 09:00:00+00:00,0.8182367
2022-12-18 09:15:00+00:00,0.8182367
2022-12-18 09:30:00+00:00,0.8182367
2022-12-18 09:45:00+00:00,0.8182367
2022-12-18 10:00:00+00:00,0.8182367
2022-12-18 10:15:00+00:00,0.8182367
2022-12-18 10:30:00+00:00,0.8182367
2022-12-18 10:45:00+00:00,0.8182367
2022-12-18 11:00:00+00:00,0.8182367
2022-12-18 11:15:00+00:00,0.8182367
2022-12-18 11:30:00+00:00,0.8182367
2022-12-18 11:45:00+00:00,0.8182367
2022-12-18 12:00:00+00:00,0.8182367
2022-12-18 12:15:00+00:00,0.8182367
2022-12-18 12:30:00+00:00,0.8182367
2022-12-18 12:45:00+00:00,0.8182367
2022-12-18 13:00:00+00:00,0.8182367
2022-12-18 13:15:00+00:00,0.8182367
2022-12-18 13:30:00+00:00,0.8182367
2022-12-18 13:45:00+00:00,0.8182367
2022-12-18 14:00:00+00:00,0.8182367
2022-12-18 14:15:00+00:00,0.8182367
2022-12-18 14:30:00+00:00,0.8182367
2022-12-18 14:45:00+00:00,0.8182367
2022-12-18 15:00:00+00:00,0.8182367
2022-12-18 15:15:00+00:00,0.8182367
2022-12-18 15:30:00+00:00,0.8182367
2022-12-18 15:45:00+00:00,0.8182367
2022-12-18 16:00:00+00:00,0.8182367
2022-12-18 16:15:00+00:00,0.8182367
2022-12-18 16:30:00+00:00,0.8182367
2022-12-18 16:45:00+00:00,0.8182367
2022-12-18 17:00:00+00:00,0.8182367
2022-12-18 17:15:00+00:00,0.8182367
2022-12-18 17:30:00+00:00,0.8182367
2022-12-18 17:45:00+00:00,0.8182367
2022-12-18 18:00:00+00:00,0.8182367
2022-12-18 18:15:00+00:00,0.8182367
2022-12-18 18:30:00+00:00,0.8182367
2022-12-18 18:45:00+00:00,0.8182367
2022-12-18 19:00:00+00:00,0.8182367
2022-12-18 19:15:00+00:00,0.8182367
2022-12-18 19:30:00+00:00,0.8182367
2022-12-18 19:45:00+00:00,0.8182367
2022-12-18 20:00:00+00:00,0.8182367
2022-12-18 20:15:00+00:00,0.8182367
2022-12-18 20:30:00+00:00,0.8182367
2022-12-18 20:45:00+00:00,0.8182367
2022-12-18 21:00:00+00:00,0.8182367
2022-12-18 21:15:00+00:00,0.8182367
2022-12-18 21:30:00+00:00,0.8182367
2022-12-18 21:45:00+00:00,0.8182367
2022-12-18 22:00:00+00:00,0.8182367
2022-12-18 22:15:00+00:00,0.8182367
2022-12-18 22:30:00+00:00,0.8182367
2022-12-18 22:45:00+00:00,0.8182367
2022-12-18 23:00:00+00:00,0.8182367
2022-12-18 23:15:00+00:00,0.8182367
2022-12-18 23:30:00+00:00,0.8182367
2022-12-18 23:45:00+00:00,0.8182367
2022-12-19 00:00:00+00:00,0.8182367
2022-12-19 00:15:00+00:00,0.8182367
2022-12-19 00:30:00+00:00,0.8182367
2022-12-19 00:45:00+00:00,0.8182367
2022-12-19 01:00:00+00:00,0.8182367
2022-12-19 01:15:00+00:00,0.8182367
2022-12-19 01:30:00+00:00,0.8182367
2022-12-19 01:45:00+00:00,0.8182367
2022-12-19 02:00:00+00:00,0.8182367
2022-12-19 02:15:00+00:00,0.8182367
2022-12-19 02:30:00+00:00,0.8182367
2022-12-19 02:45:00+00:00,0.8182367
2022-12-19 03:00:00+00:00,0.8182367
2022-12-19 03:15:00+00:00,0.8182367
2022-12-19 03:30:00+00:00,0.8182367
2022-12-19 03:45:00+00:00,0.8182367
2022-12-19 04:00:00+00:00,0.8182367
2022-12-19 04:15:00+00:00,0.8182367
2022-12-19 04:30:00+00:00,0.8182367
2022-12-19 04:45:00+00:00,0.8182367
2022-12-19 05:00:00+00:00,0.8182367
2022-12-19 05:15:00+00:00,0.8182367
2022-12-19 05:30:00+00:00,0.8182367
2022-12-19 05:45:00+00:00,0.8182367
2022-12-19 06:00:00+00:00,0.8182367
2022-12-19 06:15:00+00:00,0.8182367
2022-12-19 06:30:00+00:00,0.8182367
2022-12-19 06:45:00+00:00,0.8182367
2022-12-19 07:00:00+00:00,0.8182367
2022-12-19 07:15:00+00:00,0.8182367
2022-12-19 07:30:00+00:00,0.8182367
2022-12-19 07:45:00+00:00,0.8182367
2022-12-19 08:00:00+00:00,0.8182367
2022-12-19 08:15:00+00:00,0.8182367
2022-12-19 08:30:00+00:00,0.8182367
2022-12-19 08:45:00+00:00,0.8182367
2022-12-19 09:00:00+00:00,0.8182367
2022-12-19 09:15:00+00:00,0.8182367
2022-12-19 09:30:00+00:00,0.8182367
2022-12-19 09:45:00+00:00,0.8182367
2022-12-19 10:00:00+00:00,0.8182367
2022-12-19 10:15:00+00:00,0.8182367
2022-12-19 10:30:00+00:00,0.8182367
2022-12-19 10:45:00+00:00,0.8182367
2022-12-19 11:00:00+00:00,0.8182367
2022-12-19 11:15:00+00:00,0.8182367
2022-12-19 11:30:00+00:00,0.8182367
2022-12-19 11:45:00+00:00,0.8182367
2022-12-19 12:00:00+00:00,0.8182367
2022-12-19 12:15:00+00:00,0.8182367
2022-12-19 12:30:00+00:00,0.8182367
2022-12-19 12:45:00+00:00,0.8182367
2022-12-19 13:00:00+00:00,0.8182367
2022-12-19 13:15:00+00:00,0.8182367
2022-12-19 13:30:00+00:00,0.8182367
2022-12-19 13:45:00+00:00,0.8182367
2022-12-19 14:00:00+00:00,0.8182367
2022-12-19 14:15:00+00:00,0.8182367
2022-12-19 14:30:00+00:00,0.8182367
2022-12-19 14:45:00+00:00,0.8182367
2022-12-19 15:00:00+00:00,0.8182367
2022-12-19 15:15:00+00:00,0.8182367
2022-12-19 15:30:00+00:00,0.8182367
2022-12-19 15:45:00+00:00,0.8182367
2022-12-19 16:00:00+00:00,0.8182367
2022-12-19 16:15:00+00:00,0.8182367
2022-12-19 16:30:00+00:00,0.8182367
2022-12-19 16:45:00+00:00,0.8182367
2022-12-19 17:00:00+00:00,0.8182367
2022-12-19 17:15:00+00:00,0.8182367
2022-12-19 17:30:00+00:00,0.8182367
2022-12-19 17:45:00+00:00,0.8182367
2022-12-19 18:00:00+00:00,0.8182367
2022-12-19 18:15:00+00:00,0.8182367
2022-12-19 18:30:00+00:00,0.8182367
2022-12-19 18:45:00+00:00,0.8182367
2022-12-19 19:00:00+00:00,0.8182367
2022-12-19 19:15:00+00:00,0.8182367
2022-12-19 19:30:00+00:00,0.8182367
2022-12-19 19:45:00+00:00,0.8182367
2022-12-19 20:00:00+00:00,0.8182367
2022-12-19 20:15:00+00:00,0.8182367
2022-12-19 20:30:00+00:00,0.8182367
2022-12-19 20:45:00+00:00,0.8182367
2022-12-19 21:00:00+00:00,0.8182367
2022-12-19 21:15:00+00:00,0.8182367
2022-12-19 21:30:00+00:00,0.8182367
2022-12-19 21:45:00+00:00,0.8182367
2022-12-19 22:00:00+00:00,0.8182367
2022-12-19 22:15:00+00:00,0.8182367
2022-12-19 22:30:00+00:00,0.8182367
2022-12-19 22:45:00+00:00,0.8182367
2022-12-19 23:00:00+00:00,0.8182367
2022-12-19 23:15:00+00:00,0.8182367
2022-12-19 23:30:00+00:00,0.8182367
2022-12-19 23:45:00+00:00,0.8182367
2022-12-20 00:00:00+00:00,0.8182367
2022-12-20 00:15:00+00:00,0.8182367
2022-12-20 00:30:00+00:00,0.8182367
2022-12-20 00:45:00+00:00,0.8182367
2022-12-20 01:00:00+00:00,0.8182367
2022-12-20 01:15:00+00:00,0.8182367
2022-12-20 01:30:00+00:00,0.8182367
2022-12-20 01:45:00+00:00,0.8182367
2022-12-20 02:00:00+00:00,0.8182367
2022-12-20 02:15:00+00:00,0.8182367
2022-12-20 02:30:00+00:00,0.8182367
2022-12-20 02:45:00+00:00,0.8182367
2022-12-20 03:00:00+00:00,0.8182367
2022-12-20 03:15:00+00:00,0.8182367
2022-12-20 03:30:00+00:00,0.8182367
2022-12-20 03:45:00+00:00,0.8182367
2022-12-20 04:00:00+00:00,0.8182367
2022-12-20 04:15:00+00:00,0.8182367
2022-12-20 04:30:00+00:00,0.8182367
2022-12-20 04:45:00+00:00,0.8182367
2022-12-20 05:00:00+00:00,0.8182367
2022-12-20 05:15:00+00:00,0.8182367
2022-12-20 05:30:00+00:00,0.8182367
2022-12-20 05:45:00+00:00,0.8182367
2022-12-20 06:00:00+00:00,0.8182367
2022-12-20 06:15:00+00:00,0.8182367
2022-12-20 06:30:00+00:00,0.8182367
2022-12-20 06:45:00+00:00,0.8182367
2022-12-20 07:00:00+00:00,0.8182367
2022-12-20 07:15:00+00:00,0.8182367
2022-12-20 07:30:00+00:00,0.8182367
2022-12-20 07:45:00+00:00,0.8182367
2022-12-20 08:00:00+00:00,0.8182367
2022-12-20 08:15:00+00:00,0.8182367
2022-12-20 08:30:00+00:00,0.8182367
2022-12-20 08:45:00+00:00,0.8182367
2022-12-20 09:00:00+00:00,0.8182367
2022-12-20 09:15:00+00:00,0.8182367
2022-12-20 09:30:00+00:00,0.8182367
2022-12-20 09:45:00+00:00,0.8182367
2022-12-20 10:00:00+00:00,0.8182367
2022-12-20 10:15:00+00:00,0.8182367
2022-12-20 10:30:00+00:00,0.8182367
2022-12-20 10:45:00+00:00,0.8182367
2022-12-20 11:00:00+00:00,0.8182367
2022-12-20 11:15:00+00:00,0.8182367
2022-12-20 11:30:00+00:00,0.8182367
2022-12-20 11:45:00+00:00,0.8182367
2022-12-20 12:00:00+00:00,0.8182367
2022-12-20 12:15:00+00:00,0.8182367
2022-12-20 12:30:00+00:00,0.8182367
2022-12-20 12:45:00+00:00,0.8182367
2022-12-20 13:00:00+00:00,0.8182367
2022-12-20 13:15:00+00:00,0.8182367
2022-12-20 13:30:00+00:00,0.8182367
2022-12-20 13:45:00+00:00,0.8182367
2022-12-20 14:00:00+00:00,0.8182367
2022-12-20 14:15:00+00:00,0.8182367
2022-12-20 14:30:00+00:00,0.8182367
2022-12-20 14:45:00+00:00,0.8182367
2022-12-20 15:00:00+00:00,0.8182367
2022-12-20 15:15:00+00:00,0.8182367
2022-12-20 15:30:00+00:00,0.8182367
2022-12-20 15:45:00+00:00,0.8182367
2022-12-20 16:00:00+00:00,0.8182367
2022-12-20 16:15:00+00:00,0.8182367
2022-12-20 16:30:00+00:00,0.8182367
2022-12-20 16:45:00+00:00,0.8182367
2022-12-20 17:00:00+00:00,0.8182367
2022-12-20 17:15:00+00:00,0.8182367
2022-12-20 17:30:00+00:00,0.8182367
2022-12-20 17:45:00+00:00,0.8182367
2022-12-20 18:00:00+00:00,0.8182367
2022-12-20 18:15:00+00:00,0.8182367
2022-12-20 18:30:00+00:00,0.8182367
2022-12-20 18:45:00+00:00,0.8182367
2022-12-20 19:00:00+00:00,0.8182367
2022-12-20 19:15:00+00:00,0.8182367
2022-12-20 19:30:00+00:00,0.8182367
2022-12-20 19:45:00+00:00,0.8182367
2022-12-20 20:00:00+00:00,0.8182367
2022-12-20 20:15:00+00:00,0.8182367
2022-12-20 20:30:00+00:00,0.8182367
2022-12-20 20:45:00+00:00,0.8182367
2022-12-20 21:00:00+00:00,0.8182367
2022-12-20 21:15:00+00:00,0.8182367
2022-12-20 21:30:00+00:00,0.8182367
2022-12-20 21:45:00+00:00,0.8182367
2022-12-20 22:00:00+00:00,0.8182367
2022-12-20 22:15:00+00:00,0.8182367
2022-12-20 22:30:00+00:00,0.8182367
2022-12-20 22:45:00+00:00,0.8182367
2022-12-20 23:00:00+00:00,0.8182367
2022-12-20 23:15:00+00:00,0.8182367
2022-12-20 23:30:00+00:00,0.8182367
2022-12-20 23:45:00+00:00,0.8182367
2022-12-21 00:00:00+00:00,0.8182367
2022-12-21 00:15:00+00:00,0.8182367
2022-12-21 00:30:00+00:00,0.8182367
2022-12-21 00:45:00+00:00,0.8182367
2022-12-21 01:00:00+00:00,0.8182367
2022-12-21 01:15:00+00:00,0.8182367
2022-12-21 01:30:00+00:00,0.8182367
2022-12-21 01:45:00+00:00,0.8182367
2022-12-21 02:00:00+00:00,0.8182367
2022-12-21 02:15:00+00:00,0.8182367
2022-12-21 02:30:00+00:00,0.8182367
2022-12-21 02:45:00+00:00,0.8182367
2022-12-21 03:00:00+00:00,0.8182367
2022-12-21 03:15:00+00:00,0.8182367
2022-12-21 03:30:00+00:00,0.8182367
2022-12-21 03:45:00+00:00,0.8182367
2022-12-21 04:00:00+00:00,0.8182367
2022-12-21 04:15:00+00:00,0.8182367
2022-12-21 04:30:00+00:00,0.8182367
2022-12-21 04:45:00+00:00,0.8182367
2022-12-21 05:00:00+00:00,0.8182367
2022-12-21 05:15:00+00:00,0.8182367
2022-12-21 05:30:00+00:00,0.8182367
2022-12-21 05:45:00+00:00,0.8182367
2022-12-21 06:00:00+00:00,0.8182367
2022-12-21 06:15:00+00:00,0.8182367
2022-12-21 06:30:00+00:00,0.8182367
2022-12-21 06:45:00+00:00,0.8182367
2022-12-21 07:00:00+00:00,0.8182367
2022-12-21 07:15:00+00:00,0.8182367
2022-12-21 07:30:00+00:00,0.8182367
2022-12-21 07:45:00+00:00,0.8182367
2022-12-21 08:00:00+00:00,0.8182367
2022-12-21 08:15:00+00:00,0.8182367
2022-12-21 08:30:00+00:00,0.8182367
2022-12-21 08:45:00+00:00,0.8182367
2022-12-21 09:00:00+00:00,0.8182367
2022-12-21 09:15:00+00:00,0.8182367
2022-12-21 09:30:00+00:00,0.8182367
2022-12-21 09:45:00+00:00,0.8182367
2022-12-21 10:00:00+00:00,0.8182367
2022-12-21 10:15:00+00:00,0.8182367
2022-12-21 10:30:00+00:00,0.8182367
2022-12-21 10:45:00+00:00,0.8182367
2022-12-21 11:00:00+00:00,0.8182367
2022-12-21 11:15:00+00:00,0.8182367
2022-12-21 11:30:00+00:00,0.8182367
2022-12-21 11:45:00+00:00,0.8182367
2022-12-21 12:00:00+00:00,0.8182367
2022-12-21 12:15:00+00:00,0.8182367
2022-12-21 12:30:00+00:00,0.8182367
2022-12-21 12:45:00+00:00,0.8182367
2022-12-21 13:00:00+00:00,0.8182367
2022-12-21 13:15:00+00:00,0.8182367
2022-12-21 13:30:00+00:00,0.8182367
2022-12-21 13:45:00+00:00,0.8182367
2022-12-21 14:00:00+00:00,0.8182367
2022-12-21 14:15:00+00:00,0.8182367
2022-12-21 14:30:00+00:00,0.8182367
2022-12-21 14:45:00+00:00,0.8182367
2022-12-21 15:00:00+00:00,0.8182367
2022-12-21 15:15:00+00:00,0.8182367
2022-12-21 15:30:00+00:00,0.8182367
2022-12-21 15:45:00+00:00,0.8182367
2022-12-21 16:00:00+00:00,0.8182367
2022-12-21 16:15:00+00:00,0.8182367
2022-12-21 16:30:00+00:00,0.8182367
2022-12-21 16:45:00+00:00,0.8182367
2022-12-21 17:00:00+00:00,0.8182367
2022-12-21 17:15:00+00:00,0.8182367
2022-12-21 17:30:00+00:00,0.8182367
2022-12-21 17:45:00+00:00,0.8182367
2022-12-21 18:00:00+00:00,0.8182367
2022-12-21 18:15:00+00:00,0.8182367
2022-12-21 18:30:00+00:00,0.8182367
2022-12-21 18:45:00+00:00,0.8182367
2022-12-21 19:00:00+00:00,0.8182367
2022-12-21 19:15:00+00:00,0.8182367
2022-12-21 19:30:00+00:00,0.8182367
2022-12-21 19:45:00+00:00,0.8182367
2022-12-21 20:00:00+00:00,0.8182367
2022-12-21 20:15:00+00:00,0.8182367
2022-12-21 20:30:00+00:00,0.8182367
2022-12-21 20:45:00+00:00,0.8182367
2022-12-21 21:00:00+00:00,0.8182367
2022-12-21 21:15:00+00:00,0.8182367
2022-12-21 21:30:00+00:00,0.8182367
2022-12-21 21:45:00+00:00,0.8182367
2022-12-21 22:00:00+00:00,0.8182367
2022-12-21 22:15:00+00:00,0.8182367
2022-12-21 22:30:00+00:00,0.8182367
2022-12-21 22:45:00+00:00,0.8182367
2022-12-21 23:00:00+00:00,0.8182367
2022-12-21 23:15:00+00:00,0.8182367
2022-12-21 23:30:00+00:00,0.8182367
2022-12-21 23:45:00+00:00,0.8182367
2022-12-22 00:00:00+00:00,0.8182367
2022-12-22 00:15:00+00:00,0.8182367
2022-12-22 00:30:00+00:00,0.8182367
2022-12-22 00:45:00+00:00,0.8182367
2022-12-22 01:00:00+00:00,0.8182367
2022-12-22 01:15:00+00:00,0.8182367
2022-12-22 01:30:00+00:00,0.8182367
2022-12-22 01:45:00+00:00,0.8182367
2022-12-22 02:00:00+00:00,0.8182367
2022-12-22 02:15:00+00:00,0.8182367
2022-12-22 02:30:00+00:00,0.8182367
2022-12-22 02:45:00+00:00,0.8182367
2022-12-22 03:00:00+00:00,0.8182367
2022-12-22 03:15:00+00:00,0.8182367
2022-12-22 03:30:00+00:00,0.8182367
2022-12-22 03:45:00+00:00,0.8182367
2022-12-22 04:00:00+00:00,0.8182367
2022-12-22 04:15:00+00:00,0.8182367
2022-12-22 04:30:00+00:00,0.8182367
2022-12-22 04:45:00+00:00,0.8182367
2022-12-22 05:00:00+00:00,0.8182367
2022-12-22 05:15:00+00:00,0.8182367
2022-12-22 05:30:00+00:00,0.8182367
2022-12-22 05:45:00+00:00,0.8182367
2022-12-22 06:00:00+00:00,0.8182367
2022-12-22 06:15:00+00:00,0.8182367
2022-12-22 06:30:00+00:00,0.8182367
2022-12-22 06:45:00+00:00,0.8182367
2022-12-22 07:00:00+00:00,0.8182367
2022-12-22 07:15:00+00:00,0.8182367
2022-12-22 07:30:00+00:00,0.8182367
2022-12-22 07:45:00+00:00,0.8182367
2022-12-22 08:00:00+00:00,0.8182367
2022-12-22 08:15:00+00:00,0.8182367
2022-12-22 08:30:00+00:00,0.8182367
2022-12-22 08:45:00+00:00,0.8182367
2022-12-22 09:00:00+00:00,0.8182367
2022-12-22 09:15:00+00:00,0.8182367
2022-12-22 09:30:00+00:00,0.8182367
2022-12-22 09:45:00+00:00,0.8182367
2022-12-22 10:00:00+00:00,0.8182367
2022-12-22 10:15:00+00:00,0.8182367
2022-12-22 10:30:00+00:00,0.8182367
2022-12-22 10:45:00+00:00,0.8182367
2022-12-22 11:00:00+00:00,0.8182367
2022-12-22 11:15:00+00:00,0.8182367
2022-12-22 11:30:00+00:00,0.8182367
2022-12-22 11:45:00+00:00,0.8182367
2022-12-22 12:00:00+00:00,0.8182367
2022-12-22 12:15:00+00:00,0.8182367
2022-12-22 12:30:00+00:00,0.8182367
2022-12-22 12:45:00+00:00,0.8182367
2022-12-22 13:00:00+00:00,0.8182367
2022-12-22 13:15:00+00:00,0.8182367
2022-12-22 13:30:00+00:00,0.8182367
2022-12-22 13:45:00+00:00,0.8182367
2022-12-22 14:00:00+00:00,0.8182367
2022-12-22 14:15:00+00:00,0.8182367
2022-12-22 14:30:00+00:00,0.8182367
2022-12-22 14:45:00+00:00,0.8182367
2022-12-22 15:00:00+00:00,0.8182367
2022-12-22 15:15:00+00:00,0.8182367
2022-12-22 15:30:00+00:00,0.8182367
2022-12-22 15:45:00+00:00,0.8182367
2022-12-22 16:00:00+00:00,0.8182367
2022-12-22 16:15:00+00:00,0.8182367
2022-12-22 16:30:00+00:00,0.8182367
2022-12-22 16:45:00+00:00,0.8182367
2022-12-22 17:00:00+00:00,0.8182367
2022-12-22 17:15:00+00:00,0.8182367
2022-12-22 17:30:00+00:00,0.8182367
2022-12-22 17:45:00+00:00,0.8182367
2022-12-22 18:00:00+00:00,0.8182367
2022-12-22 18:15:00+00:00,0.8182367
2022-12-22 18:30:00+00:00,0.8182367
2022-12-22 18:45:00+00:00,0.8182367
2022-12-22 19:00:00+00:00,0.8182367
2022-12-22 19:15:00+00:00,0.8182367
2022-12-22 19:30:00+00:00,0.8182367
2022-12-22 19:45:00+00:00,0.8182367
2022-12-22 20:00:00+00:00,0.8182367
2022-12-22 20:15:00+00:00,0.8182367
2022-12-22 20:30:00+00:00,0.8182367
2022-12-22 20:45:00+00:00,0.8182367
2022-12-22 21:00:00+00:00,0.8182367
2022-12-22 21:15:00+00:00,0.8182367
2022-12-22 21:30:00+00:00,0.8182367
2022-12-22 21:45:00+00:00,0.8182367
2022-12-22 22:00:00+00:00,0.8182367
2022-12-22 22:15:00+00:00,0.8182367
2022-12-22 22:30:00+00:00,0.8182367
2022-12-22 22:45:00+00:00,0.8182367
2022-12-22 23:00:00+00:00,0.8182367
2022-12-22 23:15:00+00:00,0.8182367
2022-12-22 23:30:00+00:00,0.8182367
2022-12-22 23:45:00+00:00,0.8182367
2022-12-23 00:00:00+00:00,0.8182367
2022-12-23 00:15:00+00:00,0.8182367
2022-12-23 00:30:00+00:00,0.8182367
2022-12-23 00:45:00+00:00,0.8182367
2022-12-23 01:00:00+00:00,0.8182367
2022-12-23 01:15:00+00:00,0.8182367
2022-12-23 01:30:00+00:00,0.8182367
2022-12-23 01:45:00+00:00,0.8182367
2022-12-23 02:00:00+00:00,0.8182367
2022-12-23 02:15:00+00:00,0.8182367
2022-12-23 02:30:00+00:00,0.8182367
2022-12-23 02:45:00+00:00,0.8182367
2022-12-23 03:00:00+00:00,0.8182367
2022-12-23 03:15:00+00:00,0.8182367
2022-12-23 03:30:00+00:00,0.8182367
2022-12-23 03:45:00+00:00,0.8182367
2022-12-23 04:00:00+00:00,0.8182367
2022-12-23 04:15:00+00:00,0.8182367
2022-12-23 04:30:00+00:00,0.8182367
2022-12-23 04:45:00+00:00,0.8182367
2022-12-23 05:00:00+00:00,0.8182367
2022-12-23 05:15:00+00:00,0.8182367
2022-12-23 05:30:00+00:00,0.8182367
2022-12-23 05:45:00+00:00,0.8182367
2022-12-23 06:00:00+00:00,0.8182367
2022-12-23 06:15:00+00:00,0.8182367
2022-12-23 06:30:00+00:00,0.8182367
2022-12-23 06:45:00+00:00,0.8182367
2022-12-23 07:00:00+00:00,0.8182367
2022-12-23 07:15:00+00:00,0.8182367
2022-12-23 07:30:00+00:00,0.8182367
2022-12-23 07:45:00+00:00,0.8182367
2022-12-23 08:00:00+00:00,0.8182367
2022-12-23 08:15:00+00:00,0.8182367
2022-12-23 08:30:00+00:00,0.8182367
2022-12-23 08:45:00+00:00,0.8182367
2022-12-23 09:00:00+00:00,0.8182367
2022-12-23 09:15:00+00:00,0.8182367
2022-12-23 09:30:00+00:00,0.8182367
2022-12-23 09:45:00+00:00,0.8182367
2022-12-23 10:00:00+00:00,0.8182367
2022-12-23 10:15:00+00:00,0.8182367
2022-12-23 10:30:00+00:00,0.8182367
2022-12-23 10:45:00+00:00,0.8182367
2022-12-23 11:00:00+00:00,0.8182367
2022-12-23 11:15:00+00:00,0.8182367
2022-12-23 11:30:00+00:00,0.8182367
2022-12-23 11:45:00+00:00,0.8182367
2022-12-23 12:00:00+00:00,0.8182367
2022-12-23 12:15:00+00:00,0.8182367
2022-12-23 12:30:00+00:00,0.8182367
2022-12-23 12:45:00+00:00,0.8182367
2022-12-23 13:00:00+00:00,0.8182367
2022-12-23 13:15:00+00:00,0.8182367
2022-12-23 13:30:00+00:00,0.8182367
2022-12-23 13:45:00+00:00,0.8182367
2022-12-23 14:00:00+00:00,0.8182367
2022-12-23 14:15:00+00:00,0.8182367
2022-12-23 14:30:00+00:00,0.8182367
2022-12-23 14:45:00+00:00,0.8182367
2022-12-23 15:00:00+00:00,0.8182367
2022-12-23 15:15:00+00:00,0.8182367
2022-12-23 15:30:00+00:00,0.8182367
2022-12-23 15:45:00+00:00,0.8182367
2022-12-23 16:00:00+00:00,0.8182367
2022-12-23 16:15:00+00:00,0.8182367
2022-12-23 16:30:00+00:00,0.8182367
2022-12-23 16:45:00+00:00,0.8182367
2022-12-23 17:00:00+00:00,0.8182367
2022-12-23 17:15:00+00:00,0.8182367
2022-12-23 17:30:00+00:00,0.8182367
2022-12-23 17:45:00+00:00,0.8182367
2022-12-23 18:00:00+00:00,0.8182367
2022-12-23 18:15:00+00:00,0.8182367
2022-12-23 18:30:00+00:00,0.8182367
2022-12-23 18:45:00+00:00,0.8182367
2022-12-23 19:00:00+00:00,0.8182367
2022-12-23 19:15:00+00:00,0.8182367
2022-12-23 19:30:00+00:00,0.8182367
2022-12-23 19:45:00+00:00,0.8182367
2022-12-23 20:00:00+00:00,0.8182367
2022-12-23 20:15:00+00:00,0.8182367
2022-12-23 20:30:00+00:00,0.8182367
2022-12-23 20:45:00+00:00,0.8182367
2022-12-23 21:00:00+00:00,0.8182367
2022-12-23 21:15:00+00:00,0.8182367
2022-12-23 21:30:00+00:00,0.8182367
2022-12-23 21:45:00+00:00,0.8182367
2022-12-23 22:00:00+00:00,0.8182367
2022-12-23 22:15:00+00:00,0.8182367
2022-12-23 22:30:00+00:00,0.8182367
2022-12-23 22:45:00+00:00,0.8182367
2022-12-23 23:00:00+00:00,0.8182367
2022-12-23 23:15:00+00:00,0.8182367
2022-12-23 23:30:00+00:00,0.8182367
2022-12-23 23:45:00+00:00,0.8182367
2022-12-24 00:00:00+00:00,0.8182367
2022-12-24 00:15:00+00:00,0.8182367
2022-12-24 00:30:00+00:00,0.8182367
2022-12-24 00:45:00+00:00,0.8182367
2022-12-24 01:00:00+00:00,0.8182367
2022-12-24 01:15:00+00:00,0.8182367
2022-12-24 01:30:00+00:00,0.8182367
2022-12-24 01:45:00+00:00,0.8182367
2022-12-24 02:00:00+00:00,0.8182367
2022-12-24 02:15:00+00:00,0.8182367
2022-12-24 02:30:00+00:00,0.8182367
2022-12-24 02:45:00+00:00,0.8182367
2022-12-24 03:00:00+00:00,0.8182367
2022-12-24 03:15:00+00:00,0.8182367
2022-12-24 03:30:00+00:00,0.8182367
2022-12-24 03:45:00+00:00,0.8182367
2022-12-24 04:00:00+00:00,0.8182367
2022-12-24 04:15:00+00:00,0.8182367
2022-12-24 04:30:00+00:00,0.8182367
2022-12-24 04:45:00+00:00,0.8182367
2022-12-24 05:00:00+00:00,0.8182367
2022-12-24 05:15:00+00:00,0.8182367
2022-12-24 05:30:00+00:00,0.8182367
2022-12-24 05:45:00+00:00,0.8182367
2022-12-24 06:00:00+00:00,0.8182367
2022-12-24 06:15:00+00:00,0.8182367
2022-12-24 06:30:00+00:00,0.8182367
2022-12-24 06:45:00+00:00,0.8182367
2022-12-24 07:00:00+00:00,0.8182367
2022-12-24 07:15:00+00:00,0.8182367
2022-12-24 07:30:00+00:00,0.8182367
2022-12-24 07:45:00+00:00,0.8182367
2022-12-24 08:00:00+00:00,0.8182367
2022-12-24 08:15:00+00:00,0.8182367
2022-12-24 08:30:00+00:00,0.8182367
2022-12-24 08:45:00+00:00,0.8182367
2022-12-24 09:00:00+00:00,0.8182367
2022-12-24 09:15:00+00:00,0.8182367
2022-12-24 09:30:00+00:00,0.8182367
2022-12-24 09:45:00+00:00,0.8182367
2022-12-24 10:00:00+00:00,0.8182367
2022-12-24 10:15:00+00:00,0.8182367
2022-12-24 10:30:00+00:00,0.8182367
2022-12-24 10:45:00+00:00,0.8182367
2022-12-24 11:00:00+00:00,0.8182367
2022-12-24 11:15:00+00:00,0.8182367
2022-12-24 11:30:00+00:00,0.8182367
2022-12-24 11:45:00+00:00,0.8182367
2022-12-24 12:00:00+00:00,0.8182649000000001
2022-12-24 12:15:00+00:00,0.8182649000000001
2022-12-24 12:30:00+00:00,0.8182649000000001
2022-12-24 12:45:00+00:00,0.8182649000000001
2022-12-24 13:00:00+00:00,0.8182649000000001
2022-12-24 13:15:00+00:00,0.8182649000000001
2022-12-24 13:30:00+00:00,0.8182649000000001
2022-12-24 13:45:00+00:00,0.8182649000000001
2022-12-24 14:00:00+00:00,0.8182649000000001
2022-12-24 14:15:00+00:00,0.8182649000000001
2022-12-24 14:30:00+00:00,0.8182649000000001
2022-12-24 14:45:00+00:00,0.8182649000000001
2022-12-24 15:00:00+00:00,0.8182649000000001
2022-12-24 15:15:00+00:00,0.8182649000000001
2022-12-24 15:30:00+00:00,0.8182649000000001
2022-12-24 15:45:00+00:00,0.8182649000000001
2022-12-24 16:00:00+00:00,0.8182649000000001
2022-12-24 16:15:00+00:00,0.8182649000000001
2022-12-24 16:30:00+00:00,0.8182649000000001
2022-12-24 16:45:00+00:00,0.8182649000000001
2022-12-24 17:00:00+00:00,0.8182649000000001
2022-12-24 17:15:00+00:00,0.8182649000000001
2022-12-24 17:30:00+00:00,0.8182649000000001
2022-12-24 17:45:00+00:00,0.8182649000000001
2022-12-24 18:00:00+00:00,0.8182649000000001
2022-12-24 18:15:00+00:00,0.8182649000000001
2022-12-24 18:30:00+00:00,0.8182649000000001
2022-12-24 18:45:00+00:00,0.8182649000000001
2022-12-24 19:00:00+00:00,0.8182649000000001
2022-12-24 19:15:00+00:00,0.8182649000000001
2022-12-24 19:30:00+00:00,0.8182649000000001
2022-12-24 19:45:00+00:00,0.8182649000000001
2022-12-24 20:00:00+00:00,0.8182649000000001
2022-12-24 20:15:00+00:00,0.8182649000000001
2022-12-24 20:30:00+00:00,0.8182649000000001
2022-12-24 20:45:00+00:00,0.8182649000000001
2022-12-24 21:00:00+00:00,0.8182649000000001
2022-12-24 21:15:00+00:00,0.8182649000000001
2022-12-24 21:30:00+00:00,0.8182649000000001
2022-12-24 21:45:00+00:00,0.8182649000000001
2022-12-24 22:00:00+00:00,0.8182649000000001
2022-12-24 22:15:00+00:00,0.8182649000000001
2022-12-24 22:30:00+00:00,0.8182649000000001
2022-12-24 22:45:00+00:00,0.8182649000000001
2022-12-24 23:00:00+00:00,0.8182649000000001
2022-12-24 23:15:00+00:00,0.8182649000000001
2022-12-24 23:30:00+00:00,0.8182649000000001
2022-12-24 23:45:00+00:00,0.8182649000000001
2022-12-25 00:00:00+00:00,0.8182649000000001
2022-12-25 00:15:00+00:00,0.8182649000000001
2022-12-25 00:30:00+00:00,0.8182649000000001
2022-12-25 00:45:00+00:00,0.8182649000000001
2022-12-25 01:00:00+00:00,0.8182649000000001
2022-12-25 01:15:00+00:00,0.8182649000000001
2022-12-25 01:30:00+00:00,0.8182649000000001
2022-12-25 01:45:00+00:00,0.8182649000000001
2022-12-25 02:00:00+00:00,0.8182649000000001
2022-12-25 02:15:00+00:00,0.8182649000000001
2022-12-25 02:30:00+00:00,0.8182649000000001
2022-12-25 02:45:00+00:00,0.8182649000000001
2022-12-25 03:00:00+00:00,0.8182649000000001
2022-12-25 03:15:00+00:00,0.8182649000000001
2022-12-25 03:30:00+00:00,0.8182649000000001
2022-12-25 03:45:00+00:00,0.8182649000000001
2022-12-25 04:00:00+00:00,0.8182649000000001
2022-12-25 04:15:00+00:00,0.8182649000000001
2022-12-25 04:30:00+00:00,0.8182649000000001
2022-12-25 04:45:00+00:00,0.8182649000000001
2022-12-25 05:00:00+00:00,0.8182649000000001
2022-12-25 05:15:00+00:00,0.8182649000000001
2022-12-25 05:30:00+00:00,0.8182649000000001
2022-12-25 05:45:00+00:00,0.8182649000000001
2022-12-25 06:00:00+00:00,0.8182649000000001
2022-12-25 06:15:00+00:00,0.8182649000000001
2022-12-25 06:30:00+00:00,0.8182649000000001
2022-12-25 06:45:00+00:00,0.8182649000000001
2022-12-25 07:00:00+00:00,0.8182649000000001
2022-12-25 07:15:00+00:00,0.8182649000000001
2022-12-25 07:30:00+00:00,0.8182649000000001
2022-12-25 07:45:00+00:00,0.8182649000000001
2022-12-25 08:00:00+00:00,0.8182649000000001
2022-12-25 08:15:00+00:00,0.8182649000000001
2022-12-25 08:30:00+00:00,0.8182649000000001
2022-12-25 08:45:00+00:00,0.8182649000000001
2022-12-25 09:00:00+00:00,0.8182649000000001
2022-12-25 09:15:00+00:00,0.8182649000000001
2022-12-25 09:30:00+00:00,0.8182649000000001
2022-12-25 09:45:00+00:00,0.8182649000000001
2022-12-25 10:00:00+00:00,0.8182649000000001
2022-12-25 10:15:00+00:00,0.8182649000000001
2022-12-25 10:30:00+00:00,0.8182649000000001
2022-12-25 10:45:00+00:00,0.8204914
2022-12-25 11:00:00+00:00,0.8204914
2022-12-25 11:15:00+00:00,0.8204914
2022-12-25 11:30:00+00:00,0.8204914
2022-12-25 11:45:00+00:00,0.8204914
2022-12-25 12:00:00+00:00,0.8204914
2022-12-25 12:15:00+00:00,0.8345260184000001
2022-12-25 12:30:00+00:00,0.8481009713000001
2022-12-25 12:45:00+00:00,0.8488794000000001
2022-12-25 13:00:00+00:00,0.8530938
2022-12-25 13:15:00+00:00,0.8540984
2022-12-25 13:30:00+00:00,0.8540984
2022-12-25 13:45:00+00:00,0.8540984
2022-12-25 14:00:00+00:00,0.8540984
2022-12-25 14:15:00+00:00,0.8540984
2022-12-25 14:30:00+00:00,0.8540984
2022-12-25 14:45:00+00:00,0.8540984
2022-12-25 15:00:00+00:00,0.8540984
2022-12-25 15:15:00+00:00,0.8540984
2022-12-25 15:30:00+00:00,0.8540984
2022-12-25 15:45:00+00:00,0.8540984
2022-12-25 16:00:00+00:00,0.8540984
2022-12-25 16:15:00+00:00,0.8540984
2022-12-25 16:30:00+00:00,0.8540984
2022-12-25 16:45:00+00:00,0.8540984
2022-12-25 17:00:00+00:00,0.8540984
2022-12-25 17:15:00+00:00,0.8540984
2022-12-25 17:30:00+00:00,0.8540984
2022-12-25 17:45:00+00:00,0.8540984
2022-12-25 18:00:00+00:00,0.8540984
2022-12-25 18:15:00+00:00,0.8540984
2022-12-25 18:30:00+00:00,0.8540984
2022-12-25 18:45:00+00:00,0.8540984
2022-12-25 19:00:00+00:00,0.8540984
2022-12-25 19:15:00+00:00,0.8540984
2022-12-25 19:30:00+00:00,0.8540984
2022-12-25 19:45:00+00:00,0.8540984
2022-12-25 20:00:00+00:00,0.8540984
2022-12-25 20:15:00+00:00,0.8540984
2022-12-25 20:30:00+00:00,0.8540984
2022-12-25 20:45:00+00:00,0.8540984
2022-12-25 21:00:00+00:00,0.8540984
2022-12-25 21:15:00+00:00,0.8540984
2022-12-25 21:30:00+00:00,0.8540984
2022-12-25 21:45:00+00:00,0.8540984
2022-12-25 22:00:00+00:00,0.8540984
2022-12-25 22:15:00+00:00,0.8540984
2022-12-25 22:30:00+00:00,0.8540984
2022-12-25 22:45:00+00:00,0.8540984
2022-12-25 23:00:00+00:00,0.8540984
2022-12-25 23:15:00+00:00,0.8540984
2022-12-25 23:30:00+00:00,0.8540984
2022-12-25 23:45:00+00:00,0.8540984
2022-12-26 00:00:00+00:00,0.8540984
2022-12-26 00:15:00+00:00,0.8540984
2022-12-26 00:30:00+00:00,0.8540984
2022-12-26 00:45:00+00:00,0.8540984
2022-12-26 01:00:00+00:00,0.8540984
2022-12-26 01:15:00+00:00,0.8540984
2022-12-26 01:30:00+00:00,0.8540984
2022-12-26 01:45:00+00:00,0.8540984
2022-12-26 02:00:00+00:00,0.8540984
2022-12-26 02:15:00+00:00,0.8540984
2022-12-26 02:30:00+00:00,0.8540984
2022-12-26 02:45:00+00:00,0.8540984
2022-12-26 03:00:00+00:00,0.8540984
2022-12-26 03:15:00+00:00,0.8540984
2022-12-26 03:30:00+00:00,0.8540984
2022-12-26 03:45:00+00:00,0.8540984
2022-12-26 04:00:00+00:00,0.8540984
2022-12-26 04:15:00+00:00,0.8540984
2022-12-26 04:30:00+00:00,0.8540984
2022-12-26 04:45:00+00:00,0.8540984
2022-12-26 05:00:00+00:00,0.8540984
2022-12-26 05:15:00+00:00,0.8540984
2022-12-26 05:30:00+00:00,0.8540984
2022-12-26 05:45:00+00:00,0.8540984
2022-12-26 06:00:00+00:00,0.8540984
2022-12-26 06:15:00+00:00,0.8540984
2022-12-26 06:30:00+00:00,0.8540984
2022-12-26 06:45:00+00:00,0.8540984
2022-12-26 07:00:00+00:00,0.8540984
2022-12-26 07:15:00+00:00,0.8540984
2022-12-26 07:30:00+00:00,0.8540984
2022-12-26 07:45:00+00:00,0.8540984
2022-12-26 08:00:00+00:00,0.8540984
2022-12-26 08:15:00+00:00,0.8540984
2022-12-26 08:30:00+00:00,0.8540984
2022-12-26 08:45:00+00:00,0.8540984
2022-12-26 09:00:00+00:00,0.8540984
2022-12-26 09:15:00+00:00,0.8540984
2022-12-26 09:30:00+00:00,0.8540984
2022-12-26 09:45:00+00:00,0.8540984
2022-12-26 10:00:00+00:00,0.8540984
2022-12-26 10:15:00+00:00,0.8540984
2022-12-26 10:30:00+00:00,0.8540984
2022-12-26 10:45:00+00:00,0.8540984
2022-12-26 11:00:00+00:00,0.8540984
2022-12-26 11:15:00+00:00,0.8540984
2022-12-26 11:30:00+00:00,0.8540984
2022-12-26 11:45:00+00:00,0.8540984
2022-12-26 12:00:00+00:00,0.8540984
2022-12-26 12:15:00+00:00,0.8540984
2022-12-26 12:30:00+00:00,0.8540984
2022-12-26 12:45:00+00:00,0.8540984
2022-12-26 13:00:00+00:00,0.8540984
2022-12-26 13:15:00+00:00,0.8540984
2022-12-26 13:30:00+00:00,0.8540984
2022-12-26 13:45:00+00:00,0.8540984
2022-12-26 14:00:00+00:00,0.8540984
2022-12-26 14:15:00+00:00,0.8540984
2022-12-26 14:30:00+00:00,0.8540984
2022-12-26 14:45:00+00:00,0.8540984
2022-12-26 15:00:00+00:00,0.8540984
2022-12-26 15:15:00+00:00,0.8540984
2022-12-26 15:30:00+00:00,0.8540984
2022-12-26 15:45:00+00:00,0.8540984
2022-12-26 16:00:00+00:00,0.8540984
2022-12-26 16:15:00+00:00,0.8540984
2022-12-26 16:30:00+00:00,0.8540984
2022-12-26 16:45:00+00:00,0.8540984
2022-12-26 17:00:00+00:00,0.8540984
2022-12-26 17:15:00+00:00,0.8540984
2022-12-26 17:30:00+00:00,0.8540984
2022-12-26 17:45:00+00:00,0.8540984
2022-12-26 18:00:00+00:00,0.8540984
2022-12-26 18:15:00+00:00,0.8540984
2022-12-26 18:30:00+00:00,0.8540984
2022-12-26 18:45:00+00:00,0.8540984
2022-12-26 19:00:00+00:00,0.8540984
2022-12-26 19:15:00+00:00,0.8540984
2022-12-26 19:30:00+00:00,0.8540984
2022-12-26 19:45:00+00:00,0.8540984
2022-12-26 20:00:00+00:00,0.8540984
2022-12-26 20:15:00+00:00,0.8540984
2022-12-26 20:30:00+00:00,0.8540984
2022-12-26 20:45:00+00:00,0.8540984
2022-12-26 21:00:00+00:00,0.8540984
2022-12-26 21:15:00+00:00,0.8540984
2022-12-26 21:30:00+00:00,0.8540984
2022-12-26 21:45:00+00:00,0.8540984
2022-12-26 22:00:00+00:00,0.8540984
2022-12-26 22:15:00+00:00,0.8540984
2022-12-26 22:30:00+00:00,0.8540984
2022-12-26 22:45:00+00:00,0.8540984
2022-12-26 23:00:00+00:00,0.8540984
2022-12-26 23:15:00+00:00,0.8540984
2022-12-26 23:30:00+00:00,0.8540984
2022-12-26 23:45:00+00:00,0.8540984
2022-12-27 00:00:00+00:00,0.8540984
2022-12-27 00:15:00+00:00,0.8540984
2022-12-27 00:30:00+00:00,0.8540984
2022-12-27 00:45:00+00:00,0.8540984
2022-12-27 01:00:00+00:00,0.8540984
2022-12-27 01:15:00+00:00,0.8540984
2022-12-27 01:30:00+00:00,0.8540984
2022-12-27 01:45:00+00:00,0.8540984
2022-12-27 02:00:00+00:00,0.8540984
2022-12-27 02:15:00+00:00,0.8540984
2022-12-27 02:30:00+00:00,0.8540984
2022-12-27 02:45:00+00:00,0.8540984
2022-12-27 03:00:00+00:00,0.8540984
2022-12-27 03:15:00+00:00,0.8540984
2022-12-27 03:30:00+00:00,0.8540984
2022-12-27 03:45:00+00:00,0.8540984
2022-12-27 04:00:00+00:00,0.8540984
2022-12-27 04:15:00+00:00,0.8540984
2022-12-27 04:30:00+00:00,0.8540984
2022-12-27 04:45:00+00:00,0.8540984
2022-12-27 05:00:00+00:00,0.8540984
2022-12-27 05:15:00+00:00,0.8540984
2022-12-27 05:30:00+00:00,0.8540984
2022-12-27 05:45:00+00:00,0.8540984
2022-12-27 06:00:00+00:00,0.8540984
2022-12-27 06:15:00+00:00,0.8540984
2022-12-27 06:30:00+00:00,0.8540984
2022-12-27 06:45:00+00:00,0.8540984
2022-12-27 07:00:00+00:00,0.8540984
2022-12-27 07:15:00+00:00,0.8540984
2022-12-27 07:30:00+00:00,0.8540984
2022-12-27 07:45:00+00:00,0.8540984
2022-12-27 08:00:00+00:00,0.8540984
2022-12-27 08:15:00+00:00,0.8540984
2022-12-27 08:30:00+00:00,0.8540984
2022-12-27 08:45:00+00:00,0.8540984
2022-12-27 09:00:00+00:00,0.8540984
2022-12-27 09:15:00+00:00,0.8540984
2022-12-27 09:30:00+00:00,0.8540984
2022-12-27 09:45:00+00:00,0.8540984
2022-12-27 10:00:00+00:00,0.8540984
2022-12-27 10:15:00+00:00,0.8540984
2022-12-27 10:30:00+00:00,0.8540984
2022-12-27 10:45:00+00:00,0.8540984
2022-12-27 11:00:00+00:00,0.8540984
2022-12-27 11:15:00+00:00,0.8540984
2022-12-27 11:30:00+00:00,0.8540984
2022-12-27 11:45:00+00:00,0.8540984
2022-12-27 12:00:00+00:00,0.8540984
2022-12-27 12:15:00+00:00,0.8540984
2022-12-27 12:30:00+00:00,0.8540984
2022-12-27 12:45:00+00:00,0.8540984
2022-12-27 13:00:00+00:00,0.8540984
2022-12-27 13:15:00+00:00,0.8540984
2022-12-27 13:30:00+00:00,0.8540984
2022-12-27 13:45:00+00:00,0.8540984
2022-12-27 14:00:00+00:00,0.8540984
2022-12-27 14:15:00+00:00,0.8540984
2022-12-27 14:30:00+00:00,0.8540984
2022-12-27 14:45:00+00:00,0.8540984
2022-12-27 15:00:00+00:00,0.8540984
2022-12-27 15:15:00+00:00,0.8540984
2022-12-27 15:30:00+00:00,0.8540984
2022-12-27 15:45:00+00:00,0.8540984
2022-12-27 16:00:00+00:00,0.8540984
2022-12-27 16:15:00+00:00,0.8540984
2022-12-27 16:30:00+00:00,0.8540984
2022-12-27 16:45:00+00:00,0.8540984
2022-12-27 17:00:00+00:00,0.8540984
2022-12-27 17:15:00+00:00,0.8540984
2022-12-27 17:30:00+00:00,0.8540984
2022-12-27 17:45:00+00:00,0.8540984
2022-12-27 18:00:00+00:00,0.8540984
2022-12-27 18:15:00+00:00,0.8540984
2022-12-27 18:30:00+00:00,0.8540984
2022-12-27 18:45:00+00:00,0.8540984
2022-12-27 19:00:00+00:00,0.8540984
2022-12-27 19:15:00+00:00,0.8540984
2022-12-27 19:30:00+00:00,0.8540984
2022-12-27 19:45:00+00:00,0.8540984
2022-12-27 20:00:00+00:00,0.8540984
2022-12-27 20:15:00+00:00,0.8540984
2022-12-27 20:30:00+00:00,0.8540984
2022-12-27 20:45:00+00:00,0.8540984
2022-12-27 21:00:00+00:00,0.8540984
2022-12-27 21:15:00+00:00,0.8540984
2022-12-27 21:30:00+00:00,0.8540984
2022-12-27 21:45:00+00:00,0.8540984
2022-12-27 22:00:00+00:00,0.8540984
2022-12-27 22:15:00+00:00,0.8540984
2022-12-27 22:30:00+00:00,0.8540984
2022-12-27 22:45:00+00:00,0.8540984
2022-12-27 23:00:00+00:00,0.8540984
2022-12-27 23:15:00+00:00,0.8540984
2022-12-27 23:30:00+00:00,0.8540984
2022-12-27 23:45:00+00:00,0.8540984
2022-12-28 00:00:00+00:00,0.8540984
2022-12-28 00:15:00+00:00,0.8540984
2022-12-28 00:30:00+00:00,0.8540984
2022-12-28 00:45:00+00:00,0.8540984
2022-12-28 01:00:00+00:00,0.8540984
2022-12-28 01:15:00+00:00,0.8540984
2022-12-28 01:30:00+00:00,0.8540984
2022-12-28 01:45:00+00:00,0.8540984
2022-12-28 02:00:00+00:00,0.8540984
2022-12-28 02:15:00+00:00,0.8540984
2022-12-28 02:30:00+00:00,0.8540984
2022-12-28 02:45:00+00:00,0.8540984
2022-12-28 03:00:00+00:00,0.8540984
2022-12-28 03:15:00+00:00,0.8540984
2022-12-28 03:30:00+00:00,0.8540984
2022-12-28 03:45:00+00:00,0.8540984
2023-01-01 05:15:00+00:00,0.8769689
2023-01-01 05:30:00+00:00,0.8769689
2023-01-01 05:45:00+00:00,0.8769689
2023-01-01 06:00:00+00:00,0.8769689
2023-01-01 06:15:00+00:00,0.8769689
2023-01-01 06:30:00+00:00,0.8769689
2023-01-01 06:45:00+00:00,0.8769689
2023-01-01 07:00:00+00:00,0.8769689
2023-01-01 07:15:00+00:00,0.8769689
2023-01-01 07:30:00+00:00,0.8769689
2023-01-01 07:45:00+00:00,0.8769689
2023-01-01 08:00:00+00:00,0.8769689
2023-01-01 08:15:00+00:00,0.8769689
2023-01-01 08:30:00+00:00,0.8769689
2023-01-01 08:45:00+00:00,0.8769689
2023-01-01 09:00:00+00:00,0.8769689
2023-01-01 09:15:00+00:00,0.8769689
2023-01-01 09:30:00+00:00,0.8769689
2023-01-01 09:45:00+00:00,0.8769689
2023-01-01 10:00:00+00:00,0.8769689
2023-01-01 10:15:00+00:00,0.8769689
2023-01-01 10:30:00+00:00,0.8769689
2023-01-01 10:45:00+00:00,0.8769689
2023-01-01 11:00:00+00:00,0.8769689
2023-01-01 11:15:00+00:00,0.8769689
2023-01-01 11:30:00+00:00,0.8786055092
2023-01-01 11:45:00+00:00,0.8806854000000001
2023-01-01 12:00:00+00:00,0.8806854000000001
2023-01-01 12:15:00+00:00,0.8813138346
2023-01-01 12:30:00+00:00,0.8818104
2023-01-01 12:45:00+00:00,0.8818104
2023-01-01 13:00:00+00:00,0.8818104
2023-01-01 13:15:00+00:00,0.8818104
2023-01-01 13:30:00+00:00,0.8818104
2023-01-01 13:45:00+00:00,0.8818104
2023-01-01 14:00:00+00:00,0.8818104
2023-01-01 14:15:00+00:00,0.8818104
2023-01-01 14:30:00+00:00,0.8818104
2023-01-01 14:45:00+00:00,0.8818104
2023-01-01 15:00:00+00:00,0.8818104
2023-01-01 15:15:00+00:00,0.8818104
2023-01-01 15:30:00+00:00,0.8818104
2023-01-01 15:45:00+00:00,0.8818104
2023-01-01 16:00:00+00:00,0.8818104
2023-01-01 16:15:00+00:00,0.8818104
2023-01-01 16:30:00+00:00,0.8818104
2023-01-01 16:45:00+00:00,0.8818104
2023-01-01 17:00:00+00:00,0.8818104
2023-01-01 17:15:00+00:00,0.8818104
2023-01-01 17:30:00+00:00,0.8818104
2023-01-01 17:45:00+00:00,0.8818104
2023-01-01 18:00:00+00:00,0.8818104
2023-01-01 18:15:00+00:00,0.8818104
2023-01-01 18:30:00+00:00,0.8818104
2023-01-01 18:45:00+00:00,0.8818104
2023-01-01 19:00:00+00:00,0.8818104
2023-01-01 19:15:00+00:00,0.8818104
2023-01-01 19:30:00+00:00,0.8818104
2023-01-01 19:45:00+00:00,0.8818104
2023-01-01 20:00:00+00:00,0.8818104
2023-01-01 20:15:00+00:00,0.8818104
2023-01-01 20:30:00+00:00,0.8818104
2023-01-01 20:45:00+00:00,0.8818104
2023-01-01 21:00:00+00:00,0.8818104
2023-01-01 21:15:00+00:00,0.8818104
2023-01-01 21:30:00+00:00,0.8818104
2023-01-01 21:45:00+00:00,0.8818104
2023-01-01 22:00:00+00:00,0.8818104
2023-01-01 22:15:00+00:00,0.8818104
2023-01-01 22:30:00+00:00,0.8818104
2023-01-01 22:45:00+00:00,0.8818104
2023-01-01 23:00:00+00:00,0.8818104
2023-01-01 23:15:00+00:00,0.8818104
2023-01-01 23:30:00+00:00,0.8818104
2023-01-01 23:45:00+00:00,0.8818104
2023-01-02 00:00:00+00:00,0.8818104
2023-01-02 00:15:00+00:00,0.8818104
2023-01-02 00:30:00+00:00,0.8818104
2023-01-02 00:45:00+00:00,0.8818104
2023-01-02 01:00:00+00:00,0.8818104
2023-01-02 01:15:00+00:00,0.8818104
2023-01-02 01:30:00+00:00,0.8818104
2023-01-02 01:45:00+00:00,0.8818104
2023-01-02 02:00:00+00:00,0.8818104
2023-01-02 02:15:00+00:00,0.8818104
2023-01-02 02:30:00+00:00,0.8818104
2023-01-02 02:45:00+00:00,0.8818104
2023-01-02 03:00:00+00:00,0.8818104
2023-01-02 03:15:00+00:00,0.8818104
2023-01-02 03:30:00+00:00,0.8818104
2023-01-02 03:45:00+00:00,0.8818104
2023-01-02 04:00:00+00:00,0.8818104
2023-01-02 04:15:00+00:00,0.8818104
2023-01-02 04:30:00+00:00,0.8818104
2023-01-02 04:45:00+00:00,0.8818104
2023-01-02 05:00:00+00:00,0.8818104
2023-01-02 05:15:00+00:00,0.8818104
2023-01-02 05:30:00+00:00,0.8818104
2023-01-02 05:45:00+00:00,0.8818104
2023-01-02 06:00:00+00:00,0.8818104
2023-01-02 06:15:00+00:00,0.8818104
2023-01-02 06:30:00+00:00,0.8818104
2023-01-02 06:45:00+00:00,0.8818104
2023-01-02 07:00:00+00:00,0.8818104
2023-01-02 07:15:00+00:00,0.8818104
2023-01-02 07:30:00+00:00,0.8818104
2023-01-02 07:45:00+00:00,0.8818104
2023-01-02 08:00:00+00:00,0.8818104
2023-01-02 08:15:00+00:00,0.8818104
2023-01-02 08:30:00+00:00,0.8818104
2023-01-02 08:45:00+00:00,0.8818104
2023-01-02 09:00:00+00:00,0.8818104
2023-01-02 09:15:00+00:00,0.8818104
2023-01-02 09:30:00+00:00,0.8818104
2023-01-02 09:45:00+00:00,0.8818104
2023-01-02 10:00:00+00:00,0.8818104
2023-01-02 10:15:00+00:00,0.8818104
2023-01-02 10:30:00+00:00,0.8818104
2023-01-02 10:45:00+00:00,0.8818104
2023-01-02 11:00:00+00:00,0.8818104
2023-01-02 11:15:00+00:00,0.8818104
2023-01-02 11:30:00+00:00,0.8832161678
2023-01-02 11:45:00+00:00,0.8879112222000001
2023-01-02 12:00:00+00:00,0.8964365000000001
2023-01-02 12:15:00+00:00,0.8964365000000001
2023-01-02 12:30:00+00:00,0.8964365000000001
2023-01-02 12:45:00+00:00,0.8964365000000001
2023-01-02 13:00:00+00:00,0.8964365000000001
2023-01-02 13:15:00+00:00,0.8964365000000001
2023-01-02 13:30:00+00:00,0.8964365000000001
2023-01-02 13:45:00+00:00,0.8964365000000001
2023-01-02 14:00:00+00:00,0.8964365000000001
2023-01-02 14:15:00+00:00,0.8964365000000001
2023-01-02 14:30:00+00:00,0.8964365000000001
2023-01-02 14:45:00+00:00,0.8964365000000001
2023-01-02 15:00:00+00:00,0.8964365000000001
2023-01-02 15:15:00+00:00,0.8964365000000001
2023-01-02 15:30:00+00:00,0.8964365000000001
2023-01-02 15:45:00+00:00,0.8964365000000001
2023-01-02 16:00:00+00:00,0.8964365000000001
2023-01-02 16:15:00+00:00,0.8964365000000001
2023-01-02 16:30:00+00:00,0.8964365000000001
2023-01-02 16:45:00+00:00,0.8964365000000001
2023-01-02 17:00:00+00:00,0.8964365000000001
2023-01-02 17:15:00+00:00,0.8964365000000001
2023-01-02 17:30:00+00:00,0.8964365000000001
2023-01-02 17:45:00+00:00,0.8964365000000001
2023-01-02 18:00:00+00:00,0.8964365000000001
2023-01-02 18:15:00+00:00,0.8964365000000001
2023-01-02 18:30:00+00:00,0.8964365000000001
2023-01-02 18:45:00+00:00,0.8964365000000001
2023-01-02 19:00:00+00:00,0.8964365000000001
2023-01-02 19:15:00+00:00,0.8964365000000001
2023-01-02 19:30:00+00:00,0.8964365000000001
2023-01-02 19:45:00+00:00,0.8964365000000001
2023-01-02 20:00:00+00:00,0.8964365000000001
2023-01-02 20:15:00+00:00,0.8964365000000001
2023-01-02 20:30:00+00:00,0.8964365000000001
2023-01-02 20:45:00+00:00,0.8964365000000001
2023-01-02 21:00:00+00:00,0.8964365000000001
2023-01-02 21:15:00+00:00,0.8964365000000001
2023-01-02 21:30:00+00:00,0.8964365000000001
2023-01-02 21:45:00+00:00,0.8964365000000001
2023-01-02 22:00:00+00:00,0.8964365000000001
2023-01-02 22:15:00+00:00,0.8964365000000001
2023-01-02 22:30:00+00:00,0.8964365000000001
2023-01-02 22:45:00+00:00,0.8964365000000001
2023-01-02 23:00:00+00:00,0.8964365000000001
2023-01-02 23:15:00+00:00,0.8964365000000001
2023-01-02 23:30:00+00:00,0.8964365000000001
2023-01-02 23:45:00+00:00,0.8964365000000001
2023-01-03 00:00:00+00:00,0.8964365000000001
2023-01-03 00:15:00+00:00,0.8964365000000001
2023-01-03 00:30:00+00:00,0.8964365000000001
2023-01-03 00:45:00+00:00,0.8964365000000001
2023-01-03 01:00:00+00:00,0.8964365000000001
2023-01-03 01:15:00+00:00,0.8964365000000001
2023-01-03 01:30:00+00:00,0.8964365000000001
2023-01-03 01:45:00+00:00,0.8964365000000001
2023-01-03 02:00:00+00:00,0.8964365000000001
2023-01-03 02:15:00+00:00,0.8964365000000001
2023-01-03 02:30:00+00:00,0.8964365000000001
2023-01-03 02:45:00+00:00,0.8964365000000001
2023-01-03 03:00:00+00:00,0.8964365000000001
2023-01-03 03:15:00+00:00,0.8964365000000001
2023-01-03 03:30:00+00:00,0.8964365000000001
2023-01-03 03:45:00+00:00,0.8964365000000001
2023-01-03 04:00:00+00:00,0.8964365000000001
2023-01-03 04:15:00+00:00,0.8964365000000001
2023-01-03 04:30:00+00:00,0.8964365000000001
2023-01-03 04:45:00+00:00,0.8964365000000001
2023-01-03 05:00:00+00:00,0.8964365000000001
2023-01-03 05:15:00+00:00,0.8964365000000001
2023-01-03 05:30:00+00:00,0.8964365000000001
2023-01-03 05:45:00+00:00,0.8964365000000001
2023-01-03 06:00:00+00:00,0.8964365000000001
2023-01-03 06:15:00+00:00,0.8964365000000001
2023-01-03 06:30:00+00:00,0.8964365000000001
2023-01-03 06:45:00+00:00,0.8964365000000001
2023-01-03 07:00:00+00:00,0.8964365000000001
2023-01-03 07:15:00+00:00,0.8964365000000001
2023-01-03 07:30:00+00:00,0.8964365000000001
2023-01-03 07:45:00+00:00,0.8964365000000001
2023-01-03 08:00:00+00:00,0.8964365000000001
2023-01-03 08:15:00+00:00,0.8964365000000001
2023-01-03 08:30:00+00:00,0.8964365000000001
2023-01-03 08:45:00+00:00,0.8964365000000001
2023-01-03 09:00:00+00:00,0.8964365000000001
2023-01-03 09:15:00+00:00,0.8964365000000001
2023-01-03 09:30:00+00:00,0.8964365000000001
2023-01-03 09:45:00+00:00,0.8964365000000001
2023-01-03 10:00:00+00:00,0.8964365000000001
2023-01-03 10:15:00+00:00,0.8964365000000001
2023-01-03 10:30:00+00:00,0.8964365000000001
2023-01-03 10:45:00+00:00,0.8994236
2023-01-03 11:00:00+00:00,0.8995158000000001
2023-01-03 11:15:00+00:00,0.8995158000000001
2023-01-03 11:30:00+00:00,0.9024737810000001
2023-01-03 11:45:00+00:00,0.9028615
2023-01-03 12:00:00+00:00,0.9045983000000001
2023-01-03 12:15:00+00:00,0.9091300496
2023-01-03 12:30:00+00:00,0.925847309
2023-01-03 12:45:00+00:00,0.9354597
2023-01-03 13:00:00+00:00,0.9360776000000001
2023-01-03 13:15:00+00:00,0.9360776000000001
2023-01-03 13:30:00+00:00,0.9360776000000001
2023-01-03 13:45:00+00:00,0.9360776000000001
2023-01-03 14:00:00+00:00,0.9360776000000001
2023-01-03 14:15:00+00:00,0.9360776000000001
2023-01-03 14:30:00+00:00,0.9360776000000001
2023-01-03 14:45:00+00:00,0.9360776000000001
2023-01-03 15:00:00+00:00,0.9360776000000001
2023-01-03 15:15:00+00:00,0.9360776000000001
2023-01-03 15:30:00+00:00,0.9360776000000001
2023-01-03 15:45:00+00:00,0.9360776000000001
2023-01-03 16:00:00+00:00,0.9360776000000001
2023-01-03 16:15:00+00:00,0.9360776000000001
2023-01-03 16:30:00+00:00,0.9360776000000001
2023-01-03 16:45:00+00:00,0.9360776000000001
2023-01-03 17:00:00+00:00,0.9360776000000001
2023-01-03 17:15:00+00:00,0.9360776000000001
2023-01-03 17:30:00+00:00,0.9360776000000001
2023-01-03 17:45:00+00:00,0.9360776000000001
2023-01-03 18:00:00+00:00,0.9360776000000001
2023-01-03 18:15:00+00:00,0.9360776000000001
2023-01-03 18:30:00+00:00,0.9360776000000001
2023-01-03 18:45:00+00:00,0.9360776000000001
2023-01-03 19:00:00+00:00,0.9360776000000001
2023-01-03 19:15:00+00:00,0.9360776000000001
2023-01-03 19:30:00+00:00,0.9360776000000001
2023-01-03 19:45:00+00:00,0.9360776000000001
2023-01-03 20:00:00+00:00,0.9360776000000001
2023-01-03 20:15:00+00:00,0.9360776000000001
2023-01-03 20:30:00+00:00,0.9360776000000001
2023-01-03 20:45:00+00:00,0.9360776000000001
2023-01-03 21:00:00+00:00,0.9360776000000001
2023-01-03 21:15:00+00:00,0.9360776000000001
2023-01-03 21:30:00+00:00,0.9360776000000001
2023-01-03 21:45:00+00:00,0.9360776000000001
2023-01-03 22:00:00+00:00,0.9360776000000001
2023-01-03 22:15:00+00:00,0.9360776000000001
2023-01-03 22:30:00+00:00,0.9360776000000001
2023-01-03 22:45:00+00:00,0.9360776000000001
2023-01-03 23:00:00+00:00,0.9360776000000001
2023-01-03 23:15:00+00:00,0.9360776000000001
2023-01-03 23:30:00+00:00,0.9360776000000001
2023-01-03 23:45:00+00:00,0.9360776000000001
2023-01-04 00:00:00+00:00,0.9360776000000001
2023-01-04 00:15:00+00:00,0.9360776000000001
2023-01-04 00:30:00+00:00,0.9360776000000001
2023-01-04 00:45:00+00:00,0.9360776000000001
2023-01-04 01:00:00+00:00,0.9360776000000001
2023-01-04 01:15:00+00:00,0.9360776000000001
2023-01-04 01:30:00+00:00,0.9360776000000001
2023-01-04 01:45:00+00:00,0.9360776000000001
2023-01-04 02:00:00+00:00,0.9360776000000001
2023-01-04 02:15:00+00:00,0.9360776000000001
2023-01-04 02:30:00+00:00,0.9360776000000001
2023-01-04 02:45:00+00:00,0.9360776000000001
2023-01-04 03:00:00+00:00,0.9360776000000001
2023-01-04 03:15:00+00:00,0.9360776000000001
2023-01-04 03:30:00+00:00,0.9360776000000001
2023-01-04 03:45:00+00:00,0.9360776000000001
2023-01-04 04:00:00+00:00,0.9360776000000001
2023-01-04 04:15:00+00:00,0.9360776000000001
2023-01-04 04:30:00+00:00,0.9360776000000001
2023-01-04 04:45:00+00:00,0.9360776000000001
2023-01-04 05:00:00+00:00,0.9360776000000001
2023-01-04 05:15:00+00:00,0.9360776000000001
2023-01-04 05:30:00+00:00,0.9360776000000001
2023-01-04 05:45:00+00:00,0.9360776000000001
2023-01-04 06:00:00+00:00,0.9360776000000001
2023-01-04 06:15:00+00:00,0.9360776000000001
2023-01-04 06:30:00+00:00,0.9360776000000001
2023-01-04 06:45:00+00:00,0.9360776000000001
2023-01-04 07:00:00+00:00,0.9360776000000001
2023-01-04 07:15:00+00:00,0.9360776000000001
2023-01-04 07:30:00+00:00,0.9360776000000001
2023-01-04 07:45:00+00:00,0.9360776000000001
2023-01-04 08:00:00+00:00,0.9360776000000001
2023-01-04 08:15:00+00:00,0.9360776000000001
2023-01-04 08:30:00+00:00,0.9360776000000001
2023-01-04 08:45:00+00:00,0.9360776000000001
2023-01-04 09:00:00+00:00,0.9360776000000001
2023-01-04 09:15:00+00:00,0.9360776000000001
2023-01-04 09:30:00+00:00,0.9360776000000001
2023-01-04 09:45:00+00:00,0.9360776000000001
2023-01-04 10:00:00+00:00,0.9360776000000001
2023-01-04 10:15:00+00:00,0.9360776000000001
2023-01-04 10:30:00+00:00,0.9360776000000001
2023-01-04 10:45:00+00:00,0.9360776000000001
2023-01-04 11:00:00+00:00,0.9360776000000001
2023-01-04 11:15:00+00:00,0.9360776000000001
2023-01-04 11:30:00+00:00,0.9360776000000001
2023-01-04 11:45:00+00:00,0.9360776000000001
2023-01-04 12:00:00+00:00,0.9360776000000001
2023-01-04 12:15:00+00:00,0.9360776000000001
2023-01-04 12:30:00+00:00,0.9360776000000001
2023-01-04 12:45:00+00:00,0.9360776000000001
2023-01-04 13:00:00+00:00,0.9360776000000001
2023-01-04 13:15:00+00:00,0.9360776000000001
2023-01-04 13:30:00+00:00,0.9360776000000001
2023-01-04 13:45:00+00:00,0.9360776000000001
2023-01-04 14:00:00+00:00,0.9360776000000001
2023-01-04 14:15:00+00:00,0.9360776000000001
2023-01-04 14:30:00+00:00,0.9360776000000001
2023-01-04 14:45:00+00:00,0.9360776000000001
2023-01-04 15:00:00+00:00,0.9360776000000001
2023-01-04 15:15:00+00:00,0.9360776000000001
2023-01-04 15:30:00+00:00,0.9360776000000001
2023-01-04 15:45:00+00:00,0.9360776000000001
2023-01-04 16:00:00+00:00,0.9360776000000001
2023-01-04 16:15:00+00:00,0.9360776000000001
2023-01-04 16:30:00+00:00,0.9360776000000001
2023-01-04 16:45:00+00:00,0.9360776000000001
2023-01-04 17:00:00+00:00,0.9360776000000001
2023-01-04 17:15:00+00:00,0.9360776000000001
2023-01-04 17:30:00+00:00,0.9360776000000001
2023-01-04 17:45:00+00:00,0.9360776000000001
2023-01-04 18:00:00+00:00,0.9360776000000001
2023-01-04 18:15:00+00:00,0.9360776000000001
2023-01-04 18:30:00+00:00,0.9360776000000001
2023-01-04 18:45:00+00:00,0.9360776000000001
2023-01-04 19:00:00+00:00,0.9360776000000001
2023-01-04 19:15:00+00:00,0.9360776000000001
2023-01-04 19:30:00+00:00,0.9360776000000001
2023-01-04 19:45:00+00:00,0.9360776000000001
2023-01-04 20:00:00+00:00,0.9360776000000001
2023-01-04 20:15:00+00:00,0.9360776000000001
2023-01-04 20:30:00+00:00,0.9360776000000001
2023-01-04 20:45:00+00:00,0.9360776000000001
2023-01-04 21:00:00+00:00,0.9360776000000001
2023-01-04 21:15:00+00:00,0.9360776000000001
2023-01-04 21:30:00+00:00,0.9360776000000001
2023-01-04 21:45:00+00:00,0.9360776000000001
2023-01-04 22:00:00+00:00,0.9360776000000001
2023-01-04 22:15:00+00:00,0.9360776000000001
2023-01-04 22:30:00+00:00,0.9360776000000001
2023-01-04 22:45:00+00:00,0.9360776000000001
2023-01-04 23:00:00+00:00,0.9360776000000001
2023-01-04 23:15:00+00:00,0.9360776000000001
2023-01-04 23:30:00+00:00,0.9360776000000001
2023-01-04 23:45:00+00:00,0.9360776000000001
2023-01-05 00:00:00+00:00,0.9360776000000001
2023-01-05 00:15:00+00:00,0.9360776000000001
2023-01-05 00:30:00+00:00,0.9360776000000001
2023-01-05 00:45:00+00:00,0.9360776000000001
2023-01-05 01:00:00+00:00,0.9360776000000001
2023-01-05 01:15:00+00:00,0.9360776000000001
2023-01-05 01:30:00+00:00,0.9360776000000001
2023-01-05 01:45:00+00:00,0.9360776000000001
2023-01-05 02:00:00+00:00,0.9360776000000001
2023-01-05 02:15:00+00:00,0.9360776000000001
2023-01-05 02:30:00+00:00,0.9360776000000001
2023-01-05 02:45:00+00:00,0.9360776000000001
2023-01-05 03:00:00+00:00,0.9360776000000001
2023-01-05 03:15:00+00:00,0.9360776000000001
2023-01-05 03:30:00+00:00,0.9360776000000001
2023-01-05 03:45:00+00:00,0.9360776000000001
2023-01-05 04:00:00+00:00,0.9360776000000001
2023-01-05 04:15:00+00:00,0.9360776000000001
2023-01-05 04:30:00+00:00,0.9360776000000001
2023-01-05 04:45:00+00:00,0.9360776000000001
2023-01-05 05:00:00+00:00,0.9360776000000001
2023-01-05 05:15:00+00:00,0.9360776000000001
2023-01-05 05:30:00+00:00,0.9360776000000001
2023-01-05 05:45:00+00:00,0.9360776000000001
2023-01-05 06:00:00+00:00,0.9360776000000001
2023-01-05 06:15:00+00:00,0.9360776000000001
2023-01-05 06:30:00+00:00,0.9360776000000001
2023-01-05 06:45:00+00:00,0.9360776000000001
2023-01-05 07:00:00+00:00,0.9360776000000001
2023-01-05 07:15:00+00:00,0.9360776000000001
2023-01-05 07:30:00+00:00,0.9360776000000001
2023-01-05 07:45:00+00:00,0.9360776000000001
2023-01-05 08:00:00+00:00,0.9360776000000001
2023-01-05 08:15:00+00:00,0.9360776000000001
2023-01-05 08:30:00+00:00,0.9360776000000001
2023-01-05 08:45:00+00:00,0.9360776000000001
2023-01-05 09:00:00+00:00,0.9360776000000001
2023-01-05 09:15:00+00:00,0.9360776000000001
2023-01-05 09:30:00+00:00,0.9360776000000001
2023-01-05 09:45:00+00:00,0.9360776000000001
2023-01-05 10:00:00+00:00,0.9360776000000001
2023-01-05 10:15:00+00:00,0.9360776000000001
2023-01-05 10:30:00+00:00,0.9360776000000001
2023-01-05 10:45:00+00:00,0.9360776000000001
2023-01-05 11:00:00+00:00,0.9360776000000001
2023-01-05 11:15:00+00:00,0.9360776000000001
2023-01-05 11:30:00+00:00,0.9360776000000001
2023-01-05 11:45:00+00:00,0.9360776000000001
2023-01-05 12:00:00+00:00,0.9360776000000001
2023-01-05 12:15:00+00:00,0.9360776000000001
2023-01-05 12:30:00+00:00,0.9360776000000001
2023-01-05 12:45:00+00:00,0.9360776000000001
2023-01-05 13:00:00+00:00,0.9360776000000001
2023-01-05 13:15:00+00:00,0.9360776000000001
2023-01-05 13:30:00+00:00,0.9360776000000001
2023-01-05 13:45:00+00:00,0.9360776000000001
2023-01-05 14:00:00+00:00,0.9360776000000001
2023-01-05 14:15:00+00:00,0.9360776000000001
2023-01-05 14:30:00+00:00,0.9360776000000001
2023-01-05 14:45:00+00:00,0.9360776000000001
2023-01-05 15:00:00+00:00,0.9360776000000001
2023-01-05 15:15:00+00:00,0.9360776000000001
2023-01-05 15:30:00+00:00,0.9360776000000001
2023-01-05 15:45:00+00:00,0.9360776000000001
2023-01-05 16:00:00+00:00,0.9360776000000001
2023-01-05 16:15:00+00:00,0.9360776000000001
2023-01-05 16:30:00+00:00,0.9360776000000001
2023-01-05 16:45:00+00:00,0.9360776000000001
2023-01-05 17:00:00+00:00,0.9360776000000001
2023-01-05 17:15:00+00:00,0.9360776000000001
2023-01-05 17:30:00+00:00,0.9360776000000001
2023-01-05 17:45:00+00:00,0.9360776000000001
2023-01-05 18:00:00+00:00,0.9360776000000001
2023-01-05 18:15:00+00:00,0.9360776000000001
2023-01-05 18:30:00+00:00,0.9360776000000001
2023-01-05 18:45:00+00:00,0.9360776000000001
2023-01-05 19:00:00+00:00,0.9360776000000001
2023-01-05 19:15:00+00:00,0.9360776000000001
2023-01-05 19:30:00+00:00,0.9360776000000001
2023-01-05 19:45:00+00:00,0.9360776000000001
2023-01-05 20:00:00+00:00,0.9360776000000001
2023-01-05 20:15:00+00:00,0.9360776000000001
2023-01-05 20:30:00+00:00,0.9360776000000001
2023-01-05 20:45:00+00:00,0.9360776000000001
2023-01-05 21:00:00+00:00,0.9360776000000001
2023-01-05 21:15:00+00:00,0.9360776000000001
2023-01-05 21:30:00+00:00,0.9360776000000001
2023-01-05 21:45:00+00:00,0.9360776000000001
2023-01-05 22:00:00+00:00,0.9360776000000001
2023-01-05 22:15:00+00:00,0.9360776000000001
2023-01-05 22:30:00+00:00,0.9360776000000001
2023-01-05 22:45:00+00:00,0.9360776000000001
2023-01-05 23:00:00+00:00,0.9360776000000001
2023-01-05 23:15:00+00:00,0.9360776000000001
2023-01-05 23:30:00+00:00,0.9360776000000001
2023-01-05 23:45:00+00:00,0.9360776000000001
2023-01-06 00:00:00+00:00,0.9360776000000001
2023-01-06 00:15:00+00:00,0.9360776000000001
2023-01-06 00:30:00+00:00,0.9360776000000001
2023-01-06 00:45:00+00:00,0.9360776000000001
2023-01-06 01:00:00+00:00,0.9360776000000001
2023-01-06 01:15:00+00:00,0.9360776000000001
2023-01-06 01:30:00+00:00,0.9360776000000001
2023-01-06 01:45:00+00:00,0.9360776000000001
2023-01-06 02:00:00+00:00,0.9360776000000001
2023-01-06 02:15:00+00:00,0.9360776000000001
2023-01-06 02:30:00+00:00,0.9360776000000001
2023-01-06 02:45:00+00:00,0.9360776000000001
2023-01-06 03:00:00+00:00,0.9360776000000001
2023-01-06 03:15:00+00:00,0.9360776000000001
2023-01-06 03:30:00+00:00,0.9360776000000001
2023-01-06 03:45:00+00:00,0.9360776000000001
2023-01-06 04:00:00+00:00,0.9360776000000001
2023-01-06 04:15:00+00:00,0.9360776000000001
2023-01-06 04:30:00+00:00,0.9360776000000001
2023-01-06 04:45:00+00:00,0.9360776000000001
2023-01-06 05:00:00+00:00,0.9360776000000001
2023-01-06 05:15:00+00:00,0.9360776000000001
2023-01-06 05:30:00+00:00,0.9360776000000001
2023-01-06 05:45:00+00:00,0.9360776000000001
2023-01-06 06:00:00+00:00,0.9360776000000001
2023-01-06 06:15:00+00:00,0.9360776000000001
2023-01-06 06:30:00+00:00,0.9360776000000001
2023-01-06 06:45:00+00:00,0.9360776000000001
2023-01-06 07:00:00+00:00,0.9360776000000001
2023-01-06 07:15:00+00:00,0.9360776000000001
2023-01-06 07:30:00+00:00,0.9360776000000001
2023-01-06 07:45:00+00:00,0.9360776000000001
2023-01-06 08:00:00+00:00,0.9360776000000001
2023-01-06 08:15:00+00:00,0.9360776000000001
2023-01-06 08:30:00+00:00,0.9360776000000001
2023-01-06 08:45:00+00:00,0.9360776000000001
2023-01-06 09:00:00+00:00,0.9360776000000001
2023-01-06 09:15:00+00:00,0.9360776000000001
2023-01-06 09:30:00+00:00,0.9360776000000001
2023-01-06 09:45:00+00:00,0.9360776000000001
2023-01-06 10:00:00+00:00,0.9360776000000001
2023-01-06 10:15:00+00:00,0.9360776000000001
2023-01-06 10:30:00+00:00,0.9360776000000001
2023-01-06 10:45:00+00:00,0.9360776000000001
2023-01-06 11:00:00+00:00,0.9360776000000001
2023-01-06 11:15:00+00:00,0.936232752
2023-01-06 11:30:00+00:00,0.9367858
2023-01-06 11:45:00+00:00,0.9367858
2023-01-06 12:00:00+00:00,0.9367858
2023-01-06 12:15:00+00:00,0.9367858
2023-01-06 12:30:00+00:00,0.9367858
2023-01-06 12:45:00+00:00,0.9367858
2023-01-06 13:00:00+00:00,0.9367858
2023-01-06 13:15:00+00:00,0.9367858
2023-01-06 13:30:00+00:00,0.9367858
2023-01-06 13:45:00+00:00,0.9367858
2023-01-06 14:00:00+00:00,0.9367858
2023-01-06 14:15:00+00:00,0.9367858
2023-01-06 14:30:00+00:00,0.9367858
2023-01-06 14:45:00+00:00,0.9367858
2023-01-06 15:00:00+00:00,0.9367858
2023-01-06 15:15:00+00:00,0.9367858
2023-01-06 15:30:00+00:00,0.9367858
2023-01-06 15:45:00+00:00,0.9367858
2023-01-06 16:00:00+00:00,0.9367858
2023-01-06 16:15:00+00:00,0.9367858
2023-01-06 16:30:00+00:00,0.9367858
2023-01-06 16:45:00+00:00,0.9367858
2023-01-06 17:00:00+00:00,0.9367858
2023-01-06 17:15:00+00:00,0.9367858
2023-01-06 17:30:00+00:00,0.9367858
2023-01-06 17:45:00+00:00,0.9367858
2023-01-06 18:00:00+00:00,0.9367858
2023-01-06 18:15:00+00:00,0.9367858
2023-01-06 18:30:00+00:00,0.9367858
2023-01-06 18:45:00+00:00,0.9367858
2023-01-06 19:00:00+00:00,0.9367858
2023-01-06 19:15:00+00:00,0.9367858
2023-01-06 19:30:00+00:00,0.9367858
2023-01-06 19:45:00+00:00,0.9367858
2023-01-06 20:00:00+00:00,0.9367858
2023-01-06 20:15:00+00:00,0.9367858
2023-01-06 20:30:00+00:00,0.9367858
2023-01-06 20:45:00+00:00,0.9367858
2023-01-06 21:00:00+00:00,0.9367858
2023-01-06 21:15:00+00:00,0.9367858
2023-01-06 21:30:00+00:00,0.9367858
2023-01-06 21:45:00+00:00,0.9367858
2023-01-06 22:00:00+00:00,0.9367858
2023-01-06 22:15:00+00:00,0.9367858
2023-01-06 22:30:00+00:00,0.9367858
2023-01-06 22:45:00+00:00,0.9367858
2023-01-06 23:00:00+00:00,0.9367858
2023-01-06 23:15:00+00:00,0.9367858
2023-01-06 23:30:00+00:00,0.9367858
2023-01-06 23:45:00+00:00,0.9367858
2023-01-07 00:00:00+00:00,0.9367858
2023-01-07 00:15:00+00:00,0.9367858
2023-01-07 00:30:00+00:00,0.9367858
2023-01-07 00:45:00+00:00,0.9367858
2023-01-07 01:00:00+00:00,0.9367858
2023-01-07 01:15:00+00:00,0.9367858
2023-01-07 01:30:00+00:00,0.9367858
2023-01-07 01:45:00+00:00,0.9367858
2023-01-07 02:00:00+00:00,0.9367858
2023-01-07 02:15:00+00:00,0.9367858
2023-01-07 02:30:00+00:00,0.9367858
2023-01-07 02:45:00+00:00,0.9367858
2023-01-07 03:00:00+00:00,0.9367858
2023-01-07 03:15:00+00:00,0.9367858
2023-01-07 03:30:00+00:00,0.9367858
2023-01-07 03:45:00+00:00,0.9367858
2023-01-07 04:00:00+00:00,0.9367858
2023-01-07 04:15:00+00:00,0.9367858
2023-01-07 04:30:00+00:00,0.9367858
2023-01-07 04:45:00+00:00,0.9367858
2023-01-07 05:00:00+00:00,0.9367858
2023-01-07 05:15:00+00:00,0.9367858
2023-01-07 05:30:00+00:00,0.9367858
2023-01-07 05:45:00+00:00,0.9367858
2023-01-07 06:00:00+00:00,0.9367858
2023-01-07 06:15:00+00:00,0.9367858
2023-01-07 06:30:00+00:00,0.9367858
2023-01-07 06:45:00+00:00,0.9367858
2023-01-07 07:00:00+00:00,0.9367858
2023-01-07 07:15:00+00:00,0.9367858
2023-01-07 07:30:00+00:00,0.9367858
2023-01-07 07:45:00+00:00,0.9367858
2023-01-07 08:00:00+00:00,0.9367858
2023-01-07 08:15:00+00:00,0.9367858
2023-01-07 08:30:00+00:00,0.9367858
2023-01-07 08:45:00+00:00,0.9367858
2023-01-07 09:00:00+00:00,0.9367858
2023-01-07 09:15:00+00:00,0.9367858
2023-01-07 09:30:00+00:00,0.9367858
2023-01-07 09:45:00+00:00,0.9367858
2023-01-07 10:00:00+00:00,0.9367858
2023-01-07 10:15:00+00:00,0.9367858
2023-01-07 10:30:00+00:00,0.9367858
2023-01-07 10:45:00+00:00,0.9367858
2023-01-07 11:00:00+00:00,0.9367858
2023-01-07 11:15:00+00:00,0.9367858
2023-01-07 11:30:00+00:00,0.9367858
2023-01-07 11:45:00+00:00,0.9380853
2023-01-07 12:00:00+00:00,0.939833
2023-01-07 12:15:00+00:00,0.9398624
2023-01-07 12:30:00+00:00,0.9525378763000001
2023-01-07 12:45:00+00:00,0.9726437114
2023-01-07 13:00:00+00:00,0.97844606
2023-01-07 13:15:00+00:00,0.9788694
2023-01-07 13:30:00+00:00,0.9788695000000001
2023-01-07 13:45:00+00:00,0.9788695000000001
2023-01-07 14:00:00+00:00,0.9788695000000001
2023-01-07 14:15:00+00:00,0.9788695000000001
2023-01-07 14:30:00+00:00,0.9788695000000001
2023-01-07 14:45:00+00:00,0.9788695000000001
2023-01-07 15:00:00+00:00,0.9788695000000001
2023-01-07 15:15:00+00:00,0.9788695000000001
2023-01-07 15:30:00+00:00,0.9788695000000001
2023-01-07 15:45:00+00:00,0.9788695000000001
2023-01-07 16:00:00+00:00,0.9788695000000001
2023-01-07 16:15:00+00:00,0.9788695000000001
2023-01-07 16:30:00+00:00,0.9788695000000001
2023-01-07 16:45:00+00:00,0.9788695000000001
2023-01-07 17:00:00+00:00,0.9788695000000001
2023-01-07 17:15:00+00:00,0.9788695000000001
2023-01-07 17:30:00+00:00,0.9788695000000001
2023-01-07 17:45:00+00:00,0.9788695000000001
2023-01-07 18:00:00+00:00,0.9788695000000001
2023-01-07 18:15:00+00:00,0.9788695000000001
2023-01-07 18:30:00+00:00,0.9788695000000001
2023-01-07 18:45:00+00:00,0.9788695000000001
2023-01-07 19:00:00+00:00,0.9788695000000001
2023-01-07 19:15:00+00:00,0.9788695000000001
2023-01-07 19:30:00+00:00,0.9788695000000001
2023-01-07 19:45:00+00:00,0.9788695000000001
2023-01-07 20:00:00+00:00,0.9788695000000001
2023-01-07 20:15:00+00:00,0.9788695000000001
2023-01-07 20:30:00+00:00,0.9788695000000001
2023-01-07 20:45:00+00:00,0.9788695000000001
2023-01-07 21:00:00+00:00,0.9788695000000001
2023-01-07 21:15:00+00:00,0.9788695000000001
2023-01-07 21:30:00+00:00,0.9788695000000001
2023-01-07 21:45:00+00:00,0.9788695000000001
2023-01-07 22:00:00+00:00,0.9788695000000001
2023-01-07 22:15:00+00:00,0.9788695000000001
2023-01-07 22:30:00+00:00,0.9788695000000001
2023-01-07 22:45:00+00:00,0.9788695000000001
2023-01-07 23:00:00+00:00,0.9788695000000001
2023-01-07 23:15:00+00:00,0.9788695000000001
2023-01-07 23:30:00+00:00,0.9788695000000001
2023-01-07 23:45:00+00:00,0.9788695000000001
2023-01-08 00:00:00+00:00,0.9788695000000001
2023-01-08 00:15:00+00:00,0.9788695000000001
2023-01-08 00:30:00+00:00,0.9788695000000001
2023-01-08 00:45:00+00:00,0.9788695000000001
2023-01-08 01:00:00+00:00,0.9788695000000001
2023-01-08 01:15:00+00:00,0.9788695000000001
2023-01-08 01:30:00+00:00,0.9788695000000001
2023-01-08 01:45:00+00:00,0.9788695000000001
2023-01-08 02:00:00+00:00,0.9788695000000001
2023-01-08 02:15:00+00:00,0.9788695000000001
2023-01-08 02:30:00+00:00,0.9788695000000001
2023-01-08 02:45:00+00:00,0.9788695000000001
2023-01-08 03:00:00+00:00,0.9788695000000001
2023-01-08 03:15:00+00:00,0.9788695000000001
2023-01-08 03:30:00+00:00,0.9788695000000001
2023-01-08 03:45:00+00:00,0.9788695000000001
2023-01-08 04:00:00+00:00,0.9788695000000001
2023-01-08 04:15:00+00:00,0.9788695000000001
2023-01-08 04:30:00+00:00,0.9788695000000001
2023-01-08 04:45:00+00:00,0.9788695000000001
2023-01-08 05:00:00+00:00,0.9788695000000001
2023-01-08 05:15:00+00:00,0.9788695000000001
2023-01-08 05:30:00+00:00,0.9788695000000001
2023-01-08 05:45:00+00:00,0.9788695000000001
2023-01-08 06:00:00+00:00,0.9788695000000001
2023-01-08 06:15:00+00:00,0.9788695000000001
2023-01-08 06:30:00+00:00,0.9788695000000001
2023-01-08 06:45:00+00:00,0.9788695000000001
2023-01-08 07:00:00+00:00,0.9788695000000001
2023-01-08 07:15:00+00:00,0.9788695000000001
2023-01-08 07:30:00+00:00,0.9788695000000001
2023-01-08 07:45:00+00:00,0.9788695000000001
2023-01-08 08:00:00+00:00,0.9788695000000001
2023-01-08 08:15:00+00:00,0.9788695000000001
2023-01-08 08:30:00+00:00,0.9788695000000001
2023-01-08 08:45:00+00:00,0.9788695000000001
2023-01-08 09:00:00+00:00,0.9788695000000001
2023-01-08 09:15:00+00:00,0.9788695000000001
2023-01-08 09:30:00+00:00,0.9788695000000001
2023-01-08 09:45:00+00:00,0.9788695000000001
2023-01-08 10:00:00+00:00,0.9788695000000001
2023-01-08 10:15:00+00:00,0.9788695000000001
2023-01-08 10:30:00+00:00,0.9788695000000001
2023-01-08 10:45:00+00:00,0.9788695000000001
2023-01-08 11:00:00+00:00,0.9788695000000001
2023-01-08 11:15:00+00:00,0.9788695000000001
2023-01-08 11:30:00+00:00,0.9788695000000001
2023-01-08 11:45:00+00:00,0.9788695000000001
2023-01-08 12:00:00+00:00,0.9788695000000001
2023-01-08 12:15:00+00:00,0.9788695000000001
2023-01-08 12:30:00+00:00,0.9788695000000001
2023-01-08 12:45:00+00:00,0.9788695000000001
2023-01-08 13:00:00+00:00,0.9795383000000001
2023-01-08 13:15:00+00:00,0.9795383000000001
2023-01-08 13:30:00+00:00,0.9795383000000001
2023-01-08 13:45:00+00:00,0.9795383000000001
2023-01-08 14:00:00+00:00,0.9795383000000001
2023-01-08 14:15:00+00:00,0.9795383000000001
2023-01-08 14:30:00+00:00,0.9795383000000001
2023-01-08 14:45:00+00:00,0.9795383000000001
2023-01-08 15:00:00+00:00,0.9795383000000001
2023-01-08 15:15:00+00:00,0.9795383000000001
2023-01-08 15:30:00+00:00,0.9795383000000001
2023-01-08 15:45:00+00:00,0.9795383000000001
2023-01-08 16:00:00+00:00,0.9795383000000001
2023-01-08 16:15:00+00:00,0.9795383000000001
2023-01-08 16:30:00+00:00,0.9795383000000001
2023-01-08 16:45:00+00:00,0.9795383000000001
2023-01-08 17:00:00+00:00,0.9795383000000001
2023-01-08 17:15:00+00:00,0.9795383000000001
2023-01-08 17:30:00+00:00,0.9795383000000001
2023-01-08 17:45:00+00:00,0.9795383000000001
2023-01-08 18:00:00+00:00,0.9795383000000001
2023-01-08 18:15:00+00:00,0.9795383000000001
2023-01-08 18:30:00+00:00,0.9795383000000001
2023-01-08 18:45:00+00:00,0.9795383000000001
2023-01-08 19:00:00+00:00,0.9795383000000001
2023-01-08 19:15:00+00:00,0.9795383000000001
2023-01-08 19:30:00+00:00,0.9795383000000001
2023-01-08 19:45:00+00:00,0.9795383000000001
2023-01-08 20:00:00+00:00,0.9795383000000001
2023-01-08 20:15:00+00:00,0.9795383000000001
2023-01-08 20:30:00+00:00,0.9795383000000001
2023-01-08 20:45:00+00:00,0.9795383000000001
2023-01-08 21:00:00+00:00,0.9795383000000001
2023-01-08 21:15:00+00:00,0.9795383000000001
2023-01-08 21:30:00+00:00,0.9795383000000001
2023-01-08 21:45:00+00:00,0.9795383000000001
2023-01-08 22:00:00+00:00,0.9795383000000001
2023-01-08 22:15:00+00:00,0.9795383000000001
2023-01-08 22:30:00+00:00,0.9795383000000001
2023-01-08 22:45:00+00:00,0.9795383000000001
2023-01-08 23:00:00+00:00,0.9795383000000001
2023-01-08 23:15:00+00:00,0.9795383000000001
2023-01-08 23:30:00+00:00,0.9795383000000001
2023-01-08 23:45:00+00:00,0.9795383000000001
2023-01-09 00:00:00+00:00,0.9795383000000001
2023-01-09 00:15:00+00:00,0.9795383000000001
2023-01-09 00:30:00+00:00,0.9795383000000001
2023-01-09 00:45:00+00:00,0.9795383000000001
2023-01-09 01:00:00+00:00,0.9795383000000001
2023-01-09 01:15:00+00:00,0.9795383000000001
2023-01-09 01:30:00+00:00,0.9795383000000001
2023-01-09 01:45:00+00:00,0.9795383000000001
2023-01-09 02:00:00+00:00,0.9795383000000001
2023-01-09 02:15:00+00:00,0.9795383000000001
2023-01-09 02:30:00+00:00,0.9795383000000001
2023-01-09 02:45:00+00:00,0.9795383000000001
2023-01-09 03:00:00+00:00,0.9795383000000001
2023-01-09 03:15:00+00:00,0.9795383000000001
2023-01-09 03:30:00+00:00,0.9795383000000001
2023-01-09 03:45:00+00:00,0.9795383000000001
2023-01-09 04:00:00+00:00,0.9795383000000001
2023-01-09 04:15:00+00:00,0.9795383000000001
2023-01-09 04:30:00+00:00,0.9795383000000001
2023-01-09 04:45:00+00:00,0.9795383000000001
2023-01-09 05:00:00+00:00,0.9795383000000001
2023-01-09 05:15:00+00:00,0.9795383000000001
2023-01-09 05:30:00+00:00,0.9795383000000001
2023-01-09 05:45:00+00:00,0.9795383000000001
2023-01-09 06:00:00+00:00,0.9795383000000001
2023-01-09 06:15:00+00:00,0.9795383000000001
2023-01-09 06:30:00+00:00,0.9795383000000001
2023-01-09 06:45:00+00:00,0.9795383000000001
2023-01-09 07:00:00+00:00,0.9795383000000001
2023-01-09 07:15:00+00:00,0.9795383000000001
2023-01-09 07:30:00+00:00,0.9795383000000001
2023-01-09 07:45:00+00:00,0.9795383000000001
2023-01-09 08:00:00+00:00,0.9795383000000001
2023-01-09 08:15:00+00:00,0.9795383000000001
2023-01-09 08:30:00+00:00,0.9795383000000001
2023-01-09 08:45:00+00:00,0.9795383000000001
2023-01-09 09:00:00+00:00,0.9795383000000001
2023-01-09 09:15:00+00:00,0.9795383000000001
2023-01-09 09:30:00+00:00,0.9795383000000001
2023-01-09 09:45:00+00:00,0.9795383000000001
2023-01-09 10:00:00+00:00,0.9795383000000001
2023-01-09 10:15:00+00:00,0.9795383000000001
2023-01-09 10:30:00+00:00,0.9795383000000001
2023-01-09 10:45:00+00:00,0.985429532
2023-01-09 11:00:00+00:00,0.9859786
2023-01-09 11:15:00+00:00,0.9859786
2023-01-09 11:30:00+00:00,0.9859786
2023-01-09 11:45:00+00:00,0.9859786
2023-01-09 12:00:00+00:00,0.9859786
2023-01-09 12:15:00+00:00,0.9859786
2023-01-09 12:30:00+00:00,0.9859786
2023-01-09 12:45:00+00:00,0.9859786
2023-01-09 13:00:00+00:00,0.9859786
2023-01-09 13:15:00+00:00,0.9859786
2023-01-09 13:30:00+00:00,0.9859786
2023-01-09 13:45:00+00:00,0.9859786
2023-01-09 14:00:00+00:00,0.9859786
2023-01-09 14:15:00+00:00,0.9859786
2023-01-09 14:30:00+00:00,0.9859786
2023-01-09 14:45:00+00:00,0.9859786
2023-01-09 15:00:00+00:00,0.9859786
2023-01-09 15:15:00+00:00,0.9859786
2023-01-09 15:30:00+00:00,0.9859786
2023-01-09 15:45:00+00:00,0.9859786
2023-01-09 16:00:00+00:00,0.9859786
2023-01-09 16:15:00+00:00,0.9859786
2023-01-09 16:30:00+00:00,0.9859786
2023-01-09 16:45:00+00:00,0.9859786
2023-01-09 17:00:00+00:00,0.9859786
2023-01-09 17:15:00+00:00,0.9859786
2023-01-09 17:30:00+00:00,0.9859786
2023-01-09 17:45:00+00:00,0.9859786
2023-01-09 18:00:00+00:00,0.9859786
2023-01-09 18:15:00+00:00,0.9859786
2023-01-09 18:30:00+00:00,0.9859786
2023-01-09 18:45:00+00:00,0.9859786
2023-01-09 19:00:00+00:00,0.9859786
2023-01-09 19:15:00+00:00,0.9859786
2023-01-09 19:30:00+00:00,0.9859786
2023-01-09 19:45:00+00:00,0.9859786
2023-01-09 20:00:00+00:00,0.9859786
2023-01-09 20:15:00+00:00,0.9859786
2023-01-09 20:30:00+00:00,0.9859786
2023-01-09 20:45:00+00:00,0.9859786
2023-01-09 21:00:00+00:00,0.9859786
2023-01-09 21:15:00+00:00,0.9859786
2023-01-09 21:30:00+00:00,0.9859786
2023-01-09 21:45:00+00:00,0.9859786
2023-01-09 22:00:00+00:00,0.9859786
2023-01-09 22:15:00+00:00,0.9859786
2023-01-09 22:30:00+00:00,0.9859786
2023-01-09 22:45:00+00:00,0.9859786
2023-01-09 23:00:00+00:00,0.9859786
2023-01-09 23:15:00+00:00,0.9859786
2023-01-09 23:30:00+00:00,0.9859786
2023-01-09 23:45:00+00:00,0.9859786
2023-01-10 00:00:00+00:00,0.9859786
2023-01-10 00:15:00+00:00,0.9859786
2023-01-10 00:30:00+00:00,0.9859786
2023-01-10 00:45:00+00:00,0.9859786
2023-01-10 01:00:00+00:00,0.9859786
2023-01-10 01:15:00+00:00,0.9859786
2023-01-10 01:30:00+00:00,0.9859786
2023-01-10 01:45:00+00:00,0.9859786
2023-01-10 02:00:00+00:00,0.9859786
2023-01-10 02:15:00+00:00,0.9859786
2023-01-10 02:30:00+00:00,0.9859786
2023-01-10 02:45:00+00:00,0.9859786
2023-01-10 03:00:00+00:00,0.9859786
2023-01-10 03:15:00+00:00,0.9859786
2023-01-10 03:30:00+00:00,0.9859786
2023-01-10 03:45:00+00:00,0.9859786
2023-01-10 04:00:00+00:00,0.9859786
2023-01-10 04:15:00+00:00,0.9859786
2023-01-10 04:30:00+00:00,0.9859786
2023-01-10 04:45:00+00:00,0.9859786
2023-01-10 05:00:00+00:00,0.9859786
2023-01-10 05:15:00+00:00,0.9859786
2023-01-10 05:30:00+00:00,0.9859786
2023-01-10 05:45:00+00:00,0.9859786
2023-01-10 06:00:00+00:00,0.9859786
2023-01-10 06:15:00+00:00,0.9859786
2023-01-10 06:30:00+00:00,0.9859786
2023-01-10 06:45:00+00:00,0.9859786
2023-01-10 07:00:00+00:00,0.9859786
2023-01-10 07:15:00+00:00,0.9859786
2023-01-10 07:30:00+00:00,0.9859786
2023-01-10 07:45:00+00:00,0.9859786
2023-01-10 08:00:00+00:00,0.9859786
2023-01-10 08:15:00+00:00,0.9859786
2023-01-10 08:30:00+00:00,0.9859786
2023-01-10 08:45:00+00:00,0.9859786
2023-01-10 09:00:00+00:00,0.9859786
2023-01-10 09:15:00+00:00,0.9859786
2023-01-10 09:30:00+00:00,0.9859786
2023-01-10 09:45:00+00:00,0.9859786
2023-01-10 10:00:00+00:00,0.9859786
2023-01-10 10:15:00+00:00,0.9859786
2023-01-10 10:30:00+00:00,0.9859786
2023-01-10 10:45:00+00:00,0.9859786
2023-01-10 11:00:00+00:00,0.9859786
2023-01-10 11:15:00+00:00,0.9859786
2023-01-10 11:30:00+00:00,0.9859786
2023-01-10 11:45:00+00:00,0.9859786
2023-01-10 12:00:00+00:00,0.9859786
2023-01-10 12:15:00+00:00,0.9859786
2023-01-10 12:30:00+00:00,0.9859786
2023-01-10 12:45:00+00:00,0.9859786
2023-01-10 13:00:00+00:00,0.9859786
2023-01-10 13:15:00+00:00,0.9859786
2023-01-10 13:30:00+00:00,0.9859786
2023-01-10 13:45:00+00:00,0.9859786
2023-01-10 14:00:00+00:00,0.9859786
2023-01-10 14:15:00+00:00,0.9859786
2023-01-10 14:30:00+00:00,0.9859786
2023-01-10 14:45:00+00:00,0.9859786
2023-01-10 15:00:00+00:00,0.9859786
2023-01-10 15:15:00+00:00,0.9859786
2023-01-10 15:30:00+00:00,0.9859786
2023-01-10 15:45:00+00:00,0.9859786
2023-01-10 16:00:00+00:00,0.9859786
2023-01-10 16:15:00+00:00,0.9859786
2023-01-10 16:30:00+00:00,0.9859786
2023-01-10 16:45:00+00:00,0.9859786
2023-01-10 17:00:00+00:00,0.9859786
2023-01-10 17:15:00+00:00,0.9859786
2023-01-10 17:30:00+00:00,0.9859786
2023-01-10 17:45:00+00:00,0.9859786
2023-01-10 18:00:00+00:00,0.9859786
2023-01-10 18:15:00+00:00,0.9859786
2023-01-10 18:30:00+00:00,0.9859786
2023-01-10 18:45:00+00:00,0.9859786
2023-01-10 19:00:00+00:00,0.9859786
2023-01-10 19:15:00+00:00,0.9859786
2023-01-10 19:30:00+00:00,0.9859786
2023-01-10 19:45:00+00:00,0.9859786
2023-01-10 20:00:00+00:00,0.9859786
2023-01-10 20:15:00+00:00,0.9859786
2023-01-10 20:30:00+00:00,0.9859786
2023-01-10 20:45:00+00:00,0.9859786
2023-01-10 21:00:00+00:00,0.9859786
2023-01-10 21:15:00+00:00,0.9859786
2023-01-10 21:30:00+00:00,0.9859786
2023-01-10 21:45:00+00:00,0.9859786
2023-01-10 22:00:00+00:00,0.9859786
2023-01-10 22:15:00+00:00,0.9859786
2023-01-10 22:30:00+00:00,0.9859786
2023-01-10 22:45:00+00:00,0.9859786
2023-01-10 23:00:00+00:00,0.9859786
2023-01-10 23:15:00+00:00,0.9859786
2023-01-10 23:30:00+00:00,0.9859786
2023-01-10 23:45:00+00:00,0.9859786
2023-01-11 00:00:00+00:00,0.9859786
2023-01-11 00:15:00+00:00,0.9859786
2023-01-11 00:30:00+00:00,0.9859786
2023-01-11 00:45:00+00:00,0.9859786
2023-01-11 01:00:00+00:00,0.9859786
2023-01-11 01:15:00+00:00,0.9859786
2023-01-11 01:30:00+00:00,0.9859786
2023-01-11 01:45:00+00:00,0.9859786
2023-01-11 02:00:00+00:00,0.9859786
2023-01-11 02:15:00+00:00,0.9859786
2023-01-11 02:30:00+00:00,0.9859786
2023-01-11 02:45:00+00:00,0.9859786
2023-01-11 03:00:00+00:00,0.9859786
2023-01-11 03:15:00+00:00,0.9859786
2023-01-11 03:30:00+00:00,0.9859786
2023-01-11 03:45:00+00:00,0.9859786
2023-01-11 04:00:00+00:00,0.9859786
2023-01-11 04:15:00+00:00,0.9859786
2023-01-11 04:30:00+00:00,0.9859786
2023-01-11 04:45:00+00:00,0.9859786
2023-01-11 05:00:00+00:00,0.9859786
2023-01-11 05:15:00+00:00,0.9859786
2023-01-11 05:30:00+00:00,0.9859786
2023-01-11 05:45:00+00:00,0.9859786
2023-01-11 06:00:00+00:00,0.9859786
2023-01-11 06:15:00+00:00,0.9859786
2023-01-11 06:30:00+00:00,0.9859786
2023-01-11 06:45:00+00:00,0.9859786
2023-01-11 07:00:00+00:00,0.9859786
2023-01-11 07:15:00+00:00,0.9859786
2023-01-11 07:30:00+00:00,0.9859786
2023-01-11 07:45:00+00:00,0.9859786
2023-01-11 08:00:00+00:00,0.9859786
2023-01-11 08:15:00+00:00,0.9859786
2023-01-11 08:30:00+00:00,0.9859786
2023-01-11 08:45:00+00:00,0.9859786
2023-01-11 09:00:00+00:00,0.9859786
2023-01-11 09:15:00+00:00,0.9859786
2023-01-11 09:30:00+00:00,0.9859786
2023-01-11 09:45:00+00:00,0.9859786
2023-01-11 10:00:00+00:00,0.9859786
2023-01-11 10:15:00+00:00,0.9859786
2023-01-11 10:30:00+00:00,0.9859786
2023-01-11 10:45:00+00:00,0.9859786
2023-01-11 11:00:00+00:00,0.9859786
2023-01-11 11:15:00+00:00,0.9859786
2023-01-11 11:30:00+00:00,0.9859786
2023-01-11 11:45:00+00:00,0.9859786
2023-01-11 12:00:00+00:00,0.9859786
2023-01-11 12:15:00+00:00,0.9859786
2023-01-11 12:30:00+00:00,0.9859786
2023-01-11 12:45:00+00:00,0.9859786
2023-01-11 13:00:00+00:00,0.9859786
2023-01-11 13:15:00+00:00,0.9859786
2023-01-11 13:30:00+00:00,0.9859786
2023-01-11 13:45:00+00:00,0.9859786
2023-01-11 14:00:00+00:00,0.9859786
2023-01-11 14:15:00+00:00,0.9859786
2023-01-11 14:30:00+00:00,0.9859786
2023-01-11 14:45:00+00:00,0.9859786
2023-01-11 15:00:00+00:00,0.9859786
2023-01-11 15:15:00+00:00,0.9859786
2023-01-11 15:30:00+00:00,0.9859786
2023-01-11 15:45:00+00:00,0.9859786
2023-01-11 16:00:00+00:00,0.9859786
2023-01-11 16:15:00+00:00,0.9859786
2023-01-11 16:30:00+00:00,0.9859786
2023-01-11 16:45:00+00:00,0.9859786
2023-01-11 17:00:00+00:00,0.9859786
2023-01-11 17:15:00+00:00,0.9859786
2023-01-11 17:30:00+00:00,0.9859786
2023-01-11 17:45:00+00:00,0.9859786
2023-01-11 18:00:00+00:00,0.9859786
2023-01-11 18:15:00+00:00,0.9859786
2023-01-11 18:30:00+00:00,0.9859786
2023-01-11 18:45:00+00:00,0.9859786
2023-01-11 19:00:00+00:00,0.9859786
2023-01-11 19:15:00+00:00,0.9859786
2023-01-11 19:30:00+00:00,0.9859786
2023-01-11 19:45:00+00:00,0.9859786
2023-01-11 20:00:00+00:00,0.9859786
2023-01-11 20:15:00+00:00,0.9859786
2023-01-11 20:30:00+00:00,0.9859786
2023-01-11 20:45:00+00:00,0.9859786
2023-01-11 21:00:00+00:00,0.9859786
2023-01-11 21:15:00+00:00,0.9859786
2023-01-11 21:30:00+00:00,0.9859786
2023-01-11 21:45:00+00:00,0.9859786
2023-01-11 22:00:00+00:00,0.9859786
2023-01-11 22:15:00+00:00,0.9859786
2023-01-11 22:30:00+00:00,0.9859786
2023-01-11 22:45:00+00:00,0.9859786
2023-01-11 23:00:00+00:00,0.9859786
2023-01-11 23:15:00+00:00,0.9859786
2023-01-11 23:30:00+00:00,0.9859786
2023-01-11 23:45:00+00:00,0.9859786
2023-01-12 00:00:00+00:00,0.9859786
2023-01-12 00:15:00+00:00,0.9859786
2023-01-12 00:30:00+00:00,0.9859786
2023-01-12 00:45:00+00:00,0.9859786
2023-01-12 01:00:00+00:00,0.9859786
2023-01-12 01:15:00+00:00,0.9859786
2023-01-12 01:30:00+00:00,0.9859786
2023-01-12 01:45:00+00:00,0.9859786
2023-01-12 02:00:00+00:00,0.9859786
2023-01-12 02:15:00+00:00,0.9859786
2023-01-12 02:30:00+00:00,0.9859786
2023-01-12 02:45:00+00:00,0.9859786
2023-01-12 03:00:00+00:00,0.9859786
2023-01-12 03:15:00+00:00,0.9859786
2023-01-12 03:30:00+00:00,0.9859786
2023-01-12 03:45:00+00:00,0.9859786
2023-01-12 04:00:00+00:00,0.9859786
2023-01-12 04:15:00+00:00,0.9859786
2023-01-12 04:30:00+00:00,0.9859786
2023-01-12 04:45:00+00:00,0.9859786
2023-01-12 05:00:00+00:00,0.9859786
2023-01-12 05:15:00+00:00,0.9859786
2023-01-12 05:30:00+00:00,0.9859786
2023-01-12 05:45:00+00:00,0.9859786
2023-01-12 06:00:00+00:00,0.9859786
2023-01-12 06:15:00+00:00,0.9859786
2023-01-12 06:30:00+00:00,0.9859786
2023-01-12 06:45:00+00:00,0.9859786
2023-01-12 07:00:00+00:00,0.9859786
2023-01-12 07:15:00+00:00,0.9859786
2023-01-12 07:30:00+00:00,0.9859786
2023-01-12 07:45:00+00:00,0.9859786
2023-01-12 08:00:00+00:00,0.9859786
2023-01-12 08:15:00+00:00,0.9859786
2023-01-12 08:30:00+00:00,0.9859786
2023-01-12 08:45:00+00:00,0.9859786
2023-01-12 09:00:00+00:00,0.9859786
2023-01-12 09:15:00+00:00,0.9859786
2023-01-12 09:30:00+00:00,0.9859786
2023-01-12 09:45:00+00:00,0.9859786
2023-01-12 10:00:00+00:00,0.9859786
2023-01-12 10:15:00+00:00,0.9859786
2023-01-12 10:30:00+00:00,0.9859786
2023-01-12 10:45:00+00:00,0.9859786
2023-01-12 11:00:00+00:00,0.9859786
2023-01-12 11:15:00+00:00,0.9859786
2023-01-12 11:30:00+00:00,0.9859786
2023-01-12 11:45:00+00:00,0.9859786
2023-01-12 12:00:00+00:00,0.9859786
2023-01-12 12:15:00+00:00,0.9859786
2023-01-12 12:30:00+00:00,0.9859786
2023-01-12 12:45:00+00:00,0.9859786
2023-01-12 13:00:00+00:00,0.9859786
2023-01-12 13:15:00+00:00,0.9859786
2023-01-12 13:30:00+00:00,0.9859786
2023-01-12 13:45:00+00:00,0.9859786
2023-01-12 14:00:00+00:00,0.9859786
2023-01-12 14:15:00+00:00,0.9859786
2023-01-12 14:30:00+00:00,0.9859786
2023-01-12 14:45:00+00:00,0.9859786
2023-01-12 15:00:00+00:00,0.9859786
2023-01-12 15:15:00+00:00,0.9859786
2023-01-12 15:30:00+00:00,0.9859786
2023-01-12 15:45:00+00:00,0.9859786
2023-01-12 16:00:00+00:00,0.9859786
2023-01-12 16:15:00+00:00,0.9859786
2023-01-12 16:30:00+00:00,0.9859786
2023-01-12 16:45:00+00:00,0.9859786
2023-01-12 17:00:00+00:00,0.9859786
2023-01-12 17:15:00+00:00,0.9859786
2023-01-12 17:30:00+00:00,0.9859786
2023-01-12 17:45:00+00:00,0.9859786
2023-01-12 18:00:00+00:00,0.9859786
2023-01-12 18:15:00+00:00,0.9859786
2023-01-12 18:30:00+00:00,0.9859786
2023-01-12 18:45:00+00:00,0.9859786
2023-01-12 19:00:00+00:00,0.9859786
2023-01-12 19:15:00+00:00,0.9859786
2023-01-12 19:30:00+00:00,0.9859786
2023-01-12 19:45:00+00:00,0.9859786
2023-01-12 20:00:00+00:00,0.9859786
2023-01-12 20:15:00+00:00,0.9859786
2023-01-12 20:30:00+00:00,0.9859786
2023-01-12 20:45:00+00:00,0.9859786
2023-01-12 21:00:00+00:00,0.9859786
2023-01-12 21:15:00+00:00,0.9859786
2023-01-12 21:30:00+00:00,0.9859786
2023-01-12 21:45:00+00:00,0.9859786
2023-01-12 22:00:00+00:00,0.9859786
2023-01-12 22:15:00+00:00,0.9859786
2023-01-12 22:30:00+00:00,0.9859786
2023-01-12 22:45:00+00:00,0.9859786
2023-01-12 23:00:00+00:00,0.9859786
2023-01-12 23:15:00+00:00,0.9859786
2023-01-12 23:30:00+00:00,0.9859786
2023-01-12 23:45:00+00:00,0.9859786
2023-01-13 00:00:00+00:00,0.9859786
2023-01-13 00:15:00+00:00,0.9859786
2023-01-13 00:30:00+00:00,0.9859786
2023-01-13 00:45:00+00:00,0.9859786
2023-01-13 01:00:00+00:00,0.9859786
2023-01-13 01:15:00+00:00,0.9859786
2023-01-13 01:30:00+00:00,0.9859786
2023-01-13 01:45:00+00:00,0.9859786
2023-01-13 02:00:00+00:00,0.9859786
2023-01-13 02:15:00+00:00,0.9859786
2023-01-13 02:30:00+00:00,0.9859786
2023-01-13 02:45:00+00:00,0.9859786
2023-01-13 03:00:00+00:00,0.9859786
2023-01-13 03:15:00+00:00,0.9859786
2023-01-13 03:30:00+00:00,0.9859786
2023-01-13 03:45:00+00:00,0.9859786
2023-01-13 04:00:00+00:00,0.9859786
2023-01-13 04:15:00+00:00,0.9859786
2023-01-13 04:30:00+00:00,0.9859786
2023-01-13 04:45:00+00:00,0.9859786
2023-01-13 05:00:00+00:00,0.9859786
2023-01-13 05:15:00+00:00,0.9859786
2023-01-13 05:30:00+00:00,0.9859786
2023-01-13 05:45:00+00:00,0.9859786
2023-01-13 06:00:00+00:00,0.9859786
2023-01-13 06:15:00+00:00,0.9859786
2023-01-13 06:30:00+00:00,0.9859786
2023-01-13 06:45:00+00:00,0.9859786
2023-01-13 07:00:00+00:00,0.9859786
2023-01-13 07:15:00+00:00,0.9859786
2023-01-13 07:30:00+00:00,0.9859786
2023-01-13 07:45:00+00:00,0.9859786
2023-01-13 08:00:00+00:00,0.9859786
2023-01-13 08:15:00+00:00,0.9859786
2023-01-13 08:30:00+00:00,0.9859786
2023-01-13 08:45:00+00:00,0.9859786
2023-01-13 09:00:00+00:00,0.9859786
2023-01-13 09:15:00+00:00,0.9859786
2023-01-13 09:30:00+00:00,0.9859786
2023-01-13 09:45:00+00:00,0.9859786
2023-01-13 10:00:00+00:00,0.9859786
2023-01-13 10:15:00+00:00,0.9859786
2023-01-13 10:30:00+00:00,0.9859786
2023-01-13 10:45:00+00:00,0.9859786
2023-01-13 11:00:00+00:00,0.9859786
2023-01-13 11:15:00+00:00,0.9859786
2023-01-13 11:30:00+00:00,0.9859786
2023-01-13 11:45:00+00:00,0.9859786
2023-01-13 12:00:00+00:00,0.9859786
2023-01-13 12:15:00+00:00,0.9859786
2023-01-13 12:30:00+00:00,0.9859786
2023-01-13 12:45:00+00:00,0.9859786
2023-01-13 13:00:00+00:00,0.9859786
2023-01-13 13:15:00+00:00,0.9859786
2023-01-13 13:30:00+00:00,0.9859786
2023-01-13 13:45:00+00:00,0.9859786
2023-01-13 14:00:00+00:00,0.9859786
2023-01-13 14:15:00+00:00,0.9859786
2023-01-13 14:30:00+00:00,0.9859786
2023-01-13 14:45:00+00:00,0.9859786
2023-01-13 15:00:00+00:00,0.9859786
2023-01-13 15:15:00+00:00,0.9859786
2023-01-13 15:30:00+00:00,0.9859786
2023-01-13 15:45:00+00:00,0.9859786
2023-01-13 16:00:00+00:00,0.9859786
2023-01-13 16:15:00+00:00,0.9859786
2023-01-13 16:30:00+00:00,0.9859786
2023-01-13 16:45:00+00:00,0.9859786
2023-01-13 17:00:00+00:00,0.9859786
2023-01-13 17:15:00+00:00,0.9859786
2023-01-13 17:30:00+00:00,0.9859786
2023-01-13 17:45:00+00:00,0.9859786
2023-01-13 18:00:00+00:00,0.9859786
2023-01-13 18:15:00+00:00,0.9859786
2023-01-13 18:30:00+00:00,0.9859786
2023-01-13 18:45:00+00:00,0.9859786
2023-01-13 19:00:00+00:00,0.9859786
2023-01-13 19:15:00+00:00,0.9859786
2023-01-13 19:30:00+00:00,0.9859786
2023-01-13 19:45:00+00:00,0.9859786
2023-01-13 20:00:00+00:00,0.9859786
2023-01-13 20:15:00+00:00,0.9859786
2023-01-13 20:30:00+00:00,0.9859786
2023-01-13 20:45:00+00:00,0.9859786
2023-01-13 21:00:00+00:00,0.9859786
2023-01-13 21:15:00+00:00,0.9859786
2023-01-13 21:30:00+00:00,0.9859786
2023-01-13 21:45:00+00:00,0.9859786
2023-01-13 22:00:00+00:00,0.9859786
2023-01-13 22:15:00+00:00,0.9859786
2023-01-13 22:30:00+00:00,0.9859786
2023-01-13 22:45:00+00:00,0.9859786
2023-01-13 23:00:00+00:00,0.9859786
2023-01-13 23:15:00+00:00,0.9859786
2023-01-13 23:30:00+00:00,0.9859786
2023-01-13 23:45:00+00:00,0.9859786
2023-01-14 00:00:00+00:00,0.9859786
2023-01-14 00:15:00+00:00,0.9859786
2023-01-14 00:30:00+00:00,0.9859786
2023-01-14 00:45:00+00:00,0.9859786
2023-01-14 01:00:00+00:00,0.9859786
2023-01-14 01:15:00+00:00,0.9859786
2023-01-14 01:30:00+00:00,0.9859786
2023-01-14 01:45:00+00:00,0.9859786
2023-01-14 02:00:00+00:00,0.9859786
2023-01-14 02:15:00+00:00,0.9859786
2023-01-14 02:30:00+00:00,0.9859786
2023-01-14 02:45:00+00:00,0.9859786
2023-01-14 03:00:00+00:00,0.9859786
2023-01-14 03:15:00+00:00,0.9859786
2023-01-14 03:30:00+00:00,0.9859786
2023-01-14 03:45:00+00:00,0.9859786
2023-01-14 04:00:00+00:00,0.9859786
2023-01-14 04:15:00+00:00,0.9859786
2023-01-14 04:30:00+00:00,0.9859786
2023-01-14 04:45:00+00:00,0.9859786
2023-01-14 05:00:00+00:00,0.9859786
2023-01-14 05:15:00+00:00,0.9859786
2023-01-14 05:30:00+00:00,0.9859786
2023-01-14 05:45:00+00:00,0.9859786
2023-01-14 06:00:00+00:00,0.9859786
2023-01-14 06:15:00+00:00,0.9859786
2023-01-14 06:30:00+00:00,0.9859786
2023-01-14 06:45:00+00:00,0.9859786
2023-01-14 07:00:00+00:00,0.9859786
2023-01-14 07:15:00+00:00,0.9859786
2023-01-14 07:30:00+00:00,0.9859786
2023-01-14 07:45:00+00:00,0.9859786
2023-01-14 08:00:00+00:00,0.9859786
2023-01-14 08:15:00+00:00,0.9859786
2023-01-14 08:30:00+00:00,0.9859786
2023-01-14 08:45:00+00:00,0.9859786
2023-01-14 09:00:00+00:00,0.9859786
2023-01-14 09:15:00+00:00,0.9859786
2023-01-14 09:30:00+00:00,0.9859786
2023-01-14 09:45:00+00:00,0.9859786
2023-01-14 10:00:00+00:00,0.9859786
2023-01-14 10:15:00+00:00,0.9859786
2023-01-14 10:30:00+00:00,0.9859786
2023-01-14 10:45:00+00:00,0.9859786
2023-01-14 11:00:00+00:00,0.9859786
2023-01-14 11:15:00+00:00,0.9859786
2023-01-14 11:30:00+00:00,0.9859786
2023-01-14 11:45:00+00:00,0.9859786
2023-01-14 12:00:00+00:00,0.9859786
2023-01-14 12:15:00+00:00,0.9859786
2023-01-14 12:30:00+00:00,0.9859786
2023-01-14 12:45:00+00:00,0.9859786
2023-01-14 13:00:00+00:00,0.9859786
2023-01-14 13:15:00+00:00,0.9859786
2023-01-14 13:30:00+00:00,0.9859786
2023-01-14 13:45:00+00:00,0.9859786
2023-01-14 14:00:00+00:00,0.9859786
2023-01-14 14:15:00+00:00,0.9859786
2023-01-14 14:30:00+00:00,0.9859786
2023-01-14 14:45:00+00:00,0.9859786
2023-01-14 15:00:00+00:00,0.9859786
2023-01-14 15:15:00+00:00,0.9859786
2023-01-14 15:30:00+00:00,0.9859786
2023-01-14 15:45:00+00:00,0.9859786
2023-01-14 16:00:00+00:00,0.9859786
2023-01-14 16:15:00+00:00,0.9859786
2023-01-14 16:30:00+00:00,0.9859786
2023-01-14 16:45:00+00:00,0.9859786
2023-01-14 17:00:00+00:00,0.9859786
2023-01-14 17:15:00+00:00,0.9859786
2023-01-14 17:30:00+00:00,0.9859786
2023-01-14 17:45:00+00:00,0.9859786
2023-01-14 18:00:00+00:00,0.9859786
2023-01-14 18:15:00+00:00,0.9859786
2023-01-14 18:30:00+00:00,0.9859786
2023-01-14 18:45:00+00:00,0.9859786
2023-01-14 19:00:00+00:00,0.9859786
2023-01-14 19:15:00+00:00,0.9859786
2023-01-14 19:30:00+00:00,0.9859786
2023-01-14 19:45:00+00:00,0.9859786
2023-01-14 20:00:00+00:00,0.9859786
2023-01-14 20:15:00+00:00,0.9859786
2023-01-14 20:30:00+00:00,0.9859786
2023-01-14 20:45:00+00:00,0.9859786
2023-01-14 21:00:00+00:00,0.9859786
2023-01-14 21:15:00+00:00,0.9859786
2023-01-14 21:30:00+00:00,0.9859786
2023-01-14 21:45:00+00:00,0.9859786
2023-01-14 22:00:00+00:00,0.9859786
2023-01-14 22:15:00+00:00,0.9859786
2023-01-14 22:30:00+00:00,0.9859786
2023-01-14 22:45:00+00:00,0.9859786
2023-01-14 23:00:00+00:00,0.9859786
2023-01-14 23:15:00+00:00,0.9859786
2023-01-14 23:30:00+00:00,0.9859786
2023-01-14 23:45:00+00:00,0.9859786
2023-01-15 00:00:00+00:00,0.9859786
2023-01-15 00:15:00+00:00,0.9859786
2023-01-15 00:30:00+00:00,0.9859786
2023-01-15 00:45:00+00:00,0.9859786
2023-01-15 01:00:00+00:00,0.9859786
2023-01-15 01:15:00+00:00,0.9859786
2023-01-15 01:30:00+00:00,0.9859786
2023-01-15 01:45:00+00:00,0.9859786
2023-01-15 02:00:00+00:00,0.9859786
2023-01-15 02:15:00+00:00,0.9859786
2023-01-15 02:30:00+00:00,0.9859786
2023-01-15 02:45:00+00:00,0.9859786
2023-01-15 03:00:00+00:00,0.9859786
2023-01-15 03:15:00+00:00,0.9859786
2023-01-15 03:30:00+00:00,0.9859786
2023-01-15 03:45:00+00:00,0.9859786
2023-01-15 04:00:00+00:00,0.9859786
2023-01-15 04:15:00+00:00,0.9859786
2023-01-15 04:30:00+00:00,0.9859786
2023-01-15 04:45:00+00:00,0.9859786
2023-01-15 05:00:00+00:00,0.9859786
2023-01-15 05:15:00+00:00,0.9859786
2023-01-15 05:30:00+00:00,0.9859786
2023-01-15 05:45:00+00:00,0.9859786
2023-01-15 06:00:00+00:00,0.9859786
2023-01-15 06:15:00+00:00,0.9859786
2023-01-15 06:30:00+00:00,0.9859786
2023-01-15 06:45:00+00:00,0.9859786
2023-01-15 07:00:00+00:00,0.9859786
2023-01-15 07:15:00+00:00,0.9859786
2023-01-15 07:30:00+00:00,0.9859786
2023-01-15 07:45:00+00:00,0.9859786
2023-01-15 08:00:00+00:00,0.9859786
2023-01-15 08:15:00+00:00,0.9859786
2023-01-15 08:30:00+00:00,0.9859786
2023-01-15 08:45:00+00:00,0.9859786
2023-01-15 09:00:00+00:00,0.9859786
2023-01-15 09:15:00+00:00,0.9859786
2023-01-15 09:30:00+00:00,0.9859786
2023-01-15 09:45:00+00:00,0.9859786
2023-01-15 10:00:00+00:00,0.9859786
2023-01-15 10:15:00+00:00,0.9859786
2023-01-15 10:30:00+00:00,0.9859786
2023-01-15 10:45:00+00:00,0.9859786
2023-01-15 11:00:00+00:00,0.9859786
2023-01-15 11:15:00+00:00,0.9859786
2023-01-15 11:30:00+00:00,0.9859786
2023-01-15 11:45:00+00:00,0.9859786
2023-01-15 12:00:00+00:00,0.9859786
2023-01-15 12:15:00+00:00,0.9859786
2023-01-15 12:30:00+00:00,0.9859786
2023-01-15 12:45:00+00:00,0.9880771004000001
2023-01-15 13:00:00+00:00,0.9885482
2023-01-15 13:15:00+00:00,0.9912538000000001
2023-01-15 13:30:00+00:00,0.9927398000000001
2023-01-15 13:45:00+00:00,0.9927398000000001
2023-01-15 14:00:00+00:00,0.9927398000000001
2023-01-15 14:15:00+00:00,0.9927398000000001
2023-01-15 14:30:00+00:00,0.9927398000000001
2023-01-15 14:45:00+00:00,0.9927398000000001
2023-01-15 15:00:00+00:00,0.9927398000000001
2023-01-15 15:15:00+00:00,0.9927398000000001
2023-01-15 15:30:00+00:00,0.9927398000000001
2023-01-15 15:45:00+00:00,0.9927398000000001
2023-01-15 16:00:00+00:00,0.9927398000000001
2023-01-15 16:15:00+00:00,0.9927398000000001
2023-01-15 16:30:00+00:00,0.9927398000000001
2023-01-15 16:45:00+00:00,0.9927398000000001
2023-01-15 17:00:00+00:00,0.9927398000000001
2023-01-15 17:15:00+00:00,0.9927398000000001
2023-01-15 17:30:00+00:00,0.9927398000000001
2023-01-15 17:45:00+00:00,0.9927398000000001
2023-01-15 18:00:00+00:00,0.9927398000000001
2023-01-15 18:15:00+00:00,0.9927398000000001
2023-01-15 18:30:00+00:00,0.9927398000000001
2023-01-15 18:45:00+00:00,0.9927398000000001
2023-01-15 19:00:00+00:00,0.9927398000000001
2023-01-15 19:15:00+00:00,0.9927398000000001
2023-01-15 19:30:00+00:00,0.9927398000000001
2023-01-15 19:45:00+00:00,0.9927398000000001
2023-01-15 20:00:00+00:00,0.9927398000000001
2023-01-15 20:15:00+00:00,0.9927398000000001
2023-01-15 20:30:00+00:00,0.9927398000000001
2023-01-15 20:45:00+00:00,0.9927398000000001
2023-01-15 21:00:00+00:00,0.9927398000000001
2023-01-15 21:15:00+00:00,0.9927398000000001
2023-01-15 21:30:00+00:00,0.9927398000000001
2023-01-15 21:45:00+00:00,0.9927398000000001
2023-01-15 22:00:00+00:00,0.9927398000000001
2023-01-15 22:15:00+00:00,0.9927398000000001
2023-01-15 22:30:00+00:00,0.9927398000000001
2023-01-15 22:45:00+00:00,0.9927398000000001
2023-01-15 23:00:00+00:00,0.9927398000000001
2023-01-15 23:15:00+00:00,0.9927398000000001
2023-01-15 23:30:00+00:00,0.9927398000000001
2023-01-15 23:45:00+00:00,0.9927398000000001
2023-01-16 00:00:00+00:00,0.9927398000000001
2023-01-16 00:15:00+00:00,0.9927398000000001
2023-01-16 00:30:00+00:00,0.9927398000000001
2023-01-16 00:45:00+00:00,0.9927398000000001
2023-01-16 01:00:00+00:00,0.9927398000000001
2023-01-16 01:15:00+00:00,0.9927398000000001
2023-01-16 01:30:00+00:00,0.9927398000000001
2023-01-16 01:45:00+00:00,0.9927398000000001
2023-01-16 02:00:00+00:00,0.9927398000000001
2023-01-16 02:15:00+00:00,0.9927398000000001
2023-01-16 02:30:00+00:00,0.9927398000000001
2023-01-16 02:45:00+00:00,0.9927398000000001
2023-01-16 03:00:00+00:00,0.9927398000000001
2023-01-16 03:15:00+00:00,0.9927398000000001
2023-01-16 03:30:00+00:00,0.9927398000000001
2023-01-16 03:45:00+00:00,0.9927398000000001
2023-01-16 04:00:00+00:00,0.9927398000000001
2023-01-16 04:15:00+00:00,0.9927398000000001
2023-01-16 04:30:00+00:00,0.9927398000000001
2023-01-16 04:45:00+00:00,0.9927398000000001
2023-01-16 05:00:00+00:00,0.9927398000000001
2023-01-16 05:15:00+00:00,0.9927398000000001
2023-01-16 05:30:00+00:00,0.9927398000000001
2023-01-16 05:45:00+00:00,0.9927398000000001
2023-01-16 06:00:00+00:00,0.9927398000000001
2023-01-16 06:15:00+00:00,0.9927398000000001
2023-01-16 06:30:00+00:00,0.9927398000000001
2023-01-16 06:45:00+00:00,0.9927398000000001
2023-01-16 07:00:00+00:00,0.9927398000000001
2023-01-16 07:15:00+00:00,0.9927398000000001
2023-01-16 07:30:00+00:00,0.9927398000000001
2023-01-16 07:45:00+00:00,0.9927398000000001
2023-01-16 08:00:00+00:00,0.9927398000000001
2023-01-16 08:15:00+00:00,0.9927398000000001
2023-01-16 08:30:00+00:00,0.9927398000000001
2023-01-16 08:45:00+00:00,0.9927398000000001
2023-01-16 09:00:00+00:00,0.9927398000000001
2023-01-16 09:15:00+00:00,0.9927398000000001
2023-01-16 09:30:00+00:00,0.9927398000000001
2023-01-16 09:45:00+00:00,0.9927398000000001
2023-01-16 10:00:00+00:00,0.9927398000000001
2023-01-16 10:15:00+00:00,0.9927398000000001
2023-01-16 10:30:00+00:00,0.9927398000000001
2023-01-16 10:45:00+00:00,0.9927398000000001
2023-01-16 11:00:00+00:00,0.9927398000000001
2023-01-16 11:15:00+00:00,0.9927398000000001
2023-01-16 11:30:00+00:00,0.9927398000000001
2023-01-16 11:45:00+00:00,0.9927398000000001
2023-01-16 12:00:00+00:00,0.9927398000000001
2023-01-16 12:15:00+00:00,0.9927398000000001
2023-01-16 12:30:00+00:00,0.9927398000000001
2023-01-16 12:45:00+00:00,0.9927999000000001
2023-01-16 13:00:00+00:00,0.9927999000000001
2023-01-16 13:15:00+00:00,0.9929712
2023-01-16 13:30:00+00:00,0.9929712
2023-01-16 13:45:00+00:00,0.9929712
2023-01-16 14:00:00+00:00,0.9929712
2023-01-16 14:15:00+00:00,0.9929712
2023-01-16 14:30:00+00:00,0.9929712
2023-01-16 14:45:00+00:00,0.9929712
2023-01-16 15:00:00+00:00,0.9929712
2023-01-16 15:15:00+00:00,0.9929712
2023-01-16 15:30:00+00:00,0.9929712
2023-01-16 15:45:00+00:00,0.9929712
2023-01-16 16:00:00+00:00,0.9929712
2023-01-16 16:15:00+00:00,0.9929712
2023-01-16 16:30:00+00:00,0.9929712
2023-01-16 16:45:00+00:00,0.9929712
2023-01-16 17:00:00+00:00,0.9929712
2023-01-16 17:15:00+00:00,0.9929712
2023-01-16 17:30:00+00:00,0.9929712
2023-01-16 17:45:00+00:00,0.9929712
2023-01-16 18:00:00+00:00,0.9929712
2023-01-16 18:15:00+00:00,0.9929712
2023-01-16 18:30:00+00:00,0.9929712
2023-01-16 18:45:00+00:00,0.9929712
2023-01-16 19:00:00+00:00,0.9929712
2023-01-16 19:15:00+00:00,0.9929712
2023-01-16 19:30:00+00:00,0.9929712
2023-01-16 19:45:00+00:00,0.9929712
2023-01-16 20:00:00+00:00,0.9929712
2023-01-16 20:15:00+00:00,0.9929712
2023-01-16 20:30:00+00:00,0.9929712
2023-01-16 20:45:00+00:00,0.9929712
2023-01-16 21:00:00+00:00,0.9929712
2023-01-16 21:15:00+00:00,0.9929712
2023-01-16 21:30:00+00:00,0.9929712
2023-01-16 21:45:00+00:00,0.9929712
2023-01-16 22:00:00+00:00,0.9929712
2023-01-16 22:15:00+00:00,0.9929712
2023-01-16 22:30:00+00:00,0.9929712
2023-01-16 22:45:00+00:00,0.9929712
2023-01-16 23:00:00+00:00,0.9929712
2023-01-16 23:15:00+00:00,0.9929712
2023-01-16 23:30:00+00:00,0.9929712
2023-01-16 23:45:00+00:00,0.9929712
2023-01-17 00:00:00+00:00,0.9929712
2023-01-17 00:15:00+00:00,0.9929712
2023-01-17 00:30:00+00:00,0.9929712
2023-01-17 00:45:00+00:00,0.9929712
2023-01-17 01:00:00+00:00,0.9929712
2023-01-17 01:15:00+00:00,0.9929712
2023-01-17 01:30:00+00:00,0.9929712
2023-01-17 01:45:00+00:00,0.9929712
2023-01-17 02:00:00+00:00,0.9929712
2023-01-17 02:15:00+00:00,0.9929712
2023-01-17 02:30:00+00:00,0.9929712
2023-01-17 02:45:00+00:00,0.9929712
2023-01-17 03:00:00+00:00,0.9929712
2023-01-17 03:15:00+00:00,0.9929712
2023-01-17 03:30:00+00:00,0.9929712
2023-01-17 03:45:00+00:00,0.9929712
2023-01-17 04:00:00+00:00,0.9929712
2023-01-17 04:15:00+00:00,0.9929712
2023-01-17 04:30:00+00:00,0.9929712
2023-01-17 04:45:00+00:00,0.9929712
2023-01-17 05:00:00+00:00,0.9929712
2023-01-17 05:15:00+00:00,0.9929712
2023-01-17 05:30:00+00:00,0.9929712
2023-01-17 05:45:00+00:00,0.9929712
2023-01-17 06:00:00+00:00,0.9929712
2023-01-17 06:15:00+00:00,0.9929712
2023-01-17 06:30:00+00:00,0.9929712
2023-01-17 06:45:00+00:00,0.9929712
2023-01-17 07:00:00+00:00,0.9929712
2023-01-17 07:15:00+00:00,0.9929712
2023-01-17 07:30:00+00:00,0.9929712
2023-01-17 07:45:00+00:00,0.9929712
2023-01-17 08:00:00+00:00,0.9929712
2023-01-17 08:15:00+00:00,0.9929712
2023-01-17 08:30:00+00:00,0.9929712
2023-01-17 08:45:00+00:00,0.9929712
2023-01-17 09:00:00+00:00,0.9929712
2023-01-17 09:15:00+00:00,0.9929712
2023-01-17 09:30:00+00:00,0.9929712
2023-01-17 09:45:00+00:00,0.9929712
2023-01-17 10:00:00+00:00,0.9929712
2023-01-17 10:15:00+00:00,0.9929712
2023-01-17 10:30:00+00:00,0.9993361358
2023-01-17 10:45:00+00:00,1.0077505885
2023-01-17 11:00:00+00:00,1.0077971000000001
2023-01-17 11:15:00+00:00,1.0121835658
2023-01-17 11:30:00+00:00,1.0153830000000001
2023-01-17 11:45:00+00:00,1.0162395
2023-01-17 12:00:00+00:00,1.0223514
2023-01-17 12:15:00+00:00,1.0227778
2023-01-17 12:30:00+00:00,1.0228386
2023-01-17 12:45:00+00:00,1.0241955
2023-01-17 13:00:00+00:00,1.0250788
2023-01-17 13:15:00+00:00,1.0250788
2023-01-17 13:30:00+00:00,1.0250788
2023-01-17 13:45:00+00:00,1.0250788
2023-01-17 14:00:00+00:00,1.0250788
2023-01-17 14:15:00+00:00,1.0250788
2023-01-17 14:30:00+00:00,1.0250788
2023-01-17 14:45:00+00:00,1.0250788
2023-01-17 15:00:00+00:00,1.0250788
2023-01-17 15:15:00+00:00,1.0250788
2023-01-17 15:30:00+00:00,1.0250788
2023-01-17 15:45:00+00:00,1.0250788
2023-01-17 16:00:00+00:00,1.0250788
2023-01-17 16:15:00+00:00,1.0250788
2023-01-17 16:30:00+00:00,1.0250788
2023-01-17 16:45:00+00:00,1.0250788
2023-01-17 17:00:00+00:00,1.0250788
2023-01-17 17:15:00+00:00,1.0250788
2023-01-17 17:30:00+00:00,1.0250788
2023-01-17 17:45:00+00:00,1.0250788
2023-01-17 18:00:00+00:00,1.0250788
2023-01-17 18:15:00+00:00,1.0250788
2023-01-17 18:30:00+00:00,1.0250788
2023-01-17 18:45:00+00:00,1.0250788
2023-01-17 19:00:00+00:00,1.0250788
2023-01-17 19:15:00+00:00,1.0250788
2023-01-17 19:30:00+00:00,1.0250788
2023-01-17 19:45:00+00:00,1.0250788
2023-01-17 20:00:00+00:00,1.0250788
2023-01-17 20:15:00+00:00,1.0250788
2023-01-17 20:30:00+00:00,1.0250788
2023-01-17 20:45:00+00:00,1.0250788
2023-01-17 21:00:00+00:00,1.0250788
2023-01-17 21:15:00+00:00,1.0250788
2023-01-17 21:30:00+00:00,1.0250788
2023-01-17 21:45:00+00:00,1.0250788
2023-01-17 22:00:00+00:00,1.0250788
2023-01-17 22:15:00+00:00,1.0250788
2023-01-17 22:30:00+00:00,1.0250788
2023-01-17 22:45:00+00:00,1.0250788
2023-01-17 23:00:00+00:00,1.0250788
2023-01-17 23:15:00+00:00,1.0250788
2023-01-17 23:30:00+00:00,1.0250788
2023-01-17 23:45:00+00:00,1.0250788
2023-01-18 00:00:00+00:00,1.0250788
2023-01-18 00:15:00+00:00,1.0250788
2023-01-18 00:30:00+00:00,1.0250788
2023-01-18 00:45:00+00:00,1.0250788
2023-01-18 01:00:00+00:00,1.0250788
2023-01-18 01:15:00+00:00,1.0250788
2023-01-18 01:30:00+00:00,1.0250788
2023-01-18 01:45:00+00:00,1.0250788
2023-01-18 02:00:00+00:00,1.0250788
2023-01-18 02:15:00+00:00,1.0250788
2023-01-18 02:30:00+00:00,1.0250788
2023-01-18 02:45:00+00:00,1.0250788
2023-01-18 03:00:00+00:00,1.0250788
2023-01-18 03:15:00+00:00,1.0250788
2023-01-18 03:30:00+00:00,1.0250788
2023-01-18 03:45:00+00:00,1.0250788
2023-01-18 04:00:00+00:00,1.0250788
2023-01-18 04:15:00+00:00,1.0250788
2023-01-18 04:30:00+00:00,1.0250788
2023-01-18 04:45:00+00:00,1.0250788
2023-01-18 05:00:00+00:00,1.0250788
2023-01-18 05:15:00+00:00,1.0250788
2023-01-18 05:30:00+00:00,1.0250788
2023-01-18 05:45:00+00:00,1.0250788
2023-01-18 06:00:00+00:00,1.0250788
2023-01-18 06:15:00+00:00,1.0250788
2023-01-18 06:30:00+00:00,1.0250788
2023-01-18 06:45:00+00:00,1.0250788
2023-01-18 07:00:00+00:00,1.0250788
2023-01-18 07:15:00+00:00,1.0250788
2023-01-18 07:30:00+00:00,1.0250788
2023-01-18 07:45:00+00:00,1.0250788
2023-01-18 08:00:00+00:00,1.0250788
2023-01-18 08:15:00+00:00,1.0250788
2023-01-18 08:30:00+00:00,1.0250788
2023-01-18 08:45:00+00:00,1.0250788
2023-01-18 09:00:00+00:00,1.0250788
2023-01-18 09:15:00+00:00,1.0250788
2023-01-18 09:30:00+00:00,1.0250788
2023-01-18 09:45:00+00:00,1.0250788
2023-01-18 10:00:00+00:00,1.0250788
2023-01-18 10:15:00+00:00,1.0250788
2023-01-18 10:30:00+00:00,1.0250788
2023-01-18 10:45:00+00:00,1.0250788
2023-01-18 11:00:00+00:00,1.0250788
2023-01-18 11:15:00+00:00,1.0250788
2023-01-18 11:30:00+00:00,1.0250788
2023-01-18 11:45:00+00:00,1.0250788
2023-01-18 12:00:00+00:00,1.0250788
2023-01-18 12:15:00+00:00,1.0250788
2023-01-18 12:30:00+00:00,1.0250788
2023-01-18 12:45:00+00:00,1.0250788
2023-01-18 13:00:00+00:00,1.0250788
2023-01-18 13:15:00+00:00,1.0250788
2023-01-18 13:30:00+00:00,1.0250788
2023-01-18 13:45:00+00:00,1.0250788
2023-01-18 14:00:00+00:00,1.0250788
2023-01-18 14:15:00+00:00,1.0250788
2023-01-18 14:30:00+00:00,1.0250788
2023-01-18 14:45:00+00:00,1.0250788
2023-01-18 15:00:00+00:00,1.0250788
2023-01-18 15:15:00+00:00,1.0250788
2023-01-18 15:30:00+00:00,1.0250788
2023-01-18 15:45:00+00:00,1.0250788
2023-01-18 16:00:00+00:00,1.0250788
2023-01-18 16:15:00+00:00,1.0250788
2023-01-18 16:30:00+00:00,1.0250788
2023-01-18 16:45:00+00:00,1.0250788
2023-01-18 17:00:00+00:00,1.0250788
2023-01-18 17:15:00+00:00,1.0250788
2023-01-18 17:30:00+00:00,1.0250788
2023-01-18 17:45:00+00:00,1.0250788
2023-01-18 18:00:00+00:00,1.0250788
2023-01-18 18:15:00+00:00,1.0250788
2023-01-18 18:30:00+00:00,1.0250788
2023-01-18 18:45:00+00:00,1.0250788
2023-01-18 19:00:00+00:00,1.0250788
2023-01-18 19:15:00+00:00,1.0250788
2023-01-18 19:30:00+00:00,1.0250788
2023-01-18 19:45:00+00:00,1.0250788
2023-01-18 20:00:00+00:00,1.0250788
2023-01-18 20:15:00+00:00,1.0250788
2023-01-18 20:30:00+00:00,1.0250788
2023-01-18 20:45:00+00:00,1.0250788
2023-01-18 21:00:00+00:00,1.0250788
2023-01-18 21:15:00+00:00,1.0250788
2023-01-18 21:30:00+00:00,1.0250788
2023-01-18 21:45:00+00:00,1.0250788
2023-01-18 22:00:00+00:00,1.0250788
2023-01-18 22:15:00+00:00,1.0250788
2023-01-18 22:30:00+00:00,1.0250788
2023-01-18 22:45:00+00:00,1.0250788
2023-01-18 23:00:00+00:00,1.0250788
2023-01-18 23:15:00+00:00,1.0250788
2023-01-18 23:30:00+00:00,1.0250788
2023-01-18 23:45:00+00:00,1.0250788
2023-01-19 00:00:00+00:00,1.0250788
2023-01-19 00:15:00+00:00,1.0250788
2023-01-19 00:30:00+00:00,1.0250788
2023-01-19 00:45:00+00:00,1.0250788
2023-01-19 01:00:00+00:00,1.0250788
2023-01-19 01:15:00+00:00,1.0250788
2023-01-19 01:30:00+00:00,1.0250788
2023-01-19 01:45:00+00:00,1.0250788
2023-01-19 02:00:00+00:00,1.0250788
2023-01-19 02:15:00+00:00,1.0250788
2023-01-19 02:30:00+00:00,1.0250788
2023-01-19 02:45:00+00:00,1.0250788
2023-01-19 03:00:00+00:00,1.0250788
2023-01-19 03:15:00+00:00,1.0250788
2023-01-19 03:30:00+00:00,1.0250788
2023-01-19 03:45:00+00:00,1.0250788
2023-01-19 04:00:00+00:00,1.0250788
2023-01-19 04:15:00+00:00,1.0250788
2023-01-19 04:30:00+00:00,1.0250788
2023-01-19 04:45:00+00:00,1.0250788
2023-01-19 05:00:00+00:00,1.0250788
2023-01-19 05:15:00+00:00,1.0250788
2023-01-19 05:30:00+00:00,1.0250788
2023-01-19 05:45:00+00:00,1.0250788
2023-01-19 06:00:00+00:00,1.0250788
2023-01-19 06:15:00+00:00,1.0250788
2023-01-19 06:30:00+00:00,1.0250788
2023-01-19 06:45:00+00:00,1.0250788
2023-01-19 07:00:00+00:00,1.0250788
2023-01-19 07:15:00+00:00,1.0250788
2023-01-19 07:30:00+00:00,1.0250788
2023-01-19 07:45:00+00:00,1.0250788
2023-01-19 08:00:00+00:00,1.0250788
2023-01-19 08:15:00+00:00,1.0250788
2023-01-19 08:30:00+00:00,1.0250788
2023-01-19 08:45:00+00:00,1.0250788
2023-01-19 09:00:00+00:00,1.0250788
2023-01-19 09:15:00+00:00,1.0250788
2023-01-19 09:30:00+00:00,1.0250788
2023-01-19 09:45:00+00:00,1.0250788
2023-01-19 10:00:00+00:00,1.0250788
2023-01-19 10:15:00+00:00,1.0250788
2023-01-19 10:30:00+00:00,1.0250788
2023-01-19 10:45:00+00:00,1.0250788
2023-01-19 11:00:00+00:00,1.0250788
2023-01-19 11:15:00+00:00,1.0250788
2023-01-19 11:30:00+00:00,1.0250788
2023-01-19 11:45:00+00:00,1.0250788
2023-01-19 12:00:00+00:00,1.0250788
2023-01-19 12:15:00+00:00,1.0250788
2023-01-19 12:30:00+00:00,1.0250788
2023-01-19 12:45:00+00:00,1.0250788
2023-01-19 13:00:00+00:00,1.0250788
2023-01-19 13:15:00+00:00,1.0250788
2023-01-19 13:30:00+00:00,1.0250788
2023-01-19 13:45:00+00:00,1.0250788
2023-01-19 14:00:00+00:00,1.0250788
2023-01-19 14:15:00+00:00,1.0250788
2023-01-19 14:30:00+00:00,1.0250788
2023-01-19 14:45:00+00:00,1.0250788
2023-01-19 15:00:00+00:00,1.0250788
2023-01-19 15:15:00+00:00,1.0250788
2023-01-19 15:30:00+00:00,1.0250788
2023-01-19 15:45:00+00:00,1.0250788
2023-01-19 16:00:00+00:00,1.0250788
2023-01-19 16:15:00+00:00,1.0250788
2023-01-19 16:30:00+00:00,1.0250788
2023-01-19 16:45:00+00:00,1.0250788
2023-01-19 17:00:00+00:00,1.0250788
2023-01-19 17:15:00+00:00,1.0250788
2023-01-19 17:30:00+00:00,1.0250788
2023-01-19 17:45:00+00:00,1.0250788
2023-01-19 18:00:00+00:00,1.0250788
2023-01-19 18:15:00+00:00,1.0250788
2023-01-19 18:30:00+00:00,1.0250788
2023-01-19 18:45:00+00:00,1.0250788
2023-01-19 19:00:00+00:00,1.0250788
2023-01-19 19:15:00+00:00,1.0250788
2023-01-19 19:30:00+00:00,1.0250788
2023-01-19 19:45:00+00:00,1.0250788
2023-01-19 20:00:00+00:00,1.0250788
2023-01-19 20:15:00+00:00,1.0250788
2023-01-19 20:30:00+00:00,1.0250788
2023-01-19 20:45:00+00:00,1.0250788
2023-01-19 21:00:00+00:00,1.0250788
2023-01-19 21:15:00+00:00,1.0250788
2023-01-19 21:30:00+00:00,1.0250788
2023-01-19 21:45:00+00:00,1.0250788
2023-01-19 22:00:00+00:00,1.0250788
2023-01-19 22:15:00+00:00,1.0250788
2023-01-19 22:30:00+00:00,1.0250788
2023-01-19 22:45:00+00:00,1.0250788
2023-01-19 23:00:00+00:00,1.0250788
2023-01-19 23:15:00+00:00,1.0250788
2023-01-19 23:30:00+00:00,1.0250788
2023-01-19 23:45:00+00:00,1.0250788
2023-01-20 00:00:00+00:00,1.0250788
2023-01-20 00:15:00+00:00,1.0250788
2023-01-20 00:30:00+00:00,1.0250788
2023-01-20 00:45:00+00:00,1.0250788
2023-01-20 01:00:00+00:00,1.0250788
2023-01-20 01:15:00+00:00,1.0250788
2023-01-20 01:30:00+00:00,1.0250788
2023-01-20 01:45:00+00:00,1.0250788
2023-01-20 02:00:00+00:00,1.0250788
2023-01-20 02:15:00+00:00,1.0250788
2023-01-20 02:30:00+00:00,1.0250788
2023-01-20 02:45:00+00:00,1.0250788
2023-01-20 03:00:00+00:00,1.0250788
2023-01-20 03:15:00+00:00,1.0250788
2023-01-20 03:30:00+00:00,1.0250788
2023-01-20 03:45:00+00:00,1.0250788
2023-01-20 04:00:00+00:00,1.0250788
2023-01-20 04:15:00+00:00,1.0250788
2023-01-20 04:30:00+00:00,1.0250788
2023-01-20 04:45:00+00:00,1.0250788
2023-01-20 05:00:00+00:00,1.0250788
2023-01-20 05:15:00+00:00,1.0250788
2023-01-20 05:30:00+00:00,1.0250788
2023-01-20 05:45:00+00:00,1.0250788
2023-01-20 06:00:00+00:00,1.0250788
2023-01-20 06:15:00+00:00,1.0250788
2023-01-20 06:30:00+00:00,1.0250788
2023-01-20 06:45:00+00:00,1.0250788
2023-01-20 07:00:00+00:00,1.0250788
2023-01-20 07:15:00+00:00,1.0250788
2023-01-20 07:30:00+00:00,1.0250788
2023-01-20 07:45:00+00:00,1.0250788
2023-01-20 08:00:00+00:00,1.0250788
2023-01-20 08:15:00+00:00,1.0250788
2023-01-20 08:30:00+00:00,1.0250788
2023-01-20 08:45:00+00:00,1.0250788
2023-01-20 09:00:00+00:00,1.0250788
2023-01-20 09:15:00+00:00,1.0250788
2023-01-20 09:30:00+00:00,1.0250788
2023-01-20 09:45:00+00:00,1.0250788
2023-01-20 10:00:00+00:00,1.0250788
2023-01-20 10:15:00+00:00,1.0250788
2023-01-20 10:30:00+00:00,1.0251011
2023-01-20 10:45:00+00:00,1.0316464776
2023-01-20 11:00:00+00:00,1.0453898813
2023-01-20 11:15:00+00:00,1.0622354212
2023-01-20 11:30:00+00:00,1.0709893328
2023-01-20 11:45:00+00:00,1.0741479
2023-01-20 12:00:00+00:00,1.0741479
2023-01-20 12:15:00+00:00,1.0748059
2023-01-20 12:30:00+00:00,1.0757376
2023-01-20 12:45:00+00:00,1.0757428
2023-01-20 13:00:00+00:00,1.0757428
2023-01-20 13:15:00+00:00,1.0757428
2023-01-20 13:30:00+00:00,1.0757428
2023-01-20 13:45:00+00:00,1.0757428
2023-01-20 14:00:00+00:00,1.0757428
2023-01-20 14:15:00+00:00,1.0757428
2023-01-20 14:30:00+00:00,1.0757428
2023-01-20 14:45:00+00:00,1.0757428
2023-01-20 15:00:00+00:00,1.0757428
2023-01-20 15:15:00+00:00,1.0757428
2023-01-20 15:30:00+00:00,1.0757428
2023-01-20 15:45:00+00:00,1.0757428
2023-01-20 16:00:00+00:00,1.0757428
2023-01-20 16:15:00+00:00,1.0757428
2023-01-20 16:30:00+00:00,1.0757428
2023-01-20 16:45:00+00:00,1.0757428
2023-01-20 17:00:00+00:00,1.0757428
2023-01-20 17:15:00+00:00,1.0757428
2023-01-20 17:30:00+00:00,1.0757428
2023-01-20 17:45:00+00:00,1.0757428
2023-01-20 18:00:00+00:00,1.0757428
2023-01-20 18:15:00+00:00,1.0757428
2023-01-20 18:30:00+00:00,1.0757428
2023-01-20 18:45:00+00:00,1.0757428
2023-01-20 19:00:00+00:00,1.0757428
2023-01-20 19:15:00+00:00,1.0757428
2023-01-20 19:30:00+00:00,1.0757428
2023-01-20 19:45:00+00:00,1.0757428
2023-01-20 20:00:00+00:00,1.0757428
2023-01-20 20:15:00+00:00,1.0757428
2023-01-20 20:30:00+00:00,1.0757428
2023-01-20 20:45:00+00:00,1.0757428
2023-01-20 21:00:00+00:00,1.0757428
2023-01-20 21:15:00+00:00,1.0757428
2023-01-20 21:30:00+00:00,1.0757428
2023-01-20 21:45:00+00:00,1.0757428
2023-01-20 22:00:00+00:00,1.0757428
2023-01-20 22:15:00+00:00,1.0757428
2023-01-20 22:30:00+00:00,1.0757428
2023-01-20 22:45:00+00:00,1.0757428
2023-01-20 23:00:00+00:00,1.0757428
2023-01-20 23:15:00+00:00,1.0757428
2023-01-20 23:30:00+00:00,1.0757428
2023-01-20 23:45:00+00:00,1.0757428
2023-01-21 00:00:00+00:00,1.0757428
2023-01-21 00:15:00+00:00,1.0757428
2023-01-21 00:30:00+00:00,1.0757428
2023-01-21 00:45:00+00:00,1.0757428
2023-01-21 01:00:00+00:00,1.0757428
2023-01-21 01:15:00+00:00,1.0757428
2023-01-21 01:30:00+00:00,1.0757428
2023-01-21 01:45:00+00:00,1.0757428
2023-01-21 02:00:00+00:00,1.0757428
2023-01-21 02:15:00+00:00,1.0757428
2023-01-21 02:30:00+00:00,1.0757428
2023-01-21 02:45:00+00:00,1.0757428
2023-01-21 03:00:00+00:00,1.0757428
2023-01-21 03:15:00+00:00,1.0757428
2023-01-21 03:30:00+00:00,1.0757428
2023-01-21 03:45:00+00:00,1.0757428
2023-01-21 04:00:00+00:00,1.0757428
2023-01-21 04:15:00+00:00,1.0757428
2023-01-21 04:30:00+00:00,1.0757428
2023-01-21 04:45:00+00:00,1.0757428
2023-01-21 05:00:00+00:00,1.0757428
2023-01-21 05:15:00+00:00,1.0757428
2023-01-21 05:30:00+00:00,1.0757428
2023-01-21 05:45:00+00:00,1.0757428
2023-01-21 06:00:00+00:00,1.0757428
2023-01-21 06:15:00+00:00,1.0757428
2023-01-21 06:30:00+00:00,1.0757428
2023-01-21 06:45:00+00:00,1.0757428
2023-01-21 07:00:00+00:00,1.0757428
2023-01-21 07:15:00+00:00,1.0757428
2023-01-21 07:30:00+00:00,1.0757428
2023-01-21 07:45:00+00:00,1.0757428
2023-01-21 08:00:00+00:00,1.0757428
2023-01-21 08:15:00+00:00,1.0757428
2023-01-21 08:30:00+00:00,1.0757428
2023-01-21 08:45:00+00:00,1.0757428
2023-01-21 09:00:00+00:00,1.0757428
2023-01-21 09:15:00+00:00,1.0757428
2023-01-21 09:30:00+00:00,1.0757428
2023-01-21 09:45:00+00:00,1.0757428
2023-01-21 10:00:00+00:00,1.0757428
2023-01-21 10:15:00+00:00,1.0757428
2023-01-21 10:30:00+00:00,1.0757428
2023-01-21 10:45:00+00:00,1.0757428
2023-01-21 11:00:00+00:00,1.0757428
2023-01-21 11:15:00+00:00,1.0757428
2023-01-21 11:30:00+00:00,1.0757428
2023-01-21 11:45:00+00:00,1.0757428
2023-01-21 12:00:00+00:00,1.0757428
2023-01-21 12:15:00+00:00,1.0757428
2023-01-21 12:30:00+00:00,1.0757428
2023-01-21 12:45:00+00:00,1.0757428
2023-01-21 13:00:00+00:00,1.0757428
2023-01-21 13:15:00+00:00,1.0757428
2023-01-21 13:30:00+00:00,1.0757428
2023-01-21 13:45:00+00:00,1.0757428
2023-01-21 14:00:00+00:00,1.0757428
2023-01-21 14:15:00+00:00,1.0757428
2023-01-21 14:30:00+00:00,1.0757428
2023-01-21 14:45:00+00:00,1.0757428
2023-01-21 15:00:00+00:00,1.0757428
2023-01-21 15:15:00+00:00,1.0757428
2023-01-21 15:30:00+00:00,1.0757428
2023-01-21 15:45:00+00:00,1.0757428
2023-01-21 16:00:00+00:00,1.0757428
2023-01-21 16:15:00+00:00,1.0757428
2023-01-21 16:30:00+00:00,1.0757428
2023-01-21 16:45:00+00:00,1.0757428
2023-01-21 17:00:00+00:00,1.0757428
2023-01-21 17:15:00+00:00,1.0757428
2023-01-21 17:30:00+00:00,1.0757428
2023-01-21 17:45:00+00:00,1.0757428
2023-01-21 18:00:00+00:00,1.0757428
2023-01-21 18:15:00+00:00,1.0757428
2023-01-21 18:30:00+00:00,1.0757428
2023-01-21 18:45:00+00:00,1.0757428
2023-01-21 19:00:00+00:00,1.0757428
2023-01-21 19:15:00+00:00,1.0757428
2023-01-21 19:30:00+00:00,1.0757428
2023-01-21 19:45:00+00:00,1.0757428
2023-01-21 20:00:00+00:00,1.0757428
2023-01-21 20:15:00+00:00,1.0757428
2023-01-21 20:30:00+00:00,1.0757428
2023-01-21 20:45:00+00:00,1.0757428
2023-01-21 21:00:00+00:00,1.0757428
2023-01-21 21:15:00+00:00,1.0757428
2023-01-21 21:30:00+00:00,1.0757428
2023-01-21 21:45:00+00:00,1.0757428
2023-01-21 22:00:00+00:00,1.0757428
2023-01-21 22:15:00+00:00,1.0757428
2023-01-21 22:30:00+00:00,1.0757428
2023-01-21 22:45:00+00:00,1.0757428
2023-01-21 23:00:00+00:00,1.0757428
2023-01-21 23:15:00+00:00,1.0757428
2023-01-21 23:30:00+00:00,1.0757428
2023-01-21 23:45:00+00:00,1.0757428
2023-01-22 00:00:00+00:00,1.0757428
2023-01-22 00:15:00+00:00,1.0757428
2023-01-22 00:30:00+00:00,1.0757428
2023-01-22 00:45:00+00:00,1.0757428
2023-01-22 01:00:00+00:00,1.0757428
2023-01-22 01:15:00+00:00,1.0757428
2023-01-22 01:30:00+00:00,1.0757428
2023-01-22 01:45:00+00:00,1.0757428
2023-01-22 02:00:00+00:00,1.0757428
2023-01-22 02:15:00+00:00,1.0757428
2023-01-22 02:30:00+00:00,1.0757428
2023-01-22 02:45:00+00:00,1.0757428
2023-01-22 03:00:00+00:00,1.0757428
2023-01-22 03:15:00+00:00,1.0757428
2023-01-22 03:30:00+00:00,1.0757428
2023-01-22 03:45:00+00:00,1.0757428
2023-01-22 04:00:00+00:00,1.0757428
2023-01-22 04:15:00+00:00,1.0757428
2023-01-22 04:30:00+00:00,1.0757428
2023-01-22 04:45:00+00:00,1.0757428
2023-01-22 05:00:00+00:00,1.0757428
2023-01-22 05:15:00+00:00,1.0757428
2023-01-22 05:30:00+00:00,1.0757428
2023-01-22 05:45:00+00:00,1.0757428
2023-01-22 06:00:00+00:00,1.0757428
2023-01-22 06:15:00+00:00,1.0757428
2023-01-22 06:30:00+00:00,1.0757428
2023-01-22 06:45:00+00:00,1.0757428
2023-01-22 07:00:00+00:00,1.0757428
2023-01-22 07:15:00+00:00,1.0757428
2023-01-22 07:30:00+00:00,1.0757428
2023-01-22 07:45:00+00:00,1.0757428
2023-01-22 08:00:00+00:00,1.0757428
2023-01-22 08:15:00+00:00,1.0757428
2023-01-22 08:30:00+00:00,1.0757428
2023-01-22 08:45:00+00:00,1.0757428
2023-01-22 09:00:00+00:00,1.0757428
2023-01-22 09:15:00+00:00,1.0757428
2023-01-22 09:30:00+00:00,1.0757428
2023-01-22 09:45:00+00:00,1.0757428
2023-01-22 10:00:00+00:00,1.0757428
2023-01-22 10:15:00+00:00,1.0757428
2023-01-22 10:30:00+00:00,1.0757428
2023-01-22 10:45:00+00:00,1.0757428
2023-01-22 11:00:00+00:00,1.0757428
2023-01-22 11:15:00+00:00,1.0757428
2023-01-22 11:30:00+00:00,1.0757428
2023-01-22 11:45:00+00:00,1.0757428
2023-01-22 12:00:00+00:00,1.0757428
2023-01-22 12:15:00+00:00,1.0757428
2023-01-22 12:30:00+00:00,1.0757428
2023-01-22 12:45:00+00:00,1.0757428
2023-01-22 13:00:00+00:00,1.0757428
2023-01-22 13:15:00+00:00,1.0757428
2023-01-22 13:30:00+00:00,1.0757428
2023-01-22 13:45:00+00:00,1.0757428
2023-01-22 14:00:00+00:00,1.0757428
2023-01-22 14:15:00+00:00,1.0757428
2023-01-22 14:30:00+00:00,1.0757428
2023-01-22 14:45:00+00:00,1.0757428
2023-01-22 15:00:00+00:00,1.0757428
2023-01-22 15:15:00+00:00,1.0757428
2023-01-22 15:30:00+00:00,1.0757428
2023-01-22 15:45:00+00:00,1.0757428
2023-01-22 16:00:00+00:00,1.0757428
2023-01-22 16:15:00+00:00,1.0757428
2023-01-22 16:30:00+00:00,1.0757428
2023-01-22 16:45:00+00:00,1.0757428
2023-01-22 17:00:00+00:00,1.0757428
2023-01-22 17:15:00+00:00,1.0757428
2023-01-22 17:30:00+00:00,1.0757428
2023-01-22 17:45:00+00:00,1.0757428
2023-01-22 18:00:00+00:00,1.0757428
2023-01-22 18:15:00+00:00,1.0757428
2023-01-22 18:30:00+00:00,1.0757428
2023-01-22 18:45:00+00:00,1.0757428
2023-01-22 19:00:00+00:00,1.0757428
2023-01-22 19:15:00+00:00,1.0757428
2023-01-22 19:30:00+00:00,1.0757428
2023-01-22 19:45:00+00:00,1.0757428
2023-01-22 20:00:00+00:00,1.0757428
2023-01-22 20:15:00+00:00,1.0757428
2023-01-22 20:30:00+00:00,1.0757428
2023-01-22 20:45:00+00:00,1.0757428
2023-01-22 21:00:00+00:00,1.0757428
2023-01-22 21:15:00+00:00,1.0757428
2023-01-22 21:30:00+00:00,1.0757428
2023-01-22 21:45:00+00:00,1.0757428
2023-01-22 22:00:00+00:00,1.0757428
2023-01-22 22:15:00+00:00,1.0757428
2023-01-22 22:30:00+00:00,1.0757428
2023-01-22 22:45:00+00:00,1.0757428
2023-01-22 23:00:00+00:00,1.0757428
2023-01-22 23:15:00+00:00,1.0757428
2023-01-22 23:30:00+00:00,1.0757428
2023-01-22 23:45:00+00:00,1.0757428
2023-01-23 00:00:00+00:00,1.0757428
2023-01-23 00:15:00+00:00,1.0757428
2023-01-23 00:30:00+00:00,1.0757428
2023-01-23 00:45:00+00:00,1.0757428
2023-01-23 01:00:00+00:00,1.0757428
2023-01-23 01:15:00+00:00,1.0757428
2023-01-23 01:30:00+00:00,1.0757428
2023-01-23 01:45:00+00:00,1.0757428
2023-01-23 02:00:00+00:00,1.0757428
2023-01-23 02:15:00+00:00,1.0757428
2023-01-23 02:30:00+00:00,1.0757428
2023-01-23 02:45:00+00:00,1.0757428
2023-01-23 03:00:00+00:00,1.0757428
2023-01-23 03:15:00+00:00,1.0757428
2023-01-23 03:30:00+00:00,1.0757428
2023-01-23 03:45:00+00:00,1.0757428
2023-01-23 04:00:00+00:00,1.0757428
2023-01-23 04:15:00+00:00,1.0757428
2023-01-23 04:30:00+00:00,1.0757428
2023-01-23 04:45:00+00:00,1.0757428
2023-01-23 05:00:00+00:00,1.0757428
2023-01-23 05:15:00+00:00,1.0757428
2023-01-23 05:30:00+00:00,1.0757428
2023-01-23 05:45:00+00:00,1.0757428
2023-01-23 06:00:00+00:00,1.0757428
2023-01-23 06:15:00+00:00,1.0757428
2023-01-23 06:30:00+00:00,1.0757428
2023-01-23 06:45:00+00:00,1.0757428
2023-01-23 07:00:00+00:00,1.0757428
2023-01-23 07:15:00+00:00,1.0757428
2023-01-23 07:30:00+00:00,1.0757428
2023-01-23 07:45:00+00:00,1.0757428
2023-01-23 08:00:00+00:00,1.0757428
2023-01-23 08:15:00+00:00,1.0757428
2023-01-23 08:30:00+00:00,1.0757428
2023-01-23 08:45:00+00:00,1.0757428
2023-01-23 09:00:00+00:00,1.0757428
2023-01-23 09:15:00+00:00,1.0757428
2023-01-23 09:30:00+00:00,1.0757428
2023-01-23 09:45:00+00:00,1.0757428
2023-01-23 10:00:00+00:00,1.0757428
2023-01-23 10:15:00+00:00,1.0757428
2023-01-23 10:30:00+00:00,1.0757428
2023-01-23 10:45:00+00:00,1.0757428
2023-01-23 11:00:00+00:00,1.0757428
2023-01-23 11:15:00+00:00,1.0757428
2023-01-23 11:30:00+00:00,1.0757428
2023-01-23 11:45:00+00:00,1.0757428
2023-01-23 12:00:00+00:00,1.0757428
2023-01-23 12:15:00+00:00,1.0757428
2023-01-23 12:30:00+00:00,1.0757428
2023-01-23 12:45:00+00:00,1.0757428
2023-01-23 13:00:00+00:00,1.0757428
2023-01-23 13:15:00+00:00,1.0757428
2023-01-23 13:30:00+00:00,1.0757428
2023-01-23 13:45:00+00:00,1.0757428
2023-01-23 14:00:00+00:00,1.0757428
2023-01-23 14:15:00+00:00,1.0757428
2023-01-23 14:30:00+00:00,1.0757428
2023-01-23 14:45:00+00:00,1.0757428
2023-01-23 15:00:00+00:00,1.0757428
2023-01-23 15:15:00+00:00,1.0757428
2023-01-23 15:30:00+00:00,1.0757428
2023-01-23 15:45:00+00:00,1.0757428
2023-01-23 16:00:00+00:00,1.0757428
2023-01-23 16:15:00+00:00,1.0757428
2023-01-23 16:30:00+00:00,1.0757428
2023-01-23 16:45:00+00:00,1.0757428
2023-01-23 17:00:00+00:00,1.0757428
2023-01-23 17:15:00+00:00,1.0757428
2023-01-23 17:30:00+00:00,1.0757428
2023-01-23 17:45:00+00:00,1.0757428
2023-01-23 18:00:00+00:00,1.0757428
2023-01-23 18:15:00+00:00,1.0757428
2023-01-23 18:30:00+00:00,1.0757428
2023-01-23 18:45:00+00:00,1.0757428
2023-01-23 19:00:00+00:00,1.0757428
2023-01-23 19:15:00+00:00,1.0757428
2023-01-23 19:30:00+00:00,1.0757428
2023-01-23 19:45:00+00:00,1.0757428
2023-01-23 20:00:00+00:00,1.0757428
2023-01-23 20:15:00+00:00,1.0757428
2023-01-23 20:30:00+00:00,1.0757428
2023-01-23 20:45:00+00:00,1.0757428
2023-01-23 21:00:00+00:00,1.0757428
2023-01-23 21:15:00+00:00,1.0757428
2023-01-23 21:30:00+00:00,1.0757428
2023-01-23 21:45:00+00:00,1.0757428
2023-01-23 22:00:00+00:00,1.0757428
2023-01-23 22:15:00+00:00,1.0757428
2023-01-23 22:30:00+00:00,1.0757428
2023-01-23 22:45:00+00:00,1.0757428
2023-01-23 23:00:00+00:00,1.0757428
2023-01-23 23:15:00+00:00,1.0757428
2023-01-23 23:30:00+00:00,1.0757428
2023-01-23 23:45:00+00:00,1.0757428
2023-01-24 00:00:00+00:00,1.0757428
2023-01-24 00:15:00+00:00,1.0757428
2023-01-24 00:30:00+00:00,1.0757428
2023-01-24 00:45:00+00:00,1.0757428
2023-01-24 01:00:00+00:00,1.0757428
2023-01-24 01:15:00+00:00,1.0757428
2023-01-24 01:30:00+00:00,1.0757428
2023-01-24 01:45:00+00:00,1.0757428
2023-01-24 02:00:00+00:00,1.0757428
2023-01-24 02:15:00+00:00,1.0757428
2023-01-24 02:30:00+00:00,1.0757428
2023-01-24 02:45:00+00:00,1.0757428
2023-01-24 03:00:00+00:00,1.0757428
2023-01-24 03:15:00+00:00,1.0757428
2023-01-24 03:30:00+00:00,1.0757428
2023-01-24 03:45:00+00:00,1.0757428
2023-01-24 04:00:00+00:00,1.0757428
2023-01-24 04:15:00+00:00,1.0757428
2023-01-24 04:30:00+00:00,1.0757428
2023-01-24 04:45:00+00:00,1.0757428
2023-01-24 05:00:00+00:00,1.0757428
2023-01-24 05:15:00+00:00,1.0757428
2023-01-24 05:30:00+00:00,1.0757428
2023-01-24 05:45:00+00:00,1.0757428
2023-01-24 06:00:00+00:00,1.0757428
2023-01-24 06:15:00+00:00,1.0757428
2023-01-24 06:30:00+00:00,1.0757428
2023-01-24 06:45:00+00:00,1.0757428
2023-01-24 07:00:00+00:00,1.0757428
2023-01-24 07:15:00+00:00,1.0757428
2023-01-24 07:30:00+00:00,1.0757428
2023-01-24 07:45:00+00:00,1.0757428
2023-01-24 08:00:00+00:00,1.0757428
2023-01-24 08:15:00+00:00,1.0757428
2023-01-24 08:30:00+00:00,1.0757428
2023-01-24 08:45:00+00:00,1.0757428
2023-01-24 09:00:00+00:00,1.0757428
2023-01-24 09:15:00+00:00,1.0757428
2023-01-24 09:30:00+00:00,1.0757428
2023-01-24 09:45:00+00:00,1.0757428
2023-01-24 10:00:00+00:00,1.0757428
2023-01-24 10:15:00+00:00,1.0757428
2023-01-24 10:30:00+00:00,1.0757428
2023-01-24 10:45:00+00:00,1.0757428
2023-01-24 11:00:00+00:00,1.0757428
2023-01-24 11:15:00+00:00,1.0757428
2023-01-24 11:30:00+00:00,1.0757428
2023-01-24 11:45:00+00:00,1.0757428
2023-01-24 12:00:00+00:00,1.0757428
2023-01-24 12:15:00+00:00,1.0757428
2023-01-24 12:30:00+00:00,1.0757428
2023-01-24 12:45:00+00:00,1.0757428
2023-01-24 13:00:00+00:00,1.0757428
2023-01-24 13:15:00+00:00,1.0757428
2023-01-24 13:30:00+00:00,1.0757428
2023-01-24 13:45:00+00:00,1.0757428
2023-01-24 14:00:00+00:00,1.0757428
2023-01-24 14:15:00+00:00,1.0757428
2023-01-24 14:30:00+00:00,1.0757428
2023-01-24 14:45:00+00:00,1.0757428
2023-01-24 15:00:00+00:00,1.0757428
2023-01-24 15:15:00+00:00,1.0757428
2023-01-24 15:30:00+00:00,1.0757428
2023-01-24 15:45:00+00:00,1.0757428
2023-01-24 16:00:00+00:00,1.0757428
2023-01-24 16:15:00+00:00,1.0757428
2023-01-24 16:30:00+00:00,1.0757428
2023-01-24 16:45:00+00:00,1.0757428
2023-01-24 17:00:00+00:00,1.0757428
2023-01-24 17:15:00+00:00,1.0757428
2023-01-24 17:30:00+00:00,1.0757428
2023-01-24 17:45:00+00:00,1.0757428
2023-01-24 18:00:00+00:00,1.0757428
2023-01-24 18:15:00+00:00,1.0757428
2023-01-24 18:30:00+00:00,1.0757428
2023-01-24 18:45:00+00:00,1.0757428
2023-01-24 19:00:00+00:00,1.0757428
2023-01-24 19:15:00+00:00,1.0757428
2023-01-24 19:30:00+00:00,1.0757428
2023-01-24 19:45:00+00:00,1.0757428
2023-01-24 20:00:00+00:00,1.0757428
2023-01-24 20:15:00+00:00,1.0757428
2023-01-24 20:30:00+00:00,1.0757428
2023-01-24 20:45:00+00:00,1.0757428
2023-01-24 21:00:00+00:00,1.0757428
2023-01-24 21:15:00+00:00,1.0757428
2023-01-24 21:30:00+00:00,1.0757428
2023-01-24 21:45:00+00:00,1.0757428
2023-01-24 22:00:00+00:00,1.0757428
2023-01-24 22:15:00+00:00,1.0757428
2023-01-24 22:30:00+00:00,1.0757428
2023-01-24 22:45:00+00:00,1.0757428
2023-01-24 23:00:00+00:00,1.0757428
2023-01-24 23:15:00+00:00,1.0757428
2023-01-24 23:30:00+00:00,1.0757428
2023-01-24 23:45:00+00:00,1.0757428
2023-01-25 00:00:00+00:00,1.0757428
2023-01-25 00:15:00+00:00,1.0757428
2023-01-25 00:30:00+00:00,1.0757428
2023-01-25 00:45:00+00:00,1.0757428
2023-01-25 01:00:00+00:00,1.0757428
2023-01-25 01:15:00+00:00,1.0757428
2023-01-25 01:30:00+00:00,1.0757428
2023-01-25 01:45:00+00:00,1.0757428
2023-01-25 02:00:00+00:00,1.0757428
2023-01-25 02:15:00+00:00,1.0757428
2023-01-25 02:30:00+00:00,1.0757428
2023-01-25 02:45:00+00:00,1.0757428
2023-01-25 03:00:00+00:00,1.0757428
2023-01-25 03:15:00+00:00,1.0757428
2023-01-25 03:30:00+00:00,1.0757428
2023-01-25 03:45:00+00:00,1.0757428
2023-01-25 04:00:00+00:00,1.0757428
2023-01-25 04:15:00+00:00,1.0757428
2023-01-25 04:30:00+00:00,1.0757428
2023-01-25 04:45:00+00:00,1.0757428
2023-01-25 05:00:00+00:00,1.0757428
2023-01-25 05:15:00+00:00,1.0757428
2023-01-25 05:30:00+00:00,1.0757428
2023-01-25 05:45:00+00:00,1.0757428
2023-01-25 06:00:00+00:00,1.0757428
2023-01-25 06:15:00+00:00,1.0757428
2023-01-25 06:30:00+00:00,1.0757428
2023-01-25 06:45:00+00:00,1.0757428
2023-01-25 07:00:00+00:00,1.0757428
2023-01-25 07:15:00+00:00,1.0757428
2023-01-25 07:30:00+00:00,1.0757428
2023-01-25 07:45:00+00:00,1.0757428
2023-01-25 08:00:00+00:00,1.0757428
2023-01-25 08:15:00+00:00,1.0757428
2023-01-25 08:30:00+00:00,1.0757428
2023-01-25 08:45:00+00:00,1.0757428
2023-01-25 09:00:00+00:00,1.0757428
2023-01-25 09:15:00+00:00,1.0757428
2023-01-25 09:30:00+00:00,1.0757428
2023-01-25 09:45:00+00:00,1.0757428
2023-01-25 10:00:00+00:00,1.0757428
2023-01-25 10:15:00+00:00,1.0757428
2023-01-25 10:30:00+00:00,1.0757428
2023-01-25 10:45:00+00:00,1.0757428
2023-01-25 11:00:00+00:00,1.0757428
2023-01-25 11:15:00+00:00,1.0757428
2023-01-25 11:30:00+00:00,1.0757428
2023-01-25 11:45:00+00:00,1.0757428
2023-01-25 12:00:00+00:00,1.0757428
2023-01-25 12:15:00+00:00,1.0757428
2023-01-25 12:30:00+00:00,1.0757428
2023-01-25 12:45:00+00:00,1.0757428
2023-01-25 13:00:00+00:00,1.0757428
2023-01-25 13:15:00+00:00,1.0757428
2023-01-25 13:30:00+00:00,1.0757428
2023-01-25 13:45:00+00:00,1.0757428
2023-01-25 14:00:00+00:00,1.0757428
2023-01-25 14:15:00+00:00,1.0757428
2023-01-25 14:30:00+00:00,1.0757428
2023-01-25 14:45:00+00:00,1.0757428
2023-01-25 15:00:00+00:00,1.0757428
2023-01-25 15:15:00+00:00,1.0757428
2023-01-25 15:30:00+00:00,1.0757428
2023-01-25 15:45:00+00:00,1.0757428
2023-01-25 16:00:00+00:00,1.0757428
2023-01-25 16:15:00+00:00,1.0757428
2023-01-25 16:30:00+00:00,1.0757428
2023-01-25 16:45:00+00:00,1.0757428
2023-01-25 17:00:00+00:00,1.0757428
2023-01-25 17:15:00+00:00,1.0757428
2023-01-25 17:30:00+00:00,1.0757428
2023-01-25 17:45:00+00:00,1.0757428
2023-01-25 18:00:00+00:00,1.0757428
2023-01-25 18:15:00+00:00,1.0757428
2023-01-25 18:30:00+00:00,1.0757428
2023-01-25 18:45:00+00:00,1.0757428
2023-01-25 19:00:00+00:00,1.0757428
2023-01-25 19:15:00+00:00,1.0757428
2023-01-25 19:30:00+00:00,1.0757428
2023-01-25 19:45:00+00:00,1.0757428
2023-01-25 20:00:00+00:00,1.0757428
2023-01-25 20:15:00+00:00,1.0757428
2023-01-25 20:30:00+00:00,1.0757428
2023-01-25 20:45:00+00:00,1.0757428
2023-01-25 21:00:00+00:00,1.0757428
2023-01-25 21:15:00+00:00,1.0757428
2023-01-25 21:30:00+00:00,1.0757428
2023-01-25 21:45:00+00:00,1.0757428
2023-01-25 22:00:00+00:00,1.0757428
2023-01-25 22:15:00+00:00,1.0757428
2023-01-25 22:30:00+00:00,1.0757428
2023-01-25 22:45:00+00:00,1.0757428
2023-01-25 23:00:00+00:00,1.0757428
2023-01-25 23:15:00+00:00,1.0757428
2023-01-25 23:30:00+00:00,1.0757428
2023-01-25 23:45:00+00:00,1.0757428
2023-01-26 00:00:00+00:00,1.0757428
2023-01-26 00:15:00+00:00,1.0757428
2023-01-26 00:30:00+00:00,1.0757428
2023-01-26 00:45:00+00:00,1.0757428
2023-01-26 01:00:00+00:00,1.0757428
2023-01-26 01:15:00+00:00,1.0757428
2023-01-26 01:30:00+00:00,1.0757428
2023-01-26 01:45:00+00:00,1.0757428
2023-01-26 02:00:00+00:00,1.0757428
2023-01-26 02:15:00+00:00,1.0757428
2023-01-26 02:30:00+00:00,1.0757428
2023-01-26 02:45:00+00:00,1.0757428
2023-01-26 03:00:00+00:00,1.0757428
2023-01-26 03:15:00+00:00,1.0757428
2023-01-26 03:30:00+00:00,1.0757428
2023-01-26 03:45:00+00:00,1.0757428
2023-01-26 04:00:00+00:00,1.0757428
2023-01-26 04:15:00+00:00,1.0757428
2023-01-26 04:30:00+00:00,1.0757428
2023-01-26 04:45:00+00:00,1.0757428
2023-01-26 05:00:00+00:00,1.0757428
2023-01-26 05:15:00+00:00,1.0757428
2023-01-26 05:30:00+00:00,1.0757428
2023-01-26 05:45:00+00:00,1.0757428
2023-01-26 06:00:00+00:00,1.0757428
2023-01-26 06:15:00+00:00,1.0757428
2023-01-26 06:30:00+00:00,1.0757428
2023-01-26 06:45:00+00:00,1.0757428
2023-01-26 07:00:00+00:00,1.0757428
2023-01-26 07:15:00+00:00,1.0757428
2023-01-26 07:30:00+00:00,1.0757428
2023-01-26 07:45:00+00:00,1.0757428
2023-01-26 08:00:00+00:00,1.0757428
2023-01-26 08:15:00+00:00,1.0757428
2023-01-26 08:30:00+00:00,1.0757428
2023-01-26 08:45:00+00:00,1.0757428
2023-01-26 09:00:00+00:00,1.0757428
2023-01-26 09:15:00+00:00,1.0757428
2023-01-26 09:30:00+00:00,1.0757428
2023-01-26 09:45:00+00:00,1.0757428
2023-01-26 10:00:00+00:00,1.0757428
2023-01-26 10:15:00+00:00,1.0757428
2023-01-26 10:30:00+00:00,1.0757428
2023-01-26 10:45:00+00:00,1.0757428
2023-01-26 11:00:00+00:00,1.0757428
2023-01-26 11:15:00+00:00,1.0757428
2023-01-26 11:30:00+00:00,1.0757428
2023-01-26 11:45:00+00:00,1.0757428
2023-01-26 12:00:00+00:00,1.0757428
2023-01-26 12:15:00+00:00,1.0757428
2023-01-26 12:30:00+00:00,1.0757428
2023-01-26 12:45:00+00:00,1.0757428
2023-01-26 13:00:00+00:00,1.0757428
2023-01-26 13:15:00+00:00,1.0757428
2023-01-26 13:30:00+00:00,1.0757428
2023-01-26 13:45:00+00:00,1.0757428
2023-01-26 14:00:00+00:00,1.0757428
2023-01-26 14:15:00+00:00,1.0757428
2023-01-26 14:30:00+00:00,1.0757428
2023-01-26 14:45:00+00:00,1.0757428
2023-01-26 15:00:00+00:00,1.0757428
2023-01-26 15:15:00+00:00,1.0757428
2023-01-26 15:30:00+00:00,1.0757428
2023-01-26 15:45:00+00:00,1.0757428
2023-01-26 16:00:00+00:00,1.0757428
2023-01-26 16:15:00+00:00,1.0757428
2023-01-26 16:30:00+00:00,1.0757428
2023-01-26 16:45:00+00:00,1.0757428
2023-01-26 17:00:00+00:00,1.0757428
2023-01-26 17:15:00+00:00,1.0757428
2023-01-26 17:30:00+00:00,1.0757428
2023-01-26 17:45:00+00:00,1.0757428
2023-01-26 18:00:00+00:00,1.0757428
2023-01-26 18:15:00+00:00,1.0757428
2023-01-26 18:30:00+00:00,1.0757428
2023-01-26 18:45:00+00:00,1.0757428
2023-01-26 19:00:00+00:00,1.0757428
2023-01-26 19:15:00+00:00,1.0757428
2023-01-26 19:30:00+00:00,1.0757428
2023-01-26 19:45:00+00:00,1.0757428
2023-01-26 20:00:00+00:00,1.0757428
2023-01-26 20:15:00+00:00,1.0757428
2023-01-26 20:30:00+00:00,1.0757428
2023-01-26 20:45:00+00:00,1.0757428
2023-01-26 21:00:00+00:00,1.0757428
2023-01-26 21:15:00+00:00,1.0757428
2023-01-26 21:30:00+00:00,1.0757428
2023-01-26 21:45:00+00:00,1.0757428
2023-01-26 22:00:00+00:00,1.0757428
2023-01-26 22:15:00+00:00,1.0757428
2023-01-26 22:30:00+00:00,1.0757428
2023-01-26 22:45:00+00:00,1.0757428
2023-01-26 23:00:00+00:00,1.0757428
2023-01-26 23:15:00+00:00,1.0757428
2023-01-26 23:30:00+00:00,1.0757428
2023-01-26 23:45:00+00:00,1.0757428
2023-01-27 00:00:00+00:00,1.0757428
2023-01-27 00:15:00+00:00,1.0757428
2023-01-27 00:30:00+00:00,1.0757428
2023-01-27 00:45:00+00:00,1.0757428
2023-01-27 01:00:00+00:00,1.0757428
2023-01-27 01:15:00+00:00,1.0757428
2023-01-27 01:30:00+00:00,1.0757428
2023-01-27 01:45:00+00:00,1.0757428
2023-01-27 02:00:00+00:00,1.0757428
2023-01-27 02:15:00+00:00,1.0757428
2023-01-27 02:30:00+00:00,1.0757428
2023-01-27 02:45:00+00:00,1.0757428
2023-01-27 03:00:00+00:00,1.0757428
2023-01-27 03:15:00+00:00,1.0757428
2023-01-27 03:30:00+00:00,1.0757428
2023-01-27 03:45:00+00:00,1.0757428
2023-01-27 04:00:00+00:00,1.0757428
2023-01-27 04:15:00+00:00,1.0757428
2023-01-27 04:30:00+00:00,1.0757428
2023-01-27 04:45:00+00:00,1.0757428
2023-01-27 05:00:00+00:00,1.0757428
2023-01-27 05:15:00+00:00,1.0757428
2023-01-27 05:30:00+00:00,1.0757428
2023-01-27 05:45:00+00:00,1.0757428
2023-01-27 06:00:00+00:00,1.0757428
2023-01-27 06:15:00+00:00,1.0757428
2023-01-27 06:30:00+00:00,1.0757428
2023-01-27 06:45:00+00:00,1.0757428
2023-01-27 07:00:00+00:00,1.0757428
2023-01-27 07:15:00+00:00,1.0757428
2023-01-27 07:30:00+00:00,1.0757428
2023-01-27 07:45:00+00:00,1.0757428
2023-01-27 08:00:00+00:00,1.0757428
2023-01-27 08:15:00+00:00,1.0757428
2023-01-27 08:30:00+00:00,1.0757428
2023-01-27 08:45:00+00:00,1.0757428
2023-01-27 09:00:00+00:00,1.0757428
2023-01-27 09:15:00+00:00,1.0757428
2023-01-27 09:30:00+00:00,1.0757428
2023-01-27 09:45:00+00:00,1.0757428
2023-01-27 10:00:00+00:00,1.0757428
2023-01-27 10:15:00+00:00,1.0757428
2023-01-27 10:30:00+00:00,1.0757428
2023-01-27 10:45:00+00:00,1.0757428
2023-01-27 11:00:00+00:00,1.0757428
2023-01-27 11:15:00+00:00,1.0757428
2023-01-27 11:30:00+00:00,1.0757428
2023-01-27 11:45:00+00:00,1.0757428
2023-01-27 12:00:00+00:00,1.0757428
2023-01-27 12:15:00+00:00,1.0757428
2023-01-27 12:30:00+00:00,1.0757428
2023-01-27 12:45:00+00:00,1.0757428
2023-01-27 13:00:00+00:00,1.0757428
2023-01-27 13:15:00+00:00,1.0757428
2023-01-27 13:30:00+00:00,1.0757428
2023-01-27 13:45:00+00:00,1.0757428
2023-01-27 14:00:00+00:00,1.0757428
2023-01-27 14:15:00+00:00,1.0757428
2023-01-27 14:30:00+00:00,1.0757428
2023-01-27 14:45:00+00:00,1.0757428
2023-01-27 15:00:00+00:00,1.0757428
2023-01-27 15:15:00+00:00,1.0757428
2023-01-27 15:30:00+00:00,1.0757428
2023-01-27 15:45:00+00:00,1.0757428
2023-01-27 16:00:00+00:00,1.0757428
2023-01-27 16:15:00+00:00,1.0757428
2023-01-27 16:30:00+00:00,1.0757428
2023-01-27 16:45:00+00:00,1.0757428
2023-01-27 17:00:00+00:00,1.0757428
2023-01-27 17:15:00+00:00,1.0757428
2023-01-27 17:30:00+00:00,1.0757428
2023-01-27 17:45:00+00:00,1.0757428
2023-01-27 18:00:00+00:00,1.0757428
2023-01-27 18:15:00+00:00,1.0757428
2023-01-27 18:30:00+00:00,1.0757428
2023-01-27 18:45:00+00:00,1.0757428
2023-01-27 19:00:00+00:00,1.0757428
2023-01-27 19:15:00+00:00,1.0757428
2023-01-27 19:30:00+00:00,1.0757428
2023-01-27 19:45:00+00:00,1.0757428
2023-01-27 20:00:00+00:00,1.0757428
2023-01-27 20:15:00+00:00,1.0757428
2023-01-27 20:30:00+00:00,1.0757428
2023-01-27 20:45:00+00:00,1.0757428
2023-01-27 21:00:00+00:00,1.0757428
2023-01-27 21:15:00+00:00,1.0757428
2023-01-27 21:30:00+00:00,1.0757428
2023-01-27 21:45:00+00:00,1.0757428
2023-01-27 22:00:00+00:00,1.0757428
2023-01-27 22:15:00+00:00,1.0757428
2023-01-27 22:30:00+00:00,1.0757428
2023-01-27 22:45:00+00:00,1.0757428
2023-01-27 23:00:00+00:00,1.0757428
2023-01-27 23:15:00+00:00,1.0757428
2023-01-27 23:30:00+00:00,1.0757428
2023-01-27 23:45:00+00:00,1.0757428
2023-01-28 00:00:00+00:00,1.0757428
2023-01-28 00:15:00+00:00,1.0757428
2023-01-28 00:30:00+00:00,1.0757428
2023-01-28 00:45:00+00:00,1.0757428
2023-01-28 01:00:00+00:00,1.0757428
2023-01-28 01:15:00+00:00,1.0757428
2023-01-28 01:30:00+00:00,1.0757428
2023-01-28 01:45:00+00:00,1.0757428
2023-01-28 02:00:00+00:00,1.0757428
2023-01-28 02:15:00+00:00,1.0757428
2023-01-28 02:30:00+00:00,1.0757428
2023-01-28 02:45:00+00:00,1.0757428
2023-01-28 03:00:00+00:00,1.0757428
2023-01-28 03:15:00+00:00,1.0757428
2023-01-28 03:30:00+00:00,1.0757428
2023-01-28 03:45:00+00:00,1.0757428
2023-01-28 04:00:00+00:00,1.0757428
2023-01-28 04:15:00+00:00,1.0757428
2023-01-28 04:30:00+00:00,1.0757428
2023-01-28 04:45:00+00:00,1.0757428
2023-01-28 05:00:00+00:00,1.0757428
2023-01-28 05:15:00+00:00,1.0757428
2023-01-28 05:30:00+00:00,1.0757428
2023-01-28 05:45:00+00:00,1.0757428
2023-01-28 06:00:00+00:00,1.0757428
2023-01-28 06:15:00+00:00,1.0757428
2023-01-28 06:30:00+00:00,1.0757428
2023-01-28 06:45:00+00:00,1.0757428
2023-01-28 07:00:00+00:00,1.0757428
2023-01-28 07:15:00+00:00,1.0757428
2023-01-28 07:30:00+00:00,1.0757428
2023-01-28 07:45:00+00:00,1.0757428
2023-01-28 08:00:00+00:00,1.0757428
2023-01-28 08:15:00+00:00,1.0757428
2023-01-28 08:30:00+00:00,1.0757428
2023-01-28 08:45:00+00:00,1.0757428
2023-01-28 09:00:00+00:00,1.0757428
2023-01-28 09:15:00+00:00,1.0757428
2023-01-28 09:30:00+00:00,1.0757428
2023-01-28 09:45:00+00:00,1.0757428
2023-01-28 10:00:00+00:00,1.0757428
2023-01-28 10:15:00+00:00,1.0757428
2023-01-28 10:30:00+00:00,1.0757428
2023-01-28 10:45:00+00:00,1.0757428
2023-01-28 11:00:00+00:00,1.0757428
2023-01-28 11:15:00+00:00,1.0757428
2023-01-28 11:30:00+00:00,1.0757428
2023-01-28 11:45:00+00:00,1.0757428
2023-01-28 12:00:00+00:00,1.0757428
2023-01-28 12:15:00+00:00,1.0757428
2023-01-28 12:30:00+00:00,1.0757428
2023-01-28 12:45:00+00:00,1.0757428
2023-01-28 13:00:00+00:00,1.0757428
2023-01-28 13:15:00+00:00,1.0757428
2023-01-28 13:30:00+00:00,1.0757428
2023-01-28 13:45:00+00:00,1.0757428
2023-01-28 14:00:00+00:00,1.0757428
2023-01-28 14:15:00+00:00,1.0757428
2023-01-28 14:30:00+00:00,1.0757428
2023-01-28 14:45:00+00:00,1.0757428
2023-01-28 15:00:00+00:00,1.0757428
2023-01-28 15:15:00+00:00,1.0757428
2023-01-28 15:30:00+00:00,1.0757428
2023-01-28 15:45:00+00:00,1.0757428
2023-01-28 16:00:00+00:00,1.0757428
2023-01-28 16:15:00+00:00,1.0757428
2023-01-28 16:30:00+00:00,1.0757428
2023-01-28 16:45:00+00:00,1.0757428
2023-01-28 17:00:00+00:00,1.0757428
2023-01-28 17:15:00+00:00,1.0757428
2023-01-28 17:30:00+00:00,1.0757428
2023-01-28 17:45:00+00:00,1.0757428
2023-01-28 18:00:00+00:00,1.0757428
2023-01-28 18:15:00+00:00,1.0757428
2023-01-28 18:30:00+00:00,1.0757428
2023-01-28 18:45:00+00:00,1.0757428
2023-01-28 19:00:00+00:00,1.0757428
2023-01-28 19:15:00+00:00,1.0757428
2023-01-28 19:30:00+00:00,1.0757428
2023-01-28 19:45:00+00:00,1.0757428
2023-01-28 20:00:00+00:00,1.0757428
2023-01-28 20:15:00+00:00,1.0757428
2023-01-28 20:30:00+00:00,1.0757428
2023-01-28 20:45:00+00:00,1.0757428
2023-01-28 21:00:00+00:00,1.0757428
2023-01-28 21:15:00+00:00,1.0757428
2023-01-28 21:30:00+00:00,1.0757428
2023-01-28 21:45:00+00:00,1.0757428
2023-01-28 22:00:00+00:00,1.0757428
2023-01-28 22:15:00+00:00,1.0757428
2023-01-28 22:30:00+00:00,1.0757428
2023-01-28 22:45:00+00:00,1.0757428
2023-01-28 23:00:00+00:00,1.0757428
2023-01-28 23:15:00+00:00,1.0757428
2023-01-28 23:30:00+00:00,1.0757428
2023-01-28 23:45:00+00:00,1.0757428
2023-01-29 00:00:00+00:00,1.0757428
2023-01-29 00:15:00+00:00,1.0757428
2023-01-29 00:30:00+00:00,1.0757428
2023-01-29 00:45:00+00:00,1.0757428
2023-01-29 01:00:00+00:00,1.0757428
2023-01-29 01:15:00+00:00,1.0757428
2023-01-29 01:30:00+00:00,1.0757428
2023-01-29 01:45:00+00:00,1.0757428
2023-01-29 02:00:00+00:00,1.0757428
2023-01-29 02:15:00+00:00,1.0757428
2023-01-29 02:30:00+00:00,1.0757428
2023-01-29 02:45:00+00:00,1.0757428
2023-01-29 03:00:00+00:00,1.0757428
2023-01-29 03:15:00+00:00,1.0757428
2023-01-29 03:30:00+00:00,1.0757428
2023-01-29 03:45:00+00:00,1.0757428
2023-01-29 04:00:00+00:00,1.0757428
2023-01-29 04:15:00+00:00,1.0757428
2023-01-29 04:30:00+00:00,1.0757428
2023-01-29 04:45:00+00:00,1.0757428
2023-01-29 05:00:00+00:00,1.0757428
2023-01-29 05:15:00+00:00,1.0757428
2023-01-29 05:30:00+00:00,1.0757428
2023-01-29 05:45:00+00:00,1.0757428
2023-01-29 06:00:00+00:00,1.0757428
2023-01-29 06:15:00+00:00,1.0757428
2023-01-29 06:30:00+00:00,1.0757428
2023-01-29 06:45:00+00:00,1.0757428
2023-01-29 07:00:00+00:00,1.0757428
2023-01-29 07:15:00+00:00,1.0757428
2023-01-29 07:30:00+00:00,1.0757428
2023-01-29 07:45:00+00:00,1.0757428
2023-01-29 08:00:00+00:00,1.0757428
2023-01-29 08:15:00+00:00,1.0757428
2023-01-29 08:30:00+00:00,1.0757428
2023-01-29 08:45:00+00:00,1.0757428
2023-01-29 09:00:00+00:00,1.0757428
2023-01-29 09:15:00+00:00,1.0757428
2023-01-29 09:30:00+00:00,1.0757428
2023-01-29 09:45:00+00:00,1.0757428
2023-01-29 10:00:00+00:00,1.0757428
2023-01-29 10:15:00+00:00,1.0757428
2023-01-29 10:30:00+00:00,1.0757428
2023-01-29 10:45:00+00:00,1.0757428
2023-01-29 11:00:00+00:00,1.0757428
2023-01-29 11:15:00+00:00,1.0757428
2023-01-29 11:30:00+00:00,1.0757428
2023-01-29 11:45:00+00:00,1.0761612
2023-01-29 12:00:00+00:00,1.0774331928
2023-01-29 12:15:00+00:00,1.0954388428000001
2023-01-29 12:30:00+00:00,1.1045706
2023-01-29 12:45:00+00:00,1.1090539000000001
2023-01-29 13:00:00+00:00,1.1255772198
2023-01-29 13:15:00+00:00,1.1346105111
2023-01-29 13:30:00+00:00,1.1395941
2023-01-29 13:45:00+00:00,1.1395941
2023-01-29 14:00:00+00:00,1.1395941
2023-01-29 14:15:00+00:00,1.1395941
2023-01-29 14:30:00+00:00,1.1395941
2023-01-29 14:45:00+00:00,1.1395941
2023-01-29 15:00:00+00:00,1.1395941
2023-01-29 15:15:00+00:00,1.1395941
2023-01-29 15:30:00+00:00,1.1395941
2023-01-29 15:45:00+00:00,1.1395941
2023-01-29 16:00:00+00:00,1.1395941
2023-01-29 16:15:00+00:00,1.1395941
2023-01-29 16:30:00+00:00,1.1395941
2023-01-29 16:45:00+00:00,1.1395941
2023-01-29 17:00:00+00:00,1.1395941
2023-01-29 17:15:00+00:00,1.1395941
2023-01-29 17:30:00+00:00,1.1395941
2023-01-29 17:45:00+00:00,1.1395941
2023-01-29 18:00:00+00:00,1.1395941
2023-01-29 18:15:00+00:00,1.1395941
2023-01-29 18:30:00+00:00,1.1395941
2023-01-29 18:45:00+00:00,1.1395941
2023-01-29 19:00:00+00:00,1.1395941
2023-01-29 19:15:00+00:00,1.1395941
2023-01-29 19:30:00+00:00,1.1395941
2023-01-29 19:45:00+00:00,1.1395941
2023-01-29 20:00:00+00:00,1.1395941
2023-01-29 20:15:00+00:00,1.1395941
2023-01-29 20:30:00+00:00,1.1395941
2023-01-29 20:45:00+00:00,1.1395941
2023-01-29 21:00:00+00:00,1.1395941
2023-01-29 21:15:00+00:00,1.1395941
2023-01-29 21:30:00+00:00,1.1395941
2023-01-29 21:45:00+00:00,1.1395941
2023-01-29 22:00:00+00:00,1.1395941
2023-01-29 22:15:00+00:00,1.1395941
2023-01-29 22:30:00+00:00,1.1395941
2023-01-29 22:45:00+00:00,1.1395941
2023-01-29 23:00:00+00:00,1.1395941
2023-01-29 23:15:00+00:00,1.1395941
2023-01-29 23:30:00+00:00,1.1395941
2023-01-29 23:45:00+00:00,1.1395941
2023-01-30 00:00:00+00:00,1.1395941
2023-01-30 00:15:00+00:00,1.1395941
2023-01-30 00:30:00+00:00,1.1395941
2023-01-30 00:45:00+00:00,1.1395941
2023-01-30 01:00:00+00:00,1.1395941
2023-01-30 01:15:00+00:00,1.1395941
2023-01-30 01:30:00+00:00,1.1395941
2023-01-30 01:45:00+00:00,1.1395941
2023-01-30 02:00:00+00:00,1.1395941
2023-01-30 02:15:00+00:00,1.1395941
2023-01-30 02:30:00+00:00,1.1395941
2023-01-30 02:45:00+00:00,1.1395941
2023-01-30 03:00:00+00:00,1.1395941
2023-01-30 03:15:00+00:00,1.1395941
2023-01-30 03:30:00+00:00,1.1395941
2023-01-30 03:45:00+00:00,1.1395941
2023-01-30 04:00:00+00:00,1.1395941
2023-01-30 04:15:00+00:00,1.1395941
2023-01-30 04:30:00+00:00,1.1395941
2023-01-30 04:45:00+00:00,1.1395941
2023-01-30 05:00:00+00:00,1.1395941
2023-01-30 05:15:00+00:00,1.1395941
2023-01-30 05:30:00+00:00,1.1395941
2023-01-30 05:45:00+00:00,1.1395941
2023-01-30 06:00:00+00:00,1.1395941
2023-01-30 06:15:00+00:00,1.1395941
2023-01-30 06:30:00+00:00,1.1395941
2023-01-30 06:45:00+00:00,1.1395941
2023-01-30 07:00:00+00:00,1.1395941
2023-01-30 07:15:00+00:00,1.1395941
2023-01-30 07:30:00+00:00,1.1395941
2023-01-30 07:45:00+00:00,1.1395941
2023-01-30 08:00:00+00:00,1.1395941
2023-01-30 08:15:00+00:00,1.1395941
2023-01-30 08:30:00+00:00,1.1395941
2023-01-30 08:45:00+00:00,1.1395941
2023-01-30 09:00:00+00:00,1.1395941
2023-01-30 09:15:00+00:00,1.1395941
2023-01-30 09:30:00+00:00,1.1395941
2023-01-30 09:45:00+00:00,1.1395941
2023-01-30 10:00:00+00:00,1.1395941
2023-01-30 10:15:00+00:00,1.1395941
2023-01-30 10:30:00+00:00,1.1395941
2023-01-30 10:45:00+00:00,1.1395941
2023-01-30 11:00:00+00:00,1.1395941
2023-01-30 11:15:00+00:00,1.1395941
2023-01-30 11:30:00+00:00,1.1395941
2023-01-30 11:45:00+00:00,1.1395941
2023-01-30 12:00:00+00:00,1.1395941
2023-01-30 12:15:00+00:00,1.1395941
2023-01-30 12:30:00+00:00,1.1395941
2023-01-30 12:45:00+00:00,1.1395941
2023-01-30 13:00:00+00:00,1.1395941
2023-01-30 13:15:00+00:00,1.1395941
2023-01-30 13:30:00+00:00,1.1395941
2023-01-30 13:45:00+00:00,1.1395941
2023-01-30 14:00:00+00:00,1.1395941
2023-01-30 14:15:00+00:00,1.1395941
2023-01-30 14:30:00+00:00,1.1395941
2023-01-30 14:45:00+00:00,1.1395941
2023-01-30 15:00:00+00:00,1.1395941
2023-01-30 15:15:00+00:00,1.1395941
2023-01-30 15:30:00+00:00,1.1395941
2023-01-30 15:45:00+00:00,1.1395941
2023-01-30 16:00:00+00:00,1.1395941
2023-01-30 16:15:00+00:00,1.1395941
2023-01-30 16:30:00+00:00,1.1395941
2023-01-30 16:45:00+00:00,1.1395941
2023-01-30 17:00:00+00:00,1.1395941
2023-01-30 17:15:00+00:00,1.1395941
2023-01-30 17:30:00+00:00,1.1395941
2023-01-30 17:45:00+00:00,1.1395941
2023-01-30 18:00:00+00:00,1.1395941
2023-01-30 18:15:00+00:00,1.1395941
2023-01-30 18:30:00+00:00,1.1395941
2023-01-30 18:45:00+00:00,1.1395941
2023-01-30 19:00:00+00:00,1.1395941
2023-01-30 19:15:00+00:00,1.1395941
2023-01-30 19:30:00+00:00,1.1395941
2023-01-30 19:45:00+00:00,1.1395941
2023-01-30 20:00:00+00:00,1.1395941
2023-01-30 20:15:00+00:00,1.1395941
2023-01-30 20:30:00+00:00,1.1395941
2023-01-30 20:45:00+00:00,1.1395941
2023-01-30 21:00:00+00:00,1.1395941
2023-01-30 21:15:00+00:00,1.1395941
2023-01-30 21:30:00+00:00,1.1395941
2023-01-30 21:45:00+00:00,1.1395941
2023-01-30 22:00:00+00:00,1.1395941
2023-01-30 22:15:00+00:00,1.1395941
2023-01-30 22:30:00+00:00,1.1395941
2023-01-30 22:45:00+00:00,1.1395941
2023-01-30 23:00:00+00:00,1.1395941
2023-01-30 23:15:00+00:00,1.1395941
2023-01-30 23:30:00+00:00,1.1395941
2023-01-30 23:45:00+00:00,1.1395941
2023-01-31 00:00:00+00:00,1.1395941
2023-01-31 00:15:00+00:00,1.1395941
2023-01-31 00:30:00+00:00,1.1395941
2023-01-31 00:45:00+00:00,1.1395941
2023-01-31 01:00:00+00:00,1.1395941
2023-01-31 01:15:00+00:00,1.1395941
2023-01-31 01:30:00+00:00,1.1395941
2023-01-31 01:45:00+00:00,1.1395941
2023-01-31 02:00:00+00:00,1.1395941
2023-01-31 02:15:00+00:00,1.1395941
2023-01-31 02:30:00+00:00,1.1395941
2023-01-31 02:45:00+00:00,1.1395941
2023-01-31 03:00:00+00:00,1.1395941
2023-01-31 03:15:00+00:00,1.1395941
2023-01-31 03:30:00+00:00,1.1395941
2023-01-31 03:45:00+00:00,1.1395941
2023-01-31 04:00:00+00:00,1.1395941
2023-01-31 04:15:00+00:00,1.1395941
2023-01-31 04:30:00+00:00,1.1395941
2023-01-31 04:45:00+00:00,1.1395941
2023-01-31 05:00:00+00:00,1.1395941
2023-01-31 05:15:00+00:00,1.1395941
2023-01-31 05:30:00+00:00,1.1395941
2023-01-31 05:45:00+00:00,1.1395941
2023-01-31 06:00:00+00:00,1.1395941
2023-01-31 06:15:00+00:00,1.1395941
2023-01-31 06:30:00+00:00,1.1395941
2023-01-31 06:45:00+00:00,1.1395941
2023-01-31 07:00:00+00:00,1.1395941
2023-01-31 07:15:00+00:00,1.1395941
2023-01-31 07:30:00+00:00,1.1395941
2023-01-31 07:45:00+00:00,1.1395941
2023-01-31 08:00:00+00:00,1.1395941
2023-01-31 08:15:00+00:00,1.1395941
2023-01-31 08:30:00+00:00,1.1395941
2023-01-31 08:45:00+00:00,1.1395941
2023-01-31 09:00:00+00:00,1.1395941
2023-01-31 09:15:00+00:00,1.1395941
2023-01-31 09:30:00+00:00,1.1395941
2023-01-31 09:45:00+00:00,1.1395941
2023-01-31 10:00:00+00:00,1.1395941
2023-01-31 10:15:00+00:00,1.1395941
2023-01-31 10:30:00+00:00,1.1396508
2023-01-31 10:45:00+00:00,1.1396508
2023-01-31 11:00:00+00:00,1.1396508
2023-01-31 11:15:00+00:00,1.1396508
2023-01-31 11:30:00+00:00,1.1396508
2023-01-31 11:45:00+00:00,1.1396508
2023-01-31 12:00:00+00:00,1.1396508
2023-01-31 12:15:00+00:00,1.1396508
2023-01-31 12:30:00+00:00,1.1396835
2023-01-31 12:45:00+00:00,1.1396835
2023-01-31 13:00:00+00:00,1.1396835
2023-01-31 13:15:00+00:00,1.1396835
2023-01-31 13:30:00+00:00,1.1396835
2023-01-31 13:45:00+00:00,1.1396835
2023-01-31 14:00:00+00:00,1.1396835
2023-01-31 14:15:00+00:00,1.1396835
2023-01-31 14:30:00+00:00,1.1396835
2023-01-31 14:45:00+00:00,1.1396835
2023-01-31 15:00:00+00:00,1.1396835
2023-01-31 15:15:00+00:00,1.1396835
2023-01-31 15:30:00+00:00,1.1396835
2023-01-31 15:45:00+00:00,1.1396835
2023-01-31 16:00:00+00:00,1.1396835
2023-01-31 16:15:00+00:00,1.1396835
2023-01-31 16:30:00+00:00,1.1396835
2023-01-31 16:45:00+00:00,1.1396835
2023-01-31 17:00:00+00:00,1.1396835
2023-01-31 17:15:00+00:00,1.1396835
2023-01-31 17:30:00+00:00,1.1396835
2023-01-31 17:45:00+00:00,1.1396835
2023-01-31 18:00:00+00:00,1.1396835
2023-01-31 18:15:00+00:00,1.1396835
2023-01-31 18:30:00+00:00,1.1396835
2023-01-31 18:45:00+00:00,1.1396835
2023-01-31 19:00:00+00:00,1.1396835
2023-01-31 19:15:00+00:00,1.1396835
2023-01-31 19:30:00+00:00,1.1396835
2023-01-31 19:45:00+00:00,1.1396835
2023-01-31 20:00:00+00:00,1.1396835
2023-01-31 20:15:00+00:00,1.1396835
2023-01-31 20:30:00+00:00,1.1396835
2023-01-31 20:45:00+00:00,1.1396835
2023-01-31 21:00:00+00:00,1.1396835
2023-01-31 21:15:00+00:00,1.1396835
2023-01-31 21:30:00+00:00,1.1396835
2023-01-31 21:45:00+00:00,1.1396835
2023-01-31 22:00:00+00:00,1.1396835
2023-01-31 22:15:00+00:00,1.1396835
2023-01-31 22:30:00+00:00,1.1396835
2023-01-31 22:45:00+00:00,1.1396835
2023-01-31 23:00:00+00:00,1.1396835
2023-01-31 23:15:00+00:00,1.1396835
2023-01-31 23:30:00+00:00,1.1396835
2023-01-31 23:45:00+00:00,1.1396835
2023-02-01 00:00:00+00:00,1.1396835
2023-02-01 00:15:00+00:00,1.1396835
2023-02-01 00:30:00+00:00,1.1396835
2023-02-01 00:45:00+00:00,1.1396835
2023-02-01 01:00:00+00:00,1.1396835
2023-02-01 01:15:00+00:00,1.1396835
2023-02-01 01:30:00+00:00,1.1396835
2023-02-01 01:45:00+00:00,1.1396835
2023-02-01 02:00:00+00:00,1.1396835
2023-02-01 02:15:00+00:00,1.1396835
2023-02-01 02:30:00+00:00,1.1396835
2023-02-01 02:45:00+00:00,1.1396835
2023-02-01 03:00:00+00:00,1.1396835
2023-02-01 03:15:00+00:00,1.1396835
2023-02-01 03:30:00+00:00,1.1396835
2023-02-01 03:45:00+00:00,1.1396835
2023-02-01 04:00:00+00:00,1.1396835
2023-02-01 04:15:00+00:00,1.1396835
2023-02-01 04:30:00+00:00,1.1396835
2023-02-01 04:45:00+00:00,1.1396835
2023-02-01 05:00:00+00:00,1.1396835
2023-02-01 05:15:00+00:00,1.1396835
2023-02-01 05:30:00+00:00,1.1396835
2023-02-01 05:45:00+00:00,1.1396835
2023-02-01 06:00:00+00:00,1.1396835
2023-02-01 06:15:00+00:00,1.1396835
2023-02-01 06:30:00+00:00,1.1396835
2023-02-01 06:45:00+00:00,1.1396835
2023-02-01 07:00:00+00:00,1.1396835
2023-02-01 07:15:00+00:00,1.1396835
2023-02-01 07:30:00+00:00,1.1396835
2023-02-01 07:45:00+00:00,1.1396835
2023-02-01 08:00:00+00:00,1.1396835
2023-02-01 08:15:00+00:00,1.1396835
2023-02-01 08:30:00+00:00,1.1396835
2023-02-01 08:45:00+00:00,1.1396835
2023-02-01 09:00:00+00:00,1.1396835
2023-02-01 09:15:00+00:00,1.1396835
2023-02-01 09:30:00+00:00,1.1396835
2023-02-01 09:45:00+00:00,1.1396835
2023-02-01 10:00:00+00:00,1.1396835
2023-02-01 10:15:00+00:00,1.1396835
2023-02-01 10:30:00+00:00,1.1396835
2023-02-01 10:45:00+00:00,1.1396835
2023-02-01 11:00:00+00:00,1.1396835
2023-02-01 11:15:00+00:00,1.1396835
2023-02-01 11:30:00+00:00,1.1396835
2023-02-01 11:45:00+00:00,1.1396835
2023-02-01 12:00:00+00:00,1.1396835
2023-02-01 12:15:00+00:00,1.1396835
2023-02-01 12:30:00+00:00,1.1396835
2023-02-01 12:45:00+00:00,1.1396835
2023-02-01 13:00:00+00:00,1.1396835
2023-02-01 13:15:00+00:00,1.1396835
2023-02-01 13:30:00+00:00,1.1396835
2023-02-01 13:45:00+00:00,1.1396835
2023-02-01 14:00:00+00:00,1.1396835
2023-02-01 14:15:00+00:00,1.1396835
2023-02-01 14:30:00+00:00,1.1396835
2023-02-01 14:45:00+00:00,1.1396835
2023-02-01 15:00:00+00:00,1.1396835
2023-02-01 15:15:00+00:00,1.1396835
2023-02-01 15:30:00+00:00,1.1396835
2023-02-01 15:45:00+00:00,1.1396835
2023-02-01 16:00:00+00:00,1.1396835
2023-02-01 16:15:00+00:00,1.1396835
2023-02-01 16:30:00+00:00,1.1396835
2023-02-01 16:45:00+00:00,1.1396835
2023-02-01 17:00:00+00:00,1.1396835
2023-02-01 17:15:00+00:00,1.1396835
2023-02-01 17:30:00+00:00,1.1396835
2023-02-01 17:45:00+00:00,1.1396835
2023-02-01 18:00:00+00:00,1.1396835
2023-02-01 18:15:00+00:00,1.1396835
2023-02-01 18:30:00+00:00,1.1396835
2023-02-01 18:45:00+00:00,1.1396835
2023-02-01 19:00:00+00:00,1.1396835
2023-02-01 19:15:00+00:00,1.1396835
2023-02-01 19:30:00+00:00,1.1396835
2023-02-01 19:45:00+00:00,1.1396835
2023-02-01 20:00:00+00:00,1.1396835
2023-02-01 20:15:00+00:00,1.1396835
2023-02-01 20:30:00+00:00,1.1396835
2023-02-01 20:45:00+00:00,1.1396835
2023-02-01 21:00:00+00:00,1.1396835
2023-02-01 21:15:00+00:00,1.1396835
2023-02-01 21:30:00+00:00,1.1396835
2023-02-01 21:45:00+00:00,1.1396835
2023-02-01 22:00:00+00:00,1.1396835
2023-02-01 22:15:00+00:00,1.1396835
2023-02-01 22:30:00+00:00,1.1396835
2023-02-01 22:45:00+00:00,1.1396835
2023-02-01 23:00:00+00:00,1.1396835
2023-02-01 23:15:00+00:00,1.1396835
2023-02-01 23:30:00+00:00,1.1396835
2023-02-01 23:45:00+00:00,1.1396835
2023-02-02 00:00:00+00:00,1.1396835
2023-02-02 00:15:00+00:00,1.1396835
2023-02-02 00:30:00+00:00,1.1396835
2023-02-02 00:45:00+00:00,1.1396835
2023-02-02 01:00:00+00:00,1.1396835
2023-02-02 01:15:00+00:00,1.1396835
2023-02-02 01:30:00+00:00,1.1396835
2023-02-02 01:45:00+00:00,1.1396835
2023-02-02 02:00:00+00:00,1.1396835
2023-02-02 02:15:00+00:00,1.1396835
2023-02-02 02:30:00+00:00,1.1396835
2023-02-02 02:45:00+00:00,1.1396835
2023-02-02 03:00:00+00:00,1.1396835
2023-02-02 03:15:00+00:00,1.1396835
2023-02-02 03:30:00+00:00,1.1396835
2023-02-02 03:45:00+00:00,1.1396835
2023-02-02 04:00:00+00:00,1.1396835
2023-02-02 04:15:00+00:00,1.1396835
2023-02-02 04:30:00+00:00,1.1396835
2023-02-02 04:45:00+00:00,1.1396835
2023-02-02 05:00:00+00:00,1.1396835
2023-02-02 05:15:00+00:00,1.1396835
2023-02-02 05:30:00+00:00,1.1396835
2023-02-02 05:45:00+00:00,1.1396835
2023-02-02 06:00:00+00:00,1.1396835
2023-02-02 06:15:00+00:00,1.1396835
2023-02-02 06:30:00+00:00,1.1396835
2023-02-02 06:45:00+00:00,1.1396835
2023-02-02 07:00:00+00:00,1.1396835
2023-02-02 07:15:00+00:00,1.1396835
2023-02-02 07:30:00+00:00,1.1396835
2023-02-02 07:45:00+00:00,1.1396835
2023-02-02 08:00:00+00:00,1.1396835
2023-02-02 08:15:00+00:00,1.1396835
2023-02-02 08:30:00+00:00,1.1396835
2023-02-02 08:45:00+00:00,1.1396835
2023-02-02 09:00:00+00:00,1.1396835
2023-02-02 09:15:00+00:00,1.1396835
2023-02-02 09:30:00+00:00,1.1396835
2023-02-02 09:45:00+00:00,1.1396835
2023-02-02 10:00:00+00:00,1.1396835
2023-02-02 10:15:00+00:00,1.1396835
2023-02-02 10:30:00+00:00,1.1396835
2023-02-02 10:45:00+00:00,1.1396835
2023-02-02 11:00:00+00:00,1.1396835
2023-02-02 11:15:00+00:00,1.1396835
2023-02-02 11:30:00+00:00,1.1396835
2023-02-02 11:45:00+00:00,1.1396835
2023-02-02 12:00:00+00:00,1.1396835
2023-02-02 12:15:00+00:00,1.1396835
2023-02-02 12:30:00+00:00,1.1396835
2023-02-02 12:45:00+00:00,1.1396835
2023-02-02 13:00:00+00:00,1.1396835
2023-02-02 13:15:00+00:00,1.1396835
2023-02-02 13:30:00+00:00,1.1396835
2023-02-02 13:45:00+00:00,1.1396835
2023-02-02 14:00:00+00:00,1.1396835
2023-02-02 14:15:00+00:00,1.1396835
2023-02-02 14:30:00+00:00,1.1396835
2023-02-02 14:45:00+00:00,1.1396835
2023-02-02 15:00:00+00:00,1.1396835
2023-02-02 15:15:00+00:00,1.1396835
2023-02-02 15:30:00+00:00,1.1396835
2023-02-02 15:45:00+00:00,1.1396835
2023-02-02 16:00:00+00:00,1.1396835
2023-02-02 16:15:00+00:00,1.1396835
2023-02-02 16:30:00+00:00,1.1396835
2023-02-02 16:45:00+00:00,1.1396835
2023-02-02 17:00:00+00:00,1.1396835
2023-02-02 17:15:00+00:00,1.1396835
2023-02-02 17:30:00+00:00,1.1396835
2023-02-02 17:45:00+00:00,1.1396835
2023-02-02 18:00:00+00:00,1.1396835
2023-02-02 18:15:00+00:00,1.1396835
2023-02-02 18:30:00+00:00,1.1396835
2023-02-02 18:45:00+00:00,1.1396835
2023-02-02 19:00:00+00:00,1.1396835
2023-02-02 19:15:00+00:00,1.1396835
2023-02-02 19:30:00+00:00,1.1396835
2023-02-02 19:45:00+00:00,1.1396835
2023-02-02 20:00:00+00:00,1.1396835
2023-02-02 20:15:00+00:00,1.1396835
2023-02-02 20:30:00+00:00,1.1396835
2023-02-02 20:45:00+00:00,1.1396835
2023-02-02 21:00:00+00:00,1.1396835
2023-02-02 21:15:00+00:00,1.1396835
2023-02-02 21:30:00+00:00,1.1396835
2023-02-02 21:45:00+00:00,1.1396835
2023-02-02 22:00:00+00:00,1.1396835
2023-02-02 22:15:00+00:00,1.1396835
2023-02-02 22:30:00+00:00,1.1396835
2023-02-02 22:45:00+00:00,1.1396835
2023-02-02 23:00:00+00:00,1.1396835
2023-02-02 23:15:00+00:00,1.1396835
2023-02-02 23:30:00+00:00,1.1396835
2023-02-02 23:45:00+00:00,1.1396835
2023-02-03 00:00:00+00:00,1.1396835
2023-02-03 00:15:00+00:00,1.1396835
2023-02-03 00:30:00+00:00,1.1396835
2023-02-03 00:45:00+00:00,1.1396835
2023-02-03 01:00:00+00:00,1.1396835
2023-02-03 01:15:00+00:00,1.1396835
2023-02-03 01:30:00+00:00,1.1396835
2023-02-03 01:45:00+00:00,1.1396835
2023-02-03 02:00:00+00:00,1.1396835
2023-02-03 02:15:00+00:00,1.1396835
2023-02-03 02:30:00+00:00,1.1396835
2023-02-03 02:45:00+00:00,1.1396835
2023-02-03 03:00:00+00:00,1.1396835
2023-02-03 03:15:00+00:00,1.1396835
2023-02-03 03:30:00+00:00,1.1396835
2023-02-03 03:45:00+00:00,1.1396835
2023-02-03 04:00:00+00:00,1.1396835
2023-02-03 04:15:00+00:00,1.1396835
2023-02-03 04:30:00+00:00,1.1396835
2023-02-03 04:45:00+00:00,1.1396835
2023-02-03 05:00:00+00:00,1.1396835
2023-02-03 05:15:00+00:00,1.1396835
2023-02-03 05:30:00+00:00,1.1396835
2023-02-03 05:45:00+00:00,1.1396835
2023-02-03 06:00:00+00:00,1.1396835
2023-02-03 06:15:00+00:00,1.1396835
2023-02-03 06:30:00+00:00,1.1396835
2023-02-03 06:45:00+00:00,1.1396835
2023-02-03 07:00:00+00:00,1.1396835
2023-02-03 07:15:00+00:00,1.1396835
2023-02-03 07:30:00+00:00,1.1396835
2023-02-03 07:45:00+00:00,1.1396835
2023-02-03 08:00:00+00:00,1.1396835
2023-02-03 08:15:00+00:00,1.1396835
2023-02-03 08:30:00+00:00,1.1396835
2023-02-03 08:45:00+00:00,1.1396835
2023-02-03 09:00:00+00:00,1.1396835
2023-02-03 09:15:00+00:00,1.1396835
2023-02-03 09:30:00+00:00,1.1396835
2023-02-03 09:45:00+00:00,1.1396835
2023-02-03 10:00:00+00:00,1.1396835
2023-02-03 10:15:00+00:00,1.1396835
2023-02-03 10:30:00+00:00,1.1396835
2023-02-03 10:45:00+00:00,1.1396835
2023-02-03 11:00:00+00:00,1.1396835
2023-02-03 11:15:00+00:00,1.1396835
2023-02-03 11:30:00+00:00,1.1396835
2023-02-03 11:45:00+00:00,1.1396835
2023-02-03 12:00:00+00:00,1.1396835
2023-02-03 12:15:00+00:00,1.1396835
2023-02-03 12:30:00+00:00,1.1396835
2023-02-03 12:45:00+00:00,1.1396835
2023-02-03 13:00:00+00:00,1.1396835
2023-02-03 13:15:00+00:00,1.1396835
2023-02-03 13:30:00+00:00,1.1396835
2023-02-03 13:45:00+00:00,1.1396835
2023-02-03 14:00:00+00:00,1.1396835
2023-02-03 14:15:00+00:00,1.1396835
2023-02-03 14:30:00+00:00,1.1396835
2023-02-03 14:45:00+00:00,1.1396835
2023-02-03 15:00:00+00:00,1.1396835
2023-02-03 15:15:00+00:00,1.1396835
2023-02-03 15:30:00+00:00,1.1396835
2023-02-03 15:45:00+00:00,1.1396835
2023-02-03 16:00:00+00:00,1.1396835
2023-02-03 16:15:00+00:00,1.1396835
2023-02-03 16:30:00+00:00,1.1396835
2023-02-03 16:45:00+00:00,1.1396835
2023-02-03 17:00:00+00:00,1.1396835
2023-02-03 17:15:00+00:00,1.1396835
2023-02-03 17:30:00+00:00,1.1396835
2023-02-03 17:45:00+00:00,1.1396835
2023-02-03 18:00:00+00:00,1.1396835
2023-02-03 18:15:00+00:00,1.1396835
2023-02-03 18:30:00+00:00,1.1396835
2023-02-03 18:45:00+00:00,1.1396835
2023-02-03 19:00:00+00:00,1.1396835
2023-02-03 19:15:00+00:00,1.1396835
2023-02-03 19:30:00+00:00,1.1396835
2023-02-03 19:45:00+00:00,1.1396835
2023-02-03 20:00:00+00:00,1.1396835
2023-02-03 20:15:00+00:00,1.1396835
2023-02-03 20:30:00+00:00,1.1396835
2023-02-03 20:45:00+00:00,1.1396835
2023-02-03 21:00:00+00:00,1.1396835
2023-02-03 21:15:00+00:00,1.1396835
2023-02-03 21:30:00+00:00,1.1396835
2023-02-03 21:45:00+00:00,1.1396835
2023-02-03 22:00:00+00:00,1.1396835
2023-02-03 22:15:00+00:00,1.1396835
2023-02-03 22:30:00+00:00,1.1396835
2023-02-03 22:45:00+00:00,1.1396835
2023-02-03 23:00:00+00:00,1.1396835
2023-02-03 23:15:00+00:00,1.1396835
2023-02-03 23:30:00+00:00,1.1396835
2023-02-03 23:45:00+00:00,1.1396835
2023-02-04 00:00:00+00:00,1.1396835
2023-02-04 00:15:00+00:00,1.1396835
2023-02-04 00:30:00+00:00,1.1396835
2023-02-04 00:45:00+00:00,1.1396835
2023-02-04 01:00:00+00:00,1.1396835
2023-02-04 01:15:00+00:00,1.1396835
2023-02-04 01:30:00+00:00,1.1396835
2023-02-04 01:45:00+00:00,1.1396835
2023-02-04 02:00:00+00:00,1.1396835
2023-02-04 02:15:00+00:00,1.1396835
2023-02-04 02:30:00+00:00,1.1396835
2023-02-04 02:45:00+00:00,1.1396835
2023-02-04 03:00:00+00:00,1.1396835
2023-02-04 03:15:00+00:00,1.1396835
2023-02-04 03:30:00+00:00,1.1396835
2023-02-04 03:45:00+00:00,1.1396835
2023-02-04 04:00:00+00:00,1.1396835
2023-02-04 04:15:00+00:00,1.1396835
2023-02-04 04:30:00+00:00,1.1396835
2023-02-04 04:45:00+00:00,1.1396835
2023-02-04 05:00:00+00:00,1.1396835
2023-02-04 05:15:00+00:00,1.1396835
2023-02-04 05:30:00+00:00,1.1396835
2023-02-04 05:45:00+00:00,1.1396835
2023-02-04 06:00:00+00:00,1.1396835
2023-02-04 06:15:00+00:00,1.1396835
2023-02-04 06:30:00+00:00,1.1396835
2023-02-04 06:45:00+00:00,1.1396835
2023-02-04 07:00:00+00:00,1.1396835
2023-02-04 07:15:00+00:00,1.1396835
2023-02-04 07:30:00+00:00,1.1396835
2023-02-04 07:45:00+00:00,1.1396835
2023-02-04 08:00:00+00:00,1.1396835
2023-02-04 08:15:00+00:00,1.1396835
2023-02-04 08:30:00+00:00,1.1396835
2023-02-04 08:45:00+00:00,1.1396835
2023-02-04 09:00:00+00:00,1.1396835
2023-02-04 09:15:00+00:00,1.1396835
2023-02-04 09:30:00+00:00,1.1396835
2023-02-04 09:45:00+00:00,1.1399195
2023-02-04 10:00:00+00:00,1.1399195
2023-02-04 10:15:00+00:00,1.1399195
2023-02-04 10:30:00+00:00,1.1399195
2023-02-04 10:45:00+00:00,1.1399195
2023-02-04 11:00:00+00:00,1.1399195
2023-02-04 11:15:00+00:00,1.1400353
2023-02-04 11:30:00+00:00,1.1400353
2023-02-04 11:45:00+00:00,1.1419787000000001
2023-02-04 12:00:00+00:00,1.1646354
2023-02-04 12:15:00+00:00,1.1841241016000001
2023-02-04 12:30:00+00:00,1.202388
2023-02-04 12:45:00+00:00,1.202388
2023-02-04 13:00:00+00:00,1.2243923695
2023-02-04 13:15:00+00:00,1.2343895
2023-02-04 13:30:00+00:00,1.2364215
2023-02-04 13:45:00+00:00,1.2364215
2023-02-04 14:00:00+00:00,1.2364215
2023-02-04 14:15:00+00:00,1.2364215
2023-02-04 14:30:00+00:00,1.2364215
2023-02-04 14:45:00+00:00,1.2364215
2023-02-04 15:00:00+00:00,1.2364215
2023-02-04 15:15:00+00:00,1.2364215
2023-02-04 15:30:00+00:00,1.2364215
2023-02-04 15:45:00+00:00,1.2364215
2023-02-04 16:00:00+00:00,1.2364215
2023-02-04 16:15:00+00:00,1.2364215
2023-02-04 16:30:00+00:00,1.2364215
2023-02-04 16:45:00+00:00,1.2364215
2023-02-04 17:00:00+00:00,1.2364215
2023-02-04 17:15:00+00:00,1.2364215
2023-02-04 17:30:00+00:00,1.2364215
2023-02-04 17:45:00+00:00,1.2364215
2023-02-04 18:00:00+00:00,1.2364215
2023-02-04 18:15:00+00:00,1.2364215
2023-02-04 18:30:00+00:00,1.2364215
2023-02-04 18:45:00+00:00,1.2364215
2023-02-04 19:00:00+00:00,1.2364215
2023-02-04 19:15:00+00:00,1.2364215
2023-02-04 19:30:00+00:00,1.2364215
2023-02-04 19:45:00+00:00,1.2364215
2023-02-04 20:00:00+00:00,1.2364215
2023-02-04 20:15:00+00:00,1.2364215
2023-02-04 20:30:00+00:00,1.2364215
2023-02-04 20:45:00+00:00,1.2364215
2023-02-04 21:00:00+00:00,1.2364215
2023-02-04 21:15:00+00:00,1.2364215
2023-02-04 21:30:00+00:00,1.2364215
2023-02-04 21:45:00+00:00,1.2364215
2023-02-04 22:00:00+00:00,1.2364215
2023-02-04 22:15:00+00:00,1.2364215
2023-02-04 22:30:00+00:00,1.2364215
2023-02-04 22:45:00+00:00,1.2364215
2023-02-04 23:00:00+00:00,1.2364215
2023-02-04 23:15:00+00:00,1.2364215
2023-02-04 23:30:00+00:00,1.2364215
2023-02-04 23:45:00+00:00,1.2364215
2023-02-05 00:00:00+00:00,1.2364215
2023-02-05 00:15:00+00:00,1.2364215
2023-02-05 00:30:00+00:00,1.2364215
2023-02-05 00:45:00+00:00,1.2364215
2023-02-05 01:00:00+00:00,1.2364215
2023-02-05 01:15:00+00:00,1.2364215
2023-02-05 01:30:00+00:00,1.2364215
2023-02-05 01:45:00+00:00,1.2364215
2023-02-05 02:00:00+00:00,1.2364215
2023-02-05 02:15:00+00:00,1.2364215
2023-02-05 02:30:00+00:00,1.2364215
2023-02-05 02:45:00+00:00,1.2364215
2023-02-05 03:00:00+00:00,1.2364215
2023-02-05 03:15:00+00:00,1.2364215
2023-02-05 03:30:00+00:00,1.2364215
2023-02-05 03:45:00+00:00,1.2364215
2023-02-05 04:00:00+00:00,1.2364215
2023-02-05 04:15:00+00:00,1.2364215
2023-02-05 04:30:00+00:00,1.2364215
2023-02-05 04:45:00+00:00,1.2364215
2023-02-05 05:00:00+00:00,1.2364215
2023-02-05 05:15:00+00:00,1.2364215
2023-02-05 05:30:00+00:00,1.2364215
2023-02-05 05:45:00+00:00,1.2364215
2023-02-05 06:00:00+00:00,1.2364215
2023-02-05 06:15:00+00:00,1.2364215
2023-02-05 06:30:00+00:00,1.2364215
2023-02-05 06:45:00+00:00,1.2364215
2023-02-05 07:00:00+00:00,1.2364215
2023-02-05 07:15:00+00:00,1.2364215
2023-02-05 07:30:00+00:00,1.2364215
2023-02-05 07:45:00+00:00,1.2364215
2023-02-05 08:00:00+00:00,1.2364215
2023-02-05 08:15:00+00:00,1.2364215
2023-02-05 08:30:00+00:00,1.2364215
2023-02-05 08:45:00+00:00,1.2364215
2023-02-05 09:00:00+00:00,1.2364215
2023-02-05 09:15:00+00:00,1.2364215
2023-02-05 09:30:00+00:00,1.2364215
2023-02-05 09:45:00+00:00,1.2364215
2023-02-05 10:00:00+00:00,1.2364215
2023-02-05 10:15:00+00:00,1.2364215
2023-02-05 10:30:00+00:00,1.2364215
2023-02-05 10:45:00+00:00,1.2364215
2023-02-05 11:00:00+00:00,1.2364215
2023-02-05 11:15:00+00:00,1.2364215
2023-02-05 11:30:00+00:00,1.2364215
2023-02-05 11:45:00+00:00,1.2364215
2023-02-05 12:00:00+00:00,1.2364215
2023-02-05 12:15:00+00:00,1.2364215
2023-02-05 12:30:00+00:00,1.2364215
2023-02-05 12:45:00+00:00,1.2364215
2023-02-05 13:00:00+00:00,1.2364215
2023-02-05 13:15:00+00:00,1.2364215
2023-02-05 13:30:00+00:00,1.2364215
2023-02-05 13:45:00+00:00,1.2364215
2023-02-05 14:00:00+00:00,1.2364215
2023-02-05 14:15:00+00:00,1.2364215
2023-02-05 14:30:00+00:00,1.2364215
2023-02-05 14:45:00+00:00,1.2364215
2023-02-05 15:00:00+00:00,1.2364215
2023-02-05 15:15:00+00:00,1.2364215
2023-02-05 15:30:00+00:00,1.2364215
2023-02-05 15:45:00+00:00,1.2364215
2023-02-05 16:00:00+00:00,1.2364215
2023-02-05 16:15:00+00:00,1.2364215
2023-02-05 16:30:00+00:00,1.2364215
2023-02-05 16:45:00+00:00,1.2364215
2023-02-05 17:00:00+00:00,1.2364215
2023-02-05 17:15:00+00:00,1.2364215
2023-02-05 17:30:00+00:00,1.2364215
2023-02-05 17:45:00+00:00,1.2364215
2023-02-05 18:00:00+00:00,1.2364215
2023-02-05 18:15:00+00:00,1.2364215
2023-02-05 18:30:00+00:00,1.2364215
2023-02-05 18:45:00+00:00,1.2364215
2023-02-05 19:00:00+00:00,1.2364215
2023-02-05 19:15:00+00:00,1.2364215
2023-02-05 19:30:00+00:00,1.2364215
2023-02-05 19:45:00+00:00,1.2364215
2023-02-05 20:00:00+00:00,1.2364215
2023-02-05 20:15:00+00:00,1.2364215
2023-02-05 20:30:00+00:00,1.2364215
2023-02-05 20:45:00+00:00,1.2364215
2023-02-05 21:00:00+00:00,1.2364215
2023-02-05 21:15:00+00:00,1.2364215
2023-02-05 21:30:00+00:00,1.2364215
2023-02-05 21:45:00+00:00,1.2364215
2023-02-05 22:00:00+00:00,1.2364215
2023-02-05 22:15:00+00:00,1.2364215
2023-02-05 22:30:00+00:00,1.2364215
2023-02-05 22:45:00+00:00,1.2364215
2023-02-05 23:00:00+00:00,1.2364215
2023-02-05 23:15:00+00:00,1.2364215
2023-02-05 23:30:00+00:00,1.2364215
2023-02-05 23:45:00+00:00,1.2364215
2023-02-06 00:00:00+00:00,1.2364215
2023-02-06 00:15:00+00:00,1.2364215
2023-02-06 00:30:00+00:00,1.2364215
2023-02-06 00:45:00+00:00,1.2364215
2023-02-06 01:00:00+00:00,1.2364215
2023-02-06 01:15:00+00:00,1.2364215
2023-02-06 01:30:00+00:00,1.2364215
2023-02-06 01:45:00+00:00,1.2364215
2023-02-06 02:00:00+00:00,1.2364215
2023-02-06 02:15:00+00:00,1.2364215
2023-02-06 02:30:00+00:00,1.2364215
2023-02-06 02:45:00+00:00,1.2364215
2023-02-06 03:00:00+00:00,1.2364215
2023-02-06 03:15:00+00:00,1.2364215
2023-02-06 03:30:00+00:00,1.2364215
2023-02-06 03:45:00+00:00,1.2364215
2023-02-06 04:00:00+00:00,1.2364215
2023-02-06 04:15:00+00:00,1.2364215
2023-02-06 04:30:00+00:00,1.2364215
2023-02-06 04:45:00+00:00,1.2364215
2023-02-06 05:00:00+00:00,1.2364215
2023-02-06 05:15:00+00:00,1.2364215
2023-02-06 05:30:00+00:00,1.2364215
2023-02-06 05:45:00+00:00,1.2364215
2023-02-06 06:00:00+00:00,1.2364215
2023-02-06 06:15:00+00:00,1.2364215
2023-02-06 06:30:00+00:00,1.2364215
2023-02-06 06:45:00+00:00,1.2364215
2023-02-06 07:00:00+00:00,1.2364215
2023-02-06 07:15:00+00:00,1.2364215
2023-02-06 07:30:00+00:00,1.2364215
2023-02-06 07:45:00+00:00,1.2364215
2023-02-06 08:00:00+00:00,1.2364215
2023-02-06 08:15:00+00:00,1.2364215
2023-02-06 08:30:00+00:00,1.2364215
2023-02-06 08:45:00+00:00,1.2364215
2023-02-06 09:00:00+00:00,1.2364215
2023-02-06 09:15:00+00:00,1.2364215
2023-02-06 09:30:00+00:00,1.2364215
2023-02-06 09:45:00+00:00,1.2364215
2023-02-06 10:00:00+00:00,1.2365363
2023-02-06 10:15:00+00:00,1.2365755
2023-02-06 10:30:00+00:00,1.2365755
2023-02-06 10:45:00+00:00,1.2365755
2023-02-06 11:00:00+00:00,1.2365755
2023-02-06 11:15:00+00:00,1.2365755
2023-02-06 11:30:00+00:00,1.2365755
2023-02-06 11:45:00+00:00,1.2365755
2023-02-06 12:00:00+00:00,1.2365755
2023-02-06 12:15:00+00:00,1.2365755
2023-02-06 12:30:00+00:00,1.2365755
2023-02-06 12:45:00+00:00,1.2365755
2023-02-06 13:00:00+00:00,1.2365755
2023-02-06 13:15:00+00:00,1.2365755
2023-02-06 13:30:00+00:00,1.2365755
2023-02-06 13:45:00+00:00,1.2365755
2023-02-06 14:00:00+00:00,1.2365755
2023-02-06 14:15:00+00:00,1.2365755
2023-02-06 14:30:00+00:00,1.2365755
2023-02-06 14:45:00+00:00,1.2365755
2023-02-06 15:00:00+00:00,1.2365755
2023-02-06 15:15:00+00:00,1.2365755
2023-02-06 15:30:00+00:00,1.2365755
2023-02-06 15:45:00+00:00,1.2365755
2023-02-06 16:00:00+00:00,1.2365755
2023-02-06 16:15:00+00:00,1.2365755
2023-02-06 16:30:00+00:00,1.2365755
2023-02-06 16:45:00+00:00,1.2365755
2023-02-06 17:00:00+00:00,1.2365755
2023-02-06 17:15:00+00:00,1.2365755
2023-02-06 17:30:00+00:00,1.2365755
2023-02-06 17:45:00+00:00,1.2365755
2023-02-06 18:00:00+00:00,1.2365755
2023-02-06 18:15:00+00:00,1.2365755
2023-02-06 18:30:00+00:00,1.2365755
2023-02-06 18:45:00+00:00,1.2365755
2023-02-06 19:00:00+00:00,1.2365755
2023-02-06 19:15:00+00:00,1.2365755
2023-02-06 19:30:00+00:00,1.2365755
2023-02-06 19:45:00+00:00,1.2365755
2023-02-06 20:00:00+00:00,1.2365755
2023-02-06 20:15:00+00:00,1.2365755
2023-02-06 20:30:00+00:00,1.2365755
2023-02-06 20:45:00+00:00,1.2365755
2023-02-06 21:00:00+00:00,1.2365755
2023-02-06 21:15:00+00:00,1.2365755
2023-02-06 21:30:00+00:00,1.2365755
2023-02-06 21:45:00+00:00,1.2365755
2023-02-06 22:00:00+00:00,1.2365755
2023-02-06 22:15:00+00:00,1.2365755
2023-02-06 22:30:00+00:00,1.2365755
2023-02-06 22:45:00+00:00,1.2365755
2023-02-06 23:00:00+00:00,1.2365755
2023-02-06 23:15:00+00:00,1.2365755
2023-02-06 23:30:00+00:00,1.2365755
2023-02-06 23:45:00+00:00,1.2365755
2023-02-07 00:00:00+00:00,1.2365755
2023-02-07 00:15:00+00:00,1.2365755
2023-02-07 00:30:00+00:00,1.2365755
2023-02-07 00:45:00+00:00,1.2365755
2023-02-07 01:00:00+00:00,1.2365755
2023-02-07 01:15:00+00:00,1.2365755
2023-02-07 01:30:00+00:00,1.2365755
2023-02-07 01:45:00+00:00,1.2365755
2023-02-07 02:00:00+00:00,1.2365755
2023-02-07 02:15:00+00:00,1.2365755
2023-02-07 02:30:00+00:00,1.2365755
2023-02-07 02:45:00+00:00,1.2365755
2023-02-07 03:00:00+00:00,1.2365755
2023-02-07 03:15:00+00:00,1.2365755
2023-02-07 03:30:00+00:00,1.2365755
2023-02-07 03:45:00+00:00,1.2365755
2023-02-07 04:00:00+00:00,1.2365755
2023-02-07 04:15:00+00:00,1.2365755
2023-02-07 04:30:00+00:00,1.2365755
2023-02-07 04:45:00+00:00,1.2365755
2023-02-07 05:00:00+00:00,1.2365755
2023-02-07 05:15:00+00:00,1.2365755
2023-02-07 05:30:00+00:00,1.2365755
2023-02-07 05:45:00+00:00,1.2365755
2023-02-07 06:00:00+00:00,1.2365755
2023-02-07 06:15:00+00:00,1.2365755
2023-02-07 06:30:00+00:00,1.2365755
2023-02-07 06:45:00+00:00,1.2365755
2023-02-07 07:00:00+00:00,1.2365755
2023-02-07 07:15:00+00:00,1.2365755
2023-02-07 07:30:00+00:00,1.2365755
2023-02-07 07:45:00+00:00,1.2365755
2023-02-07 08:00:00+00:00,1.2365755
2023-02-07 08:15:00+00:00,1.2365755
2023-02-07 08:30:00+00:00,1.2365755
2023-02-07 08:45:00+00:00,1.2365755
2023-02-07 09:00:00+00:00,1.2365755
2023-02-07 09:15:00+00:00,1.2365755
2023-02-07 09:30:00+00:00,1.2365755
2023-02-07 09:45:00+00:00,1.2370039
2023-02-07 10:00:00+00:00,1.2474091836
2023-02-07 10:15:00+00:00,1.2615714145
2023-02-07 10:30:00+00:00,1.2734588146
2023-02-07 10:45:00+00:00,1.2863304404
2023-02-07 11:00:00+00:00,1.299863
2023-02-07 11:15:00+00:00,1.3070347606000001
2023-02-07 11:30:00+00:00,1.3162731
2023-02-07 11:45:00+00:00,1.3162731
2023-02-07 12:00:00+00:00,1.33434258
2023-02-07 12:15:00+00:00,1.3677547964
2023-02-07 12:30:00+00:00,1.370166
2023-02-07 12:45:00+00:00,1.370166
2023-02-07 13:00:00+00:00,1.370166
2023-02-07 13:15:00+00:00,1.370166
2023-02-07 13:30:00+00:00,1.370166
2023-02-07 13:45:00+00:00,1.370166
2023-02-07 14:00:00+00:00,1.370166
2023-02-07 14:15:00+00:00,1.370166
2023-02-07 14:30:00+00:00,1.370166
2023-02-07 14:45:00+00:00,1.370166
2023-02-07 15:00:00+00:00,1.370166
2023-02-07 15:15:00+00:00,1.370166
2023-02-07 15:30:00+00:00,1.370166
2023-02-07 15:45:00+00:00,1.370166
2023-02-07 16:00:00+00:00,1.370166
2023-02-07 16:15:00+00:00,1.370166
2023-02-07 16:30:00+00:00,1.370166
2023-02-07 16:45:00+00:00,1.370166
2023-02-07 17:00:00+00:00,1.370166
2023-02-07 17:15:00+00:00,1.370166
2023-02-07 17:30:00+00:00,1.370166
2023-02-07 17:45:00+00:00,1.370166
2023-02-07 18:00:00+00:00,1.370166
2023-02-07 18:15:00+00:00,1.370166
2023-02-07 18:30:00+00:00,1.370166
2023-02-07 18:45:00+00:00,1.370166
2023-02-07 19:00:00+00:00,1.370166
2023-02-07 19:15:00+00:00,1.370166
2023-02-07 19:30:00+00:00,1.370166
2023-02-07 19:45:00+00:00,1.370166
2023-02-07 20:00:00+00:00,1.370166
2023-02-07 20:15:00+00:00,1.370166
2023-02-07 20:30:00+00:00,1.370166
2023-02-07 20:45:00+00:00,1.370166
2023-02-07 21:00:00+00:00,1.370166
2023-02-07 21:15:00+00:00,1.370166
2023-02-07 21:30:00+00:00,1.370166
2023-02-07 21:45:00+00:00,1.370166
2023-02-07 22:00:00+00:00,1.370166
2023-02-07 22:15:00+00:00,1.370166
2023-02-07 22:30:00+00:00,1.370166
2023-02-07 22:45:00+00:00,1.370166
2023-02-07 23:00:00+00:00,1.370166
2023-02-07 23:15:00+00:00,1.370166
2023-02-07 23:30:00+00:00,1.370166
2023-02-07 23:45:00+00:00,1.370166
2023-02-08 00:00:00+00:00,1.370166
2023-02-08 00:15:00+00:00,1.370166
2023-02-08 00:30:00+00:00,1.370166
2023-02-08 00:45:00+00:00,1.370166
2023-02-08 01:00:00+00:00,1.370166
2023-02-08 01:15:00+00:00,1.370166
2023-02-08 01:30:00+00:00,1.370166
2023-02-08 01:45:00+00:00,1.370166
2023-02-08 02:00:00+00:00,1.370166
2023-02-08 02:15:00+00:00,1.370166
2023-02-08 02:30:00+00:00,1.370166
2023-02-08 02:45:00+00:00,1.370166
2023-02-08 03:00:00+00:00,1.370166
2023-02-08 03:15:00+00:00,1.370166
2023-02-08 03:30:00+00:00,1.370166
2023-02-08 03:45:00+00:00,1.370166
2023-02-08 04:00:00+00:00,1.370166
2023-02-08 04:15:00+00:00,1.370166
2023-02-08 04:30:00+00:00,1.370166
2023-02-08 04:45:00+00:00,1.370166
2023-02-08 05:00:00+00:00,1.370166
2023-02-08 05:15:00+00:00,1.370166
2023-02-08 05:30:00+00:00,1.370166
2023-02-08 05:45:00+00:00,1.370166
2023-02-08 06:00:00+00:00,1.370166
2023-02-08 06:15:00+00:00,1.370166
2023-02-08 06:30:00+00:00,1.370166
2023-02-08 06:45:00+00:00,1.370166
2023-02-08 07:00:00+00:00,1.370166
2023-02-08 07:15:00+00:00,1.370166
2023-02-08 07:30:00+00:00,1.370166
2023-02-08 07:45:00+00:00,1.370166
2023-02-08 08:00:00+00:00,1.370166
2023-02-08 08:15:00+00:00,1.370166
2023-02-08 08:30:00+00:00,1.370166
2023-02-08 08:45:00+00:00,1.370166
2023-02-08 09:00:00+00:00,1.370166
2023-02-08 09:15:00+00:00,1.370166
2023-02-08 09:30:00+00:00,1.370166
2023-02-08 09:45:00+00:00,1.370166
2023-02-08 10:00:00+00:00,1.370166
2023-02-08 10:15:00+00:00,1.370166
2023-02-08 10:30:00+00:00,1.370166
2023-02-08 10:45:00+00:00,1.3701803000000001
2023-02-08 11:00:00+00:00,1.3706647
2023-02-08 11:15:00+00:00,1.3706647
2023-02-08 11:30:00+00:00,1.3830897806
2023-02-08 11:45:00+00:00,1.3983372
2023-02-08 12:00:00+00:00,1.3983991144
2023-02-08 12:15:00+00:00,1.4236296072
2023-02-08 12:30:00+00:00,1.4420395000000001
2023-02-08 12:45:00+00:00,1.4472451916
2023-02-08 13:00:00+00:00,1.4510145
2023-02-08 13:15:00+00:00,1.4510145
2023-02-08 13:30:00+00:00,1.4510145
2023-02-08 13:45:00+00:00,1.4510145
2023-02-08 14:00:00+00:00,1.4510145
2023-02-08 14:15:00+00:00,1.4510145
2023-02-08 14:30:00+00:00,1.4510145
2023-02-08 14:45:00+00:00,1.4510145
2023-02-08 15:00:00+00:00,1.4510145
2023-02-08 15:15:00+00:00,1.4510145
2023-02-08 15:30:00+00:00,1.4510145
2023-02-08 15:45:00+00:00,1.4510145
2023-02-08 16:00:00+00:00,1.4510145
2023-02-08 16:15:00+00:00,1.4510145
2023-02-08 16:30:00+00:00,1.4510145
2023-02-08 16:45:00+00:00,1.4510145
2023-02-08 17:00:00+00:00,1.4510145
2023-02-08 17:15:00+00:00,1.4510145
2023-02-08 17:30:00+00:00,1.4510145
2023-02-08 17:45:00+00:00,1.4510145
2023-02-08 18:00:00+00:00,1.4510145
2023-02-08 18:15:00+00:00,1.4510145
2023-02-08 18:30:00+00:00,1.4510145
2023-02-08 18:45:00+00:00,1.4510145
2023-02-08 19:00:00+00:00,1.4510145
2023-02-08 19:15:00+00:00,1.4510145
2023-02-08 19:30:00+00:00,1.4510145
2023-02-08 19:45:00+00:00,1.4510145
2023-02-08 20:00:00+00:00,1.4510145
2023-02-08 20:15:00+00:00,1.4510145
2023-02-08 20:30:00+00:00,1.4510145
2023-02-08 20:45:00+00:00,1.4510145
2023-02-08 21:00:00+00:00,1.4510145
2023-02-08 21:15:00+00:00,1.4510145
2023-02-08 21:30:00+00:00,1.4510145
2023-02-08 21:45:00+00:00,1.4510145
2023-02-08 22:00:00+00:00,1.4510145
2023-02-08 22:15:00+00:00,1.4510145
2023-02-08 22:30:00+00:00,1.4510145
2023-02-08 22:45:00+00:00,1.4510145
2023-02-08 23:00:00+00:00,1.4510145
2023-02-08 23:15:00+00:00,1.4510145
2023-02-08 23:30:00+00:00,1.4510145
2023-02-08 23:45:00+00:00,1.4510145
2023-02-09 00:00:00+00:00,1.4510145
2023-02-09 00:15:00+00:00,1.4510145
2023-02-09 00:30:00+00:00,1.4510145
2023-02-09 00:45:00+00:00,1.4510145
2023-02-09 01:00:00+00:00,1.4510145
2023-02-09 01:15:00+00:00,1.4510145
2023-02-09 01:30:00+00:00,1.4510145
2023-02-09 01:45:00+00:00,1.4510145
2023-02-09 02:00:00+00:00,1.4510145
2023-02-09 02:15:00+00:00,1.4510145
2023-02-09 02:30:00+00:00,1.4510145
2023-02-09 02:45:00+00:00,1.4510145
2023-02-09 03:00:00+00:00,1.4510145
2023-02-09 03:15:00+00:00,1.4510145
2023-02-09 03:30:00+00:00,1.4510145
2023-02-09 03:45:00+00:00,1.4510145
2023-02-09 04:00:00+00:00,1.4510145
2023-02-09 04:15:00+00:00,1.4510145
2023-02-09 04:30:00+00:00,1.4510145
2023-02-09 04:45:00+00:00,1.4510145
2023-02-09 05:00:00+00:00,1.4510145
2023-02-09 05:15:00+00:00,1.4510145
2023-02-09 05:30:00+00:00,1.4510145
2023-02-09 05:45:00+00:00,1.4510145
2023-02-09 06:00:00+00:00,1.4510145
2023-02-09 06:15:00+00:00,1.4510145
2023-02-09 06:30:00+00:00,1.4510145
2023-02-09 06:45:00+00:00,1.4510145
2023-02-09 07:00:00+00:00,1.4510145
2023-02-09 07:15:00+00:00,1.4510145
2023-02-09 07:30:00+00:00,1.4510145
2023-02-09 07:45:00+00:00,1.4510145
2023-02-09 08:00:00+00:00,1.4510145
2023-02-09 08:15:00+00:00,1.4510145
2023-02-09 08:30:00+00:00,1.4510145
2023-02-09 08:45:00+00:00,1.4510145
2023-02-09 09:00:00+00:00,1.4510145
2023-02-09 09:15:00+00:00,1.4510145
2023-02-09 09:30:00+00:00,1.4510145
2023-02-09 09:45:00+00:00,1.4510145
2023-02-09 10:00:00+00:00,1.4514994
2023-02-09 10:15:00+00:00,1.4555171
2023-02-09 10:30:00+00:00,1.4557139000000001
2023-02-09 10:45:00+00:00,1.461180331
2023-02-09 11:00:00+00:00,1.4648486
2023-02-09 11:15:00+00:00,1.4666772000000001
2023-02-09 11:30:00+00:00,1.4739000526000001
2023-02-09 11:45:00+00:00,1.4837625
2023-02-09 12:00:00+00:00,1.4841621
2023-02-09 12:15:00+00:00,1.4883665000000001
2023-02-09 12:30:00+00:00,1.4883665000000001
2023-02-09 12:45:00+00:00,1.5030361
2023-02-09 13:00:00+00:00,1.5030361
2023-02-09 13:15:00+00:00,1.5030361
2023-02-09 13:30:00+00:00,1.5030361
2023-02-09 13:45:00+00:00,1.5030361
2023-02-09 14:00:00+00:00,1.5030361
2023-02-09 14:15:00+00:00,1.5030361
2023-02-09 14:30:00+00:00,1.5030361
2023-02-09 14:45:00+00:00,1.5030361
2023-02-09 15:00:00+00:00,1.5030361
2023-02-09 15:15:00+00:00,1.5030474
2023-02-09 15:30:00+00:00,1.5030474
2023-02-09 15:45:00+00:00,1.5030474
2023-02-09 16:00:00+00:00,1.5030474
2023-02-09 16:15:00+00:00,1.5030474
2023-02-09 16:30:00+00:00,1.5030474
2023-02-09 16:45:00+00:00,1.5030474
2023-02-09 17:00:00+00:00,1.5030474
2023-02-09 17:15:00+00:00,1.5030474
2023-02-09 17:30:00+00:00,1.5030474
2023-02-09 17:45:00+00:00,1.5030474
2023-02-09 18:00:00+00:00,1.5030474
2023-02-09 18:15:00+00:00,1.5030474
2023-02-09 18:30:00+00:00,1.5030474
2023-02-09 18:45:00+00:00,1.5030474
2023-02-09 19:00:00+00:00,1.5030474
2023-02-09 19:15:00+00:00,1.5030474
2023-02-09 19:30:00+00:00,1.5030474
2023-02-09 19:45:00+00:00,1.5030474
2023-02-09 20:00:00+00:00,1.5030474
2023-02-09 20:15:00+00:00,1.5030474
2023-02-09 20:30:00+00:00,1.5030474
2023-02-09 20:45:00+00:00,1.5030474
2023-02-09 21:00:00+00:00,1.5030474
2023-02-09 21:15:00+00:00,1.5030474
2023-02-09 21:30:00+00:00,1.5030474
2023-02-09 21:45:00+00:00,1.5030474
2023-02-09 22:00:00+00:00,1.5030474
2023-02-09 22:15:00+00:00,1.5030474
2023-02-09 22:30:00+00:00,1.5030474
2023-02-09 22:45:00+00:00,1.5030474
2023-02-09 23:00:00+00:00,1.5030474
2023-02-09 23:15:00+00:00,1.5030474
2023-02-09 23:30:00+00:00,1.5030474
2023-02-09 23:45:00+00:00,1.5030474
2023-02-10 00:00:00+00:00,1.5030474
2023-02-10 00:15:00+00:00,1.5030474
2023-02-10 00:30:00+00:00,1.5030474
2023-02-10 00:45:00+00:00,1.5030474
2023-02-10 01:00:00+00:00,1.5030474
2023-02-10 01:15:00+00:00,1.5030474
2023-02-10 01:30:00+00:00,1.5030474
2023-02-10 01:45:00+00:00,1.5030474
2023-02-10 02:00:00+00:00,1.5030474
2023-02-10 02:15:00+00:00,1.5030474
2023-02-10 02:30:00+00:00,1.5030474
2023-02-10 02:45:00+00:00,1.5030474
2023-02-10 03:00:00+00:00,1.5030474
2023-02-10 03:15:00+00:00,1.5030474
2023-02-10 03:30:00+00:00,1.5030474
2023-02-10 03:45:00+00:00,1.5030474
2023-02-10 04:00:00+00:00,1.5030474
2023-02-10 04:15:00+00:00,1.5030474
2023-02-10 04:30:00+00:00,1.5030474
2023-02-10 04:45:00+00:00,1.5030474
2023-02-10 05:00:00+00:00,1.5030474
2023-02-10 05:15:00+00:00,1.5030474
2023-02-10 05:30:00+00:00,1.5030474
2023-02-10 05:45:00+00:00,1.5030474
2023-02-10 06:00:00+00:00,1.5030474
2023-02-10 06:15:00+00:00,1.5030474
2023-02-10 06:30:00+00:00,1.5030474
2023-02-10 06:45:00+00:00,1.5030474
2023-02-10 07:00:00+00:00,1.5030474
2023-02-10 07:15:00+00:00,1.5030474
2023-02-10 07:30:00+00:00,1.5030474
2023-02-10 07:45:00+00:00,1.5030474
2023-02-10 08:00:00+00:00,1.5030474
2023-02-10 08:15:00+00:00,1.5030474
2023-02-10 08:30:00+00:00,1.5030474
2023-02-10 08:45:00+00:00,1.5030474
2023-02-10 09:00:00+00:00,1.5030474
2023-02-10 09:15:00+00:00,1.5030474
2023-02-10 09:30:00+00:00,1.5030474
2023-02-10 09:45:00+00:00,1.5030474
2023-02-10 10:00:00+00:00,1.5031177
2023-02-10 10:15:00+00:00,1.5031177
2023-02-10 10:30:00+00:00,1.5031177
2023-02-10 10:45:00+00:00,1.5031177
2023-02-10 11:00:00+00:00,1.5041820944
2023-02-10 11:15:00+00:00,1.5304652228
2023-02-10 11:30:00+00:00,1.5596092004
2023-02-10 11:45:00+00:00,1.5942820628
2023-02-10 12:00:00+00:00,1.6192149550000001
2023-02-10 12:15:00+00:00,1.6474641519
2023-02-10 12:30:00+00:00,1.6853671976
2023-02-10 12:45:00+00:00,1.7221657826
2023-02-10 13:00:00+00:00,1.7530027342
2023-02-10 13:15:00+00:00,1.7718419916
2023-02-10 13:30:00+00:00,1.777328
2023-02-10 13:45:00+00:00,1.777328
2023-02-10 14:00:00+00:00,1.777328
2023-02-10 14:15:00+00:00,1.777328
2023-02-10 14:30:00+00:00,1.777328
2023-02-10 14:45:00+00:00,1.777328
2023-02-10 15:00:00+00:00,1.777328
2023-02-10 15:15:00+00:00,1.777328
2023-02-10 15:30:00+00:00,1.777328
2023-02-10 15:45:00+00:00,1.777328
2023-02-10 16:00:00+00:00,1.777328
2023-02-10 16:15:00+00:00,1.777328
2023-02-10 16:30:00+00:00,1.777328
2023-02-10 16:45:00+00:00,1.777328
2023-02-10 17:00:00+00:00,1.777328
2023-02-10 17:15:00+00:00,1.777328
2023-02-10 17:30:00+00:00,1.777328
2023-02-10 17:45:00+00:00,1.777328
2023-02-10 18:00:00+00:00,1.777328
2023-02-10 18:15:00+00:00,1.777328
2023-02-10 18:30:00+00:00,1.777328
2023-02-10 18:45:00+00:00,1.777328
2023-02-10 19:00:00+00:00,1.777328
2023-02-10 19:15:00+00:00,1.777328
2023-02-10 19:30:00+00:00,1.777328
2023-02-10 19:45:00+00:00,1.777328
2023-02-10 20:00:00+00:00,1.777328
2023-02-10 20:15:00+00:00,1.777328
2023-02-10 20:30:00+00:00,1.777328
2023-02-10 20:45:00+00:00,1.777328
2023-02-10 21:00:00+00:00,1.777328
2023-02-10 21:15:00+00:00,1.777328
2023-02-10 21:30:00+00:00,1.777328
2023-02-10 21:45:00+00:00,1.777328
2023-02-10 22:00:00+00:00,1.777328
2023-02-10 22:15:00+00:00,1.777328
2023-02-10 22:30:00+00:00,1.777328
2023-02-10 22:45:00+00:00,1.777328
2023-02-10 23:00:00+00:00,1.777328
2023-02-10 23:15:00+00:00,1.777328
2023-02-10 23:30:00+00:00,1.777328
2023-02-10 23:45:00+00:00,1.777328
2023-02-11 00:00:00+00:00,1.777328
2023-02-11 00:15:00+00:00,1.777328
2023-02-11 00:30:00+00:00,1.777328
2023-02-11 00:45:00+00:00,1.777328
2023-02-11 01:00:00+00:00,1.777328
2023-02-11 01:15:00+00:00,1.777328
2023-02-11 01:30:00+00:00,1.777328
2023-02-11 01:45:00+00:00,1.777328
2023-02-11 02:00:00+00:00,1.777328
2023-02-11 02:15:00+00:00,1.777328
2023-02-11 02:30:00+00:00,1.777328
2023-02-11 02:45:00+00:00,1.777328
2023-02-11 03:00:00+00:00,1.777328
2023-02-11 03:15:00+00:00,1.777328
2023-02-11 03:30:00+00:00,1.777328
2023-02-11 03:45:00+00:00,1.777328
2023-02-11 04:00:00+00:00,1.777328
2023-02-11 04:15:00+00:00,1.777328
2023-02-11 04:30:00+00:00,1.777328
2023-02-11 04:45:00+00:00,1.777328
2023-02-11 05:00:00+00:00,1.777328
2023-02-11 05:15:00+00:00,1.777328
2023-02-11 05:30:00+00:00,1.777328
2023-02-11 05:45:00+00:00,1.777328
2023-02-11 06:00:00+00:00,1.777328
2023-02-11 06:15:00+00:00,1.777328
2023-02-11 06:30:00+00:00,1.777328
2023-02-11 06:45:00+00:00,1.777328
2023-02-11 07:00:00+00:00,1.777328
2023-02-11 07:15:00+00:00,1.777328
2023-02-11 07:30:00+00:00,1.777328
2023-02-11 07:45:00+00:00,1.777328
2023-02-11 08:00:00+00:00,1.777328
2023-02-11 08:15:00+00:00,1.777328
2023-02-11 08:30:00+00:00,1.777328
2023-02-11 08:45:00+00:00,1.777328
2023-02-11 09:00:00+00:00,1.777328
2023-02-11 09:15:00+00:00,1.777328
2023-02-11 09:30:00+00:00,1.777328
2023-02-11 09:45:00+00:00,1.777328
2023-02-11 10:00:00+00:00,1.7788136118
2023-02-11 10:15:00+00:00,1.7958794
2023-02-11 10:30:00+00:00,1.7958794
2023-02-11 10:45:00+00:00,1.7958794
2023-02-11 11:00:00+00:00,1.7960032000000001
2023-02-11 11:15:00+00:00,1.7962583
2023-02-11 11:30:00+00:00,1.7964334
2023-02-11 11:45:00+00:00,1.7964334
2023-02-11 12:00:00+00:00,1.7964334
2023-02-11 12:15:00+00:00,1.7964334
2023-02-11 12:30:00+00:00,1.7981878
2023-02-11 12:45:00+00:00,1.8034958875
2023-02-11 13:00:00+00:00,1.8132655
2023-02-11 13:15:00+00:00,1.8148395000000002
2023-02-11 13:30:00+00:00,1.8148395000000002
2023-02-11 13:45:00+00:00,1.8148395000000002
2023-02-11 14:00:00+00:00,1.8148395000000002
2023-02-11 14:15:00+00:00,1.8148395000000002
2023-02-11 14:30:00+00:00,1.8148395000000002
2023-02-11 14:45:00+00:00,1.8148395000000002
2023-02-11 15:00:00+00:00,1.8148395000000002
2023-02-11 15:15:00+00:00,1.8148395000000002
2023-02-11 15:30:00+00:00,1.8148395000000002
2023-02-11 15:45:00+00:00,1.8148395000000002
2023-02-11 16:00:00+00:00,1.8148395000000002
2023-02-11 16:15:00+00:00,1.8148395000000002
2023-02-11 16:30:00+00:00,1.8148395000000002
2023-02-11 16:45:00+00:00,1.8148395000000002
2023-02-11 17:00:00+00:00,1.8148395000000002
2023-02-11 17:15:00+00:00,1.8148395000000002
2023-02-11 17:30:00+00:00,1.8148395000000002
2023-02-11 17:45:00+00:00,1.8148395000000002
2023-02-11 18:00:00+00:00,1.8148395000000002
2023-02-11 18:15:00+00:00,1.8148395000000002
2023-02-11 18:30:00+00:00,1.8148395000000002
2023-02-11 18:45:00+00:00,1.8148395000000002
2023-02-11 19:00:00+00:00,1.8148395000000002
2023-02-11 19:15:00+00:00,1.8148395000000002
2023-02-11 19:30:00+00:00,1.8148395000000002
2023-02-11 19:45:00+00:00,1.8148395000000002
2023-02-11 20:00:00+00:00,1.8148395000000002
2023-02-11 20:15:00+00:00,1.8148395000000002
2023-02-11 20:30:00+00:00,1.8148395000000002
2023-02-11 20:45:00+00:00,1.8148395000000002
2023-02-11 21:00:00+00:00,1.8148395000000002
2023-02-11 21:15:00+00:00,1.8148395000000002
2023-02-11 21:30:00+00:00,1.8148395000000002
2023-02-11 21:45:00+00:00,1.8148395000000002
2023-02-11 22:00:00+00:00,1.8148395000000002
2023-02-11 22:15:00+00:00,1.8148395000000002
2023-02-11 22:30:00+00:00,1.8148395000000002
2023-02-11 22:45:00+00:00,1.8148395000000002
2023-02-11 23:00:00+00:00,1.8148395000000002
2023-02-11 23:15:00+00:00,1.8148395000000002
2023-02-11 23:30:00+00:00,1.8148395000000002
2023-02-11 23:45:00+00:00,1.8148395000000002
2023-02-12 00:00:00+00:00,1.8148395000000002
2023-02-12 00:15:00+00:00,1.8148395000000002
2023-02-12 00:30:00+00:00,1.8148395000000002
2023-02-12 00:45:00+00:00,1.8148395000000002
2023-02-12 01:00:00+00:00,1.8148395000000002
2023-02-12 01:15:00+00:00,1.8148395000000002
2023-02-12 01:30:00+00:00,1.8148395000000002
2023-02-12 01:45:00+00:00,1.8148395000000002
2023-02-12 02:00:00+00:00,1.8148395000000002
2023-02-12 02:15:00+00:00,1.8148395000000002
2023-02-12 02:30:00+00:00,1.8148395000000002
2023-02-12 02:45:00+00:00,1.8148395000000002
2023-02-12 03:00:00+00:00,1.8148395000000002
2023-02-12 03:15:00+00:00,1.8148395000000002
2023-02-12 03:30:00+00:00,1.8148395000000002
2023-02-12 03:45:00+00:00,1.8148395000000002
2023-02-12 04:00:00+00:00,1.8148395000000002
2023-02-12 04:15:00+00:00,1.8148395000000002
2023-02-12 04:30:00+00:00,1.8148395000000002
2023-02-12 04:45:00+00:00,1.8148395000000002
2023-02-12 05:00:00+00:00,1.8148395000000002
2023-02-12 05:15:00+00:00,1.8148395000000002
2023-02-12 05:30:00+00:00,1.8148395000000002
2023-02-12 05:45:00+00:00,1.8148395000000002
2023-02-12 06:00:00+00:00,1.8148395000000002
2023-02-12 06:15:00+00:00,1.8148395000000002
2023-02-12 06:30:00+00:00,1.8148395000000002
2023-02-12 06:45:00+00:00,1.8148395000000002
2023-02-12 07:00:00+00:00,1.8148395000000002
2023-02-12 07:15:00+00:00,1.8148395000000002
2023-02-12 07:30:00+00:00,1.8148395000000002
2023-02-12 07:45:00+00:00,1.8148395000000002
2023-02-12 08:00:00+00:00,1.8148395000000002
2023-02-12 08:15:00+00:00,1.8148395000000002
2023-02-12 08:30:00+00:00,1.8148395000000002
2023-02-12 08:45:00+00:00,1.8148395000000002
2023-02-12 09:00:00+00:00,1.8148395000000002
2023-02-12 09:15:00+00:00,1.8148395000000002
2023-02-12 09:30:00+00:00,1.8148395000000002
2023-02-12 09:45:00+00:00,1.8148395000000002
2023-02-12 10:00:00+00:00,1.8148395000000002
2023-02-12 10:15:00+00:00,1.8148395000000002
2023-02-12 10:30:00+00:00,1.8148395000000002
2023-02-12 10:45:00+00:00,1.8148395000000002
2023-02-12 11:00:00+00:00,1.8148395000000002
2023-02-12 11:15:00+00:00,1.8148395000000002
2023-02-12 11:30:00+00:00,1.8148395000000002
2023-02-12 11:45:00+00:00,1.8148395000000002
2023-02-12 12:00:00+00:00,1.814881
2023-02-12 12:15:00+00:00,1.815115
2023-02-12 12:30:00+00:00,1.8341855
2023-02-12 12:45:00+00:00,1.8626952275000002
2023-02-12 13:00:00+00:00,1.8819356600000001
2023-02-12 13:15:00+00:00,1.9049663923
2023-02-12 13:30:00+00:00,1.9256878000000002
2023-02-12 13:45:00+00:00,1.9256878000000002
2023-02-12 14:00:00+00:00,1.9256878000000002
2023-02-12 14:15:00+00:00,1.9256878000000002
2023-02-12 14:30:00+00:00,1.9256878000000002
2023-02-12 14:45:00+00:00,1.9256878000000002
2023-02-12 15:00:00+00:00,1.9256878000000002
2023-02-12 15:15:00+00:00,1.9256878000000002
2023-02-12 15:30:00+00:00,1.9256878000000002
2023-02-12 15:45:00+00:00,1.9256878000000002
2023-02-12 16:00:00+00:00,1.9256878000000002
2023-02-12 16:15:00+00:00,1.9256878000000002
2023-02-12 16:30:00+00:00,1.9256878000000002
2023-02-12 16:45:00+00:00,1.9256878000000002
2023-02-12 17:00:00+00:00,1.9256878000000002
2023-02-12 17:15:00+00:00,1.9256878000000002
2023-02-12 17:30:00+00:00,1.9256878000000002
2023-02-12 17:45:00+00:00,1.9256878000000002
2023-02-12 18:00:00+00:00,1.9256878000000002
2023-02-12 18:15:00+00:00,1.9256878000000002
2023-02-12 18:30:00+00:00,1.9256878000000002
2023-02-12 18:45:00+00:00,1.9256878000000002
2023-02-12 19:00:00+00:00,1.9256878000000002
2023-02-12 19:15:00+00:00,1.9256878000000002
2023-02-12 19:30:00+00:00,1.9256878000000002
2023-02-12 19:45:00+00:00,1.9256878000000002
2023-02-12 20:00:00+00:00,1.9256878000000002
2023-02-12 20:15:00+00:00,1.9256878000000002
2023-02-12 20:30:00+00:00,1.9256878000000002
2023-02-12 20:45:00+00:00,1.9256878000000002
2023-02-12 21:00:00+00:00,1.9256878000000002
2023-02-12 21:15:00+00:00,1.9256878000000002
2023-02-12 21:30:00+00:00,1.9256878000000002
2023-02-12 21:45:00+00:00,1.9256878000000002
2023-02-12 22:00:00+00:00,1.9256878000000002
2023-02-12 22:15:00+00:00,1.9256878000000002
2023-02-12 22:30:00+00:00,1.9256878000000002
2023-02-12 22:45:00+00:00,1.9256878000000002
2023-02-12 23:00:00+00:00,1.9256878000000002
2023-02-12 23:15:00+00:00,1.9256878000000002
2023-02-12 23:30:00+00:00,1.9256878000000002
2023-02-12 23:45:00+00:00,1.9256878000000002
2023-02-13 00:00:00+00:00,1.9256878000000002
2023-02-13 00:15:00+00:00,1.9256878000000002
2023-02-13 00:30:00+00:00,1.9256878000000002
2023-02-13 00:45:00+00:00,1.9256878000000002
2023-02-13 01:00:00+00:00,1.9256878000000002
2023-02-13 01:15:00+00:00,1.9256878000000002
2023-02-13 01:30:00+00:00,1.9256878000000002
2023-02-13 01:45:00+00:00,1.9256878000000002
2023-02-13 02:00:00+00:00,1.9256878000000002
2023-02-13 02:15:00+00:00,1.9256878000000002
2023-02-13 02:30:00+00:00,1.9256878000000002
2023-02-13 02:45:00+00:00,1.9256878000000002
2023-02-13 03:00:00+00:00,1.9256878000000002
2023-02-13 03:15:00+00:00,1.9256878000000002
2023-02-13 03:30:00+00:00,1.9256878000000002
2023-02-13 03:45:00+00:00,1.9256878000000002
2023-02-13 04:00:00+00:00,1.9256878000000002
2023-02-13 04:15:00+00:00,1.9256878000000002
2023-02-13 04:30:00+00:00,1.9256878000000002
2023-02-13 04:45:00+00:00,1.9256878000000002
2023-02-13 05:00:00+00:00,1.9256878000000002
2023-02-13 05:15:00+00:00,1.9256878000000002
2023-02-13 05:30:00+00:00,1.9256878000000002
2023-02-13 05:45:00+00:00,1.9256878000000002
2023-02-13 06:00:00+00:00,1.9256878000000002
2023-02-13 06:15:00+00:00,1.9256878000000002
2023-02-13 06:30:00+00:00,1.9256878000000002
2023-02-13 06:45:00+00:00,1.9256878000000002
2023-02-13 07:00:00+00:00,1.9256878000000002
2023-02-13 07:15:00+00:00,1.9256878000000002
2023-02-13 07:30:00+00:00,1.9256878000000002
2023-02-13 07:45:00+00:00,1.9256878000000002
2023-02-13 08:00:00+00:00,1.9256878000000002
2023-02-13 08:15:00+00:00,1.9256878000000002
2023-02-13 08:30:00+00:00,1.9256878000000002
2023-02-13 08:45:00+00:00,1.9256878000000002
2023-02-13 09:00:00+00:00,1.9256878000000002
2023-02-13 09:15:00+00:00,1.9256878000000002
2023-02-13 09:30:00+00:00,1.9256878000000002
2023-02-13 09:45:00+00:00,1.9256878000000002
2023-02-13 10:00:00+00:00,1.9256878000000002
2023-02-13 10:15:00+00:00,1.9256878000000002
2023-02-13 10:30:00+00:00,1.9256878000000002
2023-02-13 10:45:00+00:00,1.9256878000000002
2023-02-13 11:00:00+00:00,1.9256878000000002
2023-02-13 11:15:00+00:00,1.9256878000000002
2023-02-13 11:30:00+00:00,1.9285185492
2023-02-13 11:45:00+00:00,1.9384618
2023-02-13 12:00:00+00:00,1.9444658000000001
2023-02-13 12:15:00+00:00,1.9477224986000001
2023-02-13 12:30:00+00:00,1.9610265880000002
2023-02-13 12:45:00+00:00,1.9878182008
2023-02-13 13:00:00+00:00,1.996767996
2023-02-13 13:15:00+00:00,2.0032976000000002
2023-02-13 13:30:00+00:00,2.0070434
2023-02-13 13:45:00+00:00,2.0070434
2023-02-13 14:00:00+00:00,2.0070434
2023-02-13 14:15:00+00:00,2.0070434
2023-02-13 14:30:00+00:00,2.0070434
2023-02-13 14:45:00+00:00,2.0070434
2023-02-13 15:00:00+00:00,2.0070434
2023-02-13 15:15:00+00:00,2.0070434
2023-02-13 15:30:00+00:00,2.0070434
2023-02-13 15:45:00+00:00,2.0070434
2023-02-13 16:00:00+00:00,2.0070434
2023-02-13 16:15:00+00:00,2.0070434
2023-02-13 16:30:00+00:00,2.0070434
2023-02-13 16:45:00+00:00,2.0070434
2023-02-13 17:00:00+00:00,2.0070434
2023-02-13 17:15:00+00:00,2.0070434
2023-02-13 17:30:00+00:00,2.0070434
2023-02-13 17:45:00+00:00,2.0070434
2023-02-13 18:00:00+00:00,2.0070434
2023-02-13 18:15:00+00:00,2.0070434
2023-02-13 18:30:00+00:00,2.0070434
2023-02-13 18:45:00+00:00,2.0070434
2023-02-13 19:00:00+00:00,2.0070434
2023-02-13 19:15:00+00:00,2.0070434
2023-02-13 19:30:00+00:00,2.0070434
2023-02-13 19:45:00+00:00,2.0070434
2023-02-13 20:00:00+00:00,2.0070434
2023-02-13 20:15:00+00:00,2.0070434
2023-02-13 20:30:00+00:00,2.0070434
2023-02-13 20:45:00+00:00,2.0070434
2023-02-13 21:00:00+00:00,2.0070434
2023-02-13 21:15:00+00:00,2.0070434
2023-02-13 21:30:00+00:00,2.0070434
2023-02-13 21:45:00+00:00,2.0070434
2023-02-13 22:00:00+00:00,2.0070434
2023-02-13 22:15:00+00:00,2.0070434
2023-02-13 22:30:00+00:00,2.0070434
2023-02-13 22:45:00+00:00,2.0070434
2023-02-13 23:00:00+00:00,2.0070434
2023-02-13 23:15:00+00:00,2.0070434
2023-02-13 23:30:00+00:00,2.0070434
2023-02-13 23:45:00+00:00,2.0070434
2023-02-14 00:00:00+00:00,2.0070434
2023-02-14 00:15:00+00:00,2.0070434
2023-02-14 00:30:00+00:00,2.0070434
2023-02-14 00:45:00+00:00,2.0070434
2023-02-14 01:00:00+00:00,2.0070434
2023-02-14 01:15:00+00:00,2.0070434
2023-02-14 01:30:00+00:00,2.0070434
2023-02-14 01:45:00+00:00,2.0070434
2023-02-14 02:00:00+00:00,2.0070434
2023-02-14 02:15:00+00:00,2.0070434
2023-02-14 02:30:00+00:00,2.0070434
2023-02-14 02:45:00+00:00,2.0070434
2023-02-14 03:00:00+00:00,2.0070434
2023-02-14 03:15:00+00:00,2.0070434
2023-02-14 03:30:00+00:00,2.0070434
2023-02-14 03:45:00+00:00,2.0070434
2023-02-14 04:00:00+00:00,2.0070434
2023-02-14 04:15:00+00:00,2.0070434
2023-02-14 04:30:00+00:00,2.0070434
2023-02-14 04:45:00+00:00,2.0070434
2023-02-14 05:00:00+00:00,2.0070434
2023-02-14 05:15:00+00:00,2.0070434
2023-02-14 05:30:00+00:00,2.0070434
2023-02-14 05:45:00+00:00,2.0070434
2023-02-14 06:00:00+00:00,2.0070434
2023-02-14 06:15:00+00:00,2.0070434
2023-02-14 06:30:00+00:00,2.0070434
2023-02-14 06:45:00+00:00,2.0070434
2023-02-14 07:00:00+00:00,2.0070434
2023-02-14 07:15:00+00:00,2.0070434
2023-02-14 07:30:00+00:00,2.0070434
2023-02-14 07:45:00+00:00,2.0070434
2023-02-14 08:00:00+00:00,2.0070434
2023-02-14 08:15:00+00:00,2.0070434
2023-02-14 08:30:00+00:00,2.0070434
2023-02-14 08:45:00+00:00,2.0070434
2023-02-14 09:00:00+00:00,2.0070434
2023-02-14 09:15:00+00:00,2.0070434
2023-02-14 09:30:00+00:00,2.0070434
2023-02-14 09:45:00+00:00,2.0070434
2023-02-14 10:00:00+00:00,2.0070434
2023-02-14 10:15:00+00:00,2.0070434
2023-02-14 10:30:00+00:00,2.0070434
2023-02-14 10:45:00+00:00,2.0070434
2023-02-14 11:00:00+00:00,2.0070434
2023-02-14 11:15:00+00:00,2.0070434
2023-02-14 11:30:00+00:00,2.0070434
2023-02-14 11:45:00+00:00,2.0088713612
2023-02-14 12:00:00+00:00,2.0168556
2023-02-14 12:15:00+00:00,2.0168556
2023-02-14 12:30:00+00:00,2.0168556
2023-02-14 12:45:00+00:00,2.0168556
2023-02-14 13:00:00+00:00,2.0168556
2023-02-14 13:15:00+00:00,2.0168556
2023-02-14 13:30:00+00:00,2.0168556
2023-02-14 13:45:00+00:00,2.0168556
2023-02-14 14:00:00+00:00,2.0168556
2023-02-14 14:15:00+00:00,2.0168556
2023-02-14 14:30:00+00:00,2.0168556
2023-02-14 14:45:00+00:00,2.0168556
2023-02-14 15:00:00+00:00,2.0168556
2023-02-14 15:15:00+00:00,2.0168556
2023-02-14 15:30:00+00:00,2.0168556
2023-02-14 15:45:00+00:00,2.0168556
2023-02-14 16:00:00+00:00,2.0168556
2023-02-14 16:15:00+00:00,2.0168556
2023-02-14 16:30:00+00:00,2.0168556
2023-02-14 16:45:00+00:00,2.0168556
2023-02-14 17:00:00+00:00,2.0168556
2023-02-14 17:15:00+00:00,2.0168556
2023-02-14 17:30:00+00:00,2.0168556
2023-02-14 17:45:00+00:00,2.0168556
2023-02-14 18:00:00+00:00,2.0168556
2023-02-14 18:15:00+00:00,2.0168556
2023-02-14 18:30:00+00:00,2.0168556
2023-02-14 18:45:00+00:00,2.0168556
2023-02-14 19:00:00+00:00,2.0168556
2023-02-14 19:15:00+00:00,2.0168556
2023-02-14 19:30:00+00:00,2.0168556
2023-02-14 19:45:00+00:00,2.0168556
2023-02-14 20:00:00+00:00,2.0168556
2023-02-14 20:15:00+00:00,2.0168556
2023-02-14 20:30:00+00:00,2.0168556
2023-02-14 20:45:00+00:00,2.0168556
2023-02-14 21:00:00+00:00,2.0168556
2023-02-14 21:15:00+00:00,2.0168556
2023-02-14 21:30:00+00:00,2.0168556
2023-02-14 21:45:00+00:00,2.0168556
2023-02-14 22:00:00+00:00,2.0168556
2023-02-14 22:15:00+00:00,2.0168556
2023-02-14 22:30:00+00:00,2.0168556
2023-02-14 22:45:00+00:00,2.0168556
2023-02-14 23:00:00+00:00,2.0168556
2023-02-14 23:15:00+00:00,2.0168556
2023-02-14 23:30:00+00:00,2.0168556
2023-02-14 23:45:00+00:00,2.0168556
2023-02-15 00:00:00+00:00,2.0168556
2023-02-15 00:15:00+00:00,2.0168556
2023-02-15 00:30:00+00:00,2.0168556
2023-02-15 00:45:00+00:00,2.0168556
2023-02-15 01:00:00+00:00,2.0168556
2023-02-15 01:15:00+00:00,2.0168556
2023-02-15 01:30:00+00:00,2.0168556
2023-02-15 01:45:00+00:00,2.0168556
2023-02-15 02:00:00+00:00,2.0168556
2023-02-15 02:15:00+00:00,2.0168556
2023-02-15 02:30:00+00:00,2.0168556
2023-02-15 02:45:00+00:00,2.0168556
2023-02-15 03:00:00+00:00,2.0168556
2023-02-15 03:15:00+00:00,2.0168556
2023-02-15 03:30:00+00:00,2.0168556
2023-02-15 03:45:00+00:00,2.0168556
2023-02-15 04:00:00+00:00,2.0168556
2023-02-15 04:15:00+00:00,2.0168556
2023-02-15 04:30:00+00:00,2.0168556
2023-02-15 04:45:00+00:00,2.0168556
2023-02-15 05:00:00+00:00,2.0168556
2023-02-15 05:15:00+00:00,2.0168556
2023-02-15 05:30:00+00:00,2.0168556
2023-02-15 05:45:00+00:00,2.0168556
2023-02-15 06:00:00+00:00,2.0168556
2023-02-15 06:15:00+00:00,2.0168556
2023-02-15 06:30:00+00:00,2.0168556
2023-02-15 06:45:00+00:00,2.0168556
2023-02-15 07:00:00+00:00,2.0168556
2023-02-15 07:15:00+00:00,2.0168556
2023-02-15 07:30:00+00:00,2.0168556
2023-02-15 07:45:00+00:00,2.0168556
2023-02-15 08:00:00+00:00,2.0168556
2023-02-15 08:15:00+00:00,2.0168556
2023-02-15 08:30:00+00:00,2.0168556
2023-02-15 08:45:00+00:00,2.0168556
2023-02-15 09:00:00+00:00,2.0168556
2023-02-15 09:15:00+00:00,2.0168556
2023-02-15 09:30:00+00:00,2.0168556
2023-02-15 09:45:00+00:00,2.0168556
2023-02-15 10:00:00+00:00,2.0168556
2023-02-15 10:15:00+00:00,2.0168556
2023-02-15 10:30:00+00:00,2.0168556
2023-02-15 10:45:00+00:00,2.0168556
2023-02-15 11:00:00+00:00,2.0168556
2023-02-15 11:15:00+00:00,2.0168556
2023-02-15 11:30:00+00:00,2.0168556
2023-02-15 11:45:00+00:00,2.0168556
2023-02-15 12:00:00+00:00,2.0168556
2023-02-15 12:15:00+00:00,2.0168556
2023-02-15 12:30:00+00:00,2.0168556
2023-02-15 12:45:00+00:00,2.0168556
2023-02-15 13:00:00+00:00,2.0168556
2023-02-15 13:15:00+00:00,2.0168556
2023-02-15 13:30:00+00:00,2.0292306444
2023-02-15 13:45:00+00:00,2.0310456
2023-02-15 14:00:00+00:00,2.0310456
2023-02-15 14:15:00+00:00,2.0310456
2023-02-15 14:30:00+00:00,2.0310456
2023-02-15 14:45:00+00:00,2.0310456
2023-02-15 15:00:00+00:00,2.0310456
2023-02-15 15:15:00+00:00,2.0310456
2023-02-15 15:30:00+00:00,2.0310456
2023-02-15 15:45:00+00:00,2.0310456
2023-02-15 16:00:00+00:00,2.0310456
2023-02-15 16:15:00+00:00,2.0310456
2023-02-15 16:30:00+00:00,2.0310456
2023-02-15 16:45:00+00:00,2.0310456
2023-02-15 17:00:00+00:00,2.0310456
2023-02-15 17:15:00+00:00,2.0310456
2023-02-15 17:30:00+00:00,2.0310456
2023-02-15 17:45:00+00:00,2.0310456
2023-02-15 18:00:00+00:00,2.0310456
2023-02-15 18:15:00+00:00,2.0310456
2023-02-15 18:30:00+00:00,2.0310456
2023-02-15 18:45:00+00:00,2.0310456
2023-02-15 19:00:00+00:00,2.0310456
2023-02-15 19:15:00+00:00,2.0310456
2023-02-15 19:30:00+00:00,2.0310456
2023-02-15 19:45:00+00:00,2.0310456
2023-02-15 20:00:00+00:00,2.0310456
2023-02-15 20:15:00+00:00,2.0310456
2023-02-15 20:30:00+00:00,2.0310456
2023-02-15 20:45:00+00:00,2.0310456
2023-02-15 21:00:00+00:00,2.0310456
2023-02-15 21:15:00+00:00,2.0310456
2023-02-15 21:30:00+00:00,2.0310456
2023-02-15 21:45:00+00:00,2.0310456
2023-02-15 22:00:00+00:00,2.0310456
2023-02-15 22:15:00+00:00,2.0310456
2023-02-15 22:30:00+00:00,2.0310456
2023-02-15 22:45:00+00:00,2.0310456
2023-02-15 23:00:00+00:00,2.0310456
2023-02-15 23:15:00+00:00,2.0310456
2023-02-15 23:30:00+00:00,2.0310456
2023-02-15 23:45:00+00:00,2.0310456
2023-02-16 00:00:00+00:00,2.0310456
2023-02-16 00:15:00+00:00,2.0310456
2023-02-16 00:30:00+00:00,2.0310456
2023-02-16 00:45:00+00:00,2.0310456
2023-02-16 01:00:00+00:00,2.0310456
2023-02-16 01:15:00+00:00,2.0310456
2023-02-16 01:30:00+00:00,2.0310456
2023-02-16 01:45:00+00:00,2.0310456
2023-02-16 02:00:00+00:00,2.0310456
2023-02-16 02:15:00+00:00,2.0310456
2023-02-16 02:30:00+00:00,2.0310456
2023-02-16 02:45:00+00:00,2.0310456
2023-02-16 03:00:00+00:00,2.0310456
2023-02-16 03:15:00+00:00,2.0310456
2023-02-16 03:30:00+00:00,2.0310456
2023-02-16 03:45:00+00:00,2.0310456
2023-02-16 04:00:00+00:00,2.0310456
2023-02-16 04:15:00+00:00,2.0310456
2023-02-16 04:30:00+00:00,2.0310456
2023-02-16 04:45:00+00:00,2.0310456
2023-02-16 05:00:00+00:00,2.0310456
2023-02-16 05:15:00+00:00,2.0310456
2023-02-16 05:30:00+00:00,2.0310456
2023-02-16 05:45:00+00:00,2.0310456
2023-02-16 06:00:00+00:00,2.0310456
2023-02-16 06:15:00+00:00,2.0310456
2023-02-16 06:30:00+00:00,2.0310456
2023-02-16 06:45:00+00:00,2.0310456
2023-02-16 07:00:00+00:00,2.0310456
2023-02-16 07:15:00+00:00,2.0310456
2023-02-16 07:30:00+00:00,2.0310456
2023-02-16 07:45:00+00:00,2.0310456
2023-02-16 08:00:00+00:00,2.0310456
2023-02-16 08:15:00+00:00,2.0310456
2023-02-16 08:30:00+00:00,2.0310456
2023-02-16 08:45:00+00:00,2.0310456
2023-02-16 09:00:00+00:00,2.0310456
2023-02-16 09:15:00+00:00,2.0310456
2023-02-16 09:30:00+00:00,2.0310456
2023-02-16 09:45:00+00:00,2.0313628
2023-02-16 10:00:00+00:00,2.0314603
2023-02-16 10:15:00+00:00,2.0314603
2023-02-16 10:30:00+00:00,2.0343605
2023-02-16 10:45:00+00:00,2.0344668
2023-02-16 11:00:00+00:00,2.0357358
2023-02-16 11:15:00+00:00,2.0672195158
2023-02-16 11:30:00+00:00,2.081068074
2023-02-16 11:45:00+00:00,2.1063936121
2023-02-16 12:00:00+00:00,2.1121729
2023-02-16 12:15:00+00:00,2.113587
2023-02-16 12:30:00+00:00,2.113587
2023-02-16 12:45:00+00:00,2.113587
2023-02-16 13:00:00+00:00,2.113811983
2023-02-16 13:15:00+00:00,2.1212336
2023-02-16 13:30:00+00:00,2.1394661
2023-02-16 13:45:00+00:00,2.1394661
2023-02-16 14:00:00+00:00,2.1394661
2023-02-16 14:15:00+00:00,2.1394661
2023-02-16 14:30:00+00:00,2.1394661
2023-02-16 14:45:00+00:00,2.1394661
2023-02-16 15:00:00+00:00,2.1394661
2023-02-16 15:15:00+00:00,2.1394661
2023-02-16 15:30:00+00:00,2.1394661
2023-02-16 15:45:00+00:00,2.1394661
2023-02-16 16:00:00+00:00,2.1394661
2023-02-16 16:15:00+00:00,2.1394661
2023-02-16 16:30:00+00:00,2.1394661
2023-02-16 16:45:00+00:00,2.1394661
2023-02-16 17:00:00+00:00,2.1394661
2023-02-16 17:15:00+00:00,2.1394661
2023-02-16 17:30:00+00:00,2.1394661
2023-02-16 17:45:00+00:00,2.1394661
2023-02-16 18:00:00+00:00,2.1394661
2023-02-16 18:15:00+00:00,2.1394661
2023-02-16 18:30:00+00:00,2.1394661
2023-02-16 18:45:00+00:00,2.1394661
2023-02-16 19:00:00+00:00,2.1394661
2023-02-16 19:15:00+00:00,2.1394661
2023-02-16 19:30:00+00:00,2.1394661
2023-02-16 19:45:00+00:00,2.1394661
2023-02-16 20:00:00+00:00,2.1394661
2023-02-16 20:15:00+00:00,2.1394661
2023-02-16 20:30:00+00:00,2.1394661
2023-02-16 20:45:00+00:00,2.1394661
2023-02-16 21:00:00+00:00,2.1394661
2023-02-16 21:15:00+00:00,2.1394661
2023-02-16 21:30:00+00:00,2.1394661
2023-02-16 21:45:00+00:00,2.1394661
2023-02-16 22:00:00+00:00,2.1394661
2023-02-16 22:15:00+00:00,2.1394661
2023-02-16 22:30:00+00:00,2.1394661
2023-02-16 22:45:00+00:00,2.1394661
2023-02-16 23:00:00+00:00,2.1394661
2023-02-16 23:15:00+00:00,2.1394661
2023-02-16 23:30:00+00:00,2.1394661
2023-02-16 23:45:00+00:00,2.1394661
2023-02-17 00:00:00+00:00,2.1394661
2023-02-17 00:15:00+00:00,2.1394661
2023-02-17 00:30:00+00:00,2.1394661
2023-02-17 00:45:00+00:00,2.1394661
2023-02-17 01:00:00+00:00,2.1394661
2023-02-17 01:15:00+00:00,2.1394661
2023-02-17 01:30:00+00:00,2.1394661
2023-02-17 01:45:00+00:00,2.1394661
2023-02-17 02:00:00+00:00,2.1394661
2023-02-17 02:15:00+00:00,2.1394661
2023-02-17 02:30:00+00:00,2.1394661
2023-02-17 02:45:00+00:00,2.1394661
2023-02-17 03:00:00+00:00,2.1394661
2023-02-17 03:15:00+00:00,2.1394661
2023-02-17 03:30:00+00:00,2.1394661
2023-02-17 03:45:00+00:00,2.1394661
2023-02-17 04:00:00+00:00,2.1394661
2023-02-17 04:15:00+00:00,2.1394661
2023-02-17 04:30:00+00:00,2.1394661
2023-02-17 04:45:00+00:00,2.1394661
2023-02-17 05:00:00+00:00,2.1394661
2023-02-17 05:15:00+00:00,2.1394661
2023-02-17 05:30:00+00:00,2.1394661
2023-02-17 05:45:00+00:00,2.1394661
2023-02-17 06:00:00+00:00,2.1394661
2023-02-17 06:15:00+00:00,2.1394661
2023-02-17 06:30:00+00:00,2.1394661
2023-02-17 06:45:00+00:00,2.1394661
2023-02-17 07:00:00+00:00,2.1394661
2023-02-17 07:15:00+00:00,2.1394661
2023-02-17 07:30:00+00:00,2.1394661
2023-02-17 07:45:00+00:00,2.1394661
2023-02-17 08:00:00+00:00,2.1394661
2023-02-17 08:15:00+00:00,2.1394661
2023-02-17 08:30:00+00:00,2.1394661
2023-02-17 08:45:00+00:00,2.1394661
2023-02-17 09:00:00+00:00,2.1394661
2023-02-17 09:15:00+00:00,2.1394661
2023-02-17 09:30:00+00:00,2.1394661
2023-02-17 09:45:00+00:00,2.1394661
2023-02-17 10:00:00+00:00,2.1394661
2023-02-17 10:15:00+00:00,2.1394661
2023-02-17 10:30:00+00:00,2.1394661
2023-02-17 10:45:00+00:00,2.1394661
2023-02-17 11:00:00+00:00,2.1406320127000003
2023-02-17 11:15:00+00:00,2.1408524
2023-02-17 11:30:00+00:00,2.1408524
2023-02-17 11:45:00+00:00,2.1410918
2023-02-17 12:00:00+00:00,2.1410918
2023-02-17 12:15:00+00:00,2.1410918
2023-02-17 12:30:00+00:00,2.1410918
2023-02-17 12:45:00+00:00,2.1410918
2023-02-17 13:00:00+00:00,2.1410918
2023-02-17 13:15:00+00:00,2.1410918
2023-02-17 13:30:00+00:00,2.1410918
2023-02-17 13:45:00+00:00,2.1410918
2023-02-17 14:00:00+00:00,2.1410918
2023-02-17 14:15:00+00:00,2.1410918
2023-02-17 14:30:00+00:00,2.1410918
2023-02-17 14:45:00+00:00,2.1410918
2023-02-17 15:00:00+00:00,2.1410918
2023-02-17 15:15:00+00:00,2.1410918
2023-02-17 15:30:00+00:00,2.1410918
2023-02-17 15:45:00+00:00,2.1410918
2023-02-17 16:00:00+00:00,2.1410918
2023-02-17 16:15:00+00:00,2.1410918
2023-02-17 16:30:00+00:00,2.1410918
2023-02-17 16:45:00+00:00,2.1410918
2023-02-17 17:00:00+00:00,2.1410918
2023-02-17 17:15:00+00:00,2.1410918
2023-02-17 17:30:00+00:00,2.1410918
2023-02-17 17:45:00+00:00,2.1410918
2023-02-17 18:00:00+00:00,2.1410918
2023-02-17 18:15:00+00:00,2.1410918
2023-02-17 18:30:00+00:00,2.1410918
2023-02-17 18:45:00+00:00,2.1410918
2023-02-17 19:00:00+00:00,2.1410918
2023-02-17 19:15:00+00:00,2.1410918
2023-02-17 19:30:00+00:00,2.1410918
2023-02-17 19:45:00+00:00,2.1410918
2023-02-17 20:00:00+00:00,2.1410918
2023-02-17 20:15:00+00:00,2.1410918
2023-02-17 20:30:00+00:00,2.1410918
2023-02-17 20:45:00+00:00,2.1410918
2023-02-17 21:00:00+00:00,2.1410918
2023-02-17 21:15:00+00:00,2.1410918
2023-02-17 21:30:00+00:00,2.1410918
2023-02-17 21:45:00+00:00,2.1410918
2023-02-17 22:00:00+00:00,2.1410918
2023-02-17 22:15:00+00:00,2.1410918
2023-02-17 22:30:00+00:00,2.1410918
2023-02-17 22:45:00+00:00,2.1410918
2023-02-17 23:00:00+00:00,2.1410918
2023-02-17 23:15:00+00:00,2.1410918
2023-02-17 23:30:00+00:00,2.1410918
2023-02-17 23:45:00+00:00,2.1410918
2023-02-18 00:00:00+00:00,2.1410918
2023-02-18 00:15:00+00:00,2.1410918
2023-02-18 00:30:00+00:00,2.1410918
2023-02-18 00:45:00+00:00,2.1410918
2023-02-18 01:00:00+00:00,2.1410918
2023-02-18 01:15:00+00:00,2.1410918
2023-02-18 01:30:00+00:00,2.1410918
2023-02-18 01:45:00+00:00,2.1410918
2023-02-18 02:00:00+00:00,2.1410918
2023-02-18 02:15:00+00:00,2.1410918
2023-02-18 02:30:00+00:00,2.1410918
2023-02-18 02:45:00+00:00,2.1410918
2023-02-18 03:00:00+00:00,2.1410918
2023-02-18 03:15:00+00:00,2.1410918
2023-02-18 03:30:00+00:00,2.1410918
2023-02-18 03:45:00+00:00,2.1410918
2023-02-18 04:00:00+00:00,2.1410918
2023-02-18 04:15:00+00:00,2.1410918
2023-02-18 04:30:00+00:00,2.1410918
2023-02-18 04:45:00+00:00,2.1410918
2023-02-18 05:00:00+00:00,2.1410918
2023-02-18 05:15:00+00:00,2.1410918
2023-02-18 05:30:00+00:00,2.1410918
2023-02-18 05:45:00+00:00,2.1410918
2023-02-18 06:00:00+00:00,2.1410918
2023-02-18 06:15:00+00:00,2.1410918
2023-02-18 06:30:00+00:00,2.1410918
2023-02-18 06:45:00+00:00,2.1410918
2023-02-18 07:00:00+00:00,2.1410918
2023-02-18 07:15:00+00:00,2.1410918
2023-02-18 07:30:00+00:00,2.1410918
2023-02-18 07:45:00+00:00,2.1410918
2023-02-18 08:00:00+00:00,2.1410918
2023-02-18 08:15:00+00:00,2.1410918
2023-02-18 08:30:00+00:00,2.1410918
2023-02-18 08:45:00+00:00,2.1410918
2023-02-18 09:00:00+00:00,2.1410918
2023-02-18 09:15:00+00:00,2.1410918
2023-02-18 09:30:00+00:00,2.1410918
2023-02-18 09:45:00+00:00,2.1410918
2023-02-18 10:00:00+00:00,2.1410918
2023-02-18 10:15:00+00:00,2.1410918
2023-02-18 10:30:00+00:00,2.1410918
2023-02-18 10:45:00+00:00,2.1410918
2023-02-18 11:00:00+00:00,2.1410918
2023-02-18 11:15:00+00:00,2.1410918
2023-02-18 11:30:00+00:00,2.1410918
2023-02-18 11:45:00+00:00,2.1411199
2023-02-18 12:00:00+00:00,2.1411199
2023-02-18 12:15:00+00:00,2.1411199
2023-02-18 12:30:00+00:00,2.1411199
2023-02-18 12:45:00+00:00,2.1411199
2023-02-18 13:00:00+00:00,2.1411199
2023-02-18 13:15:00+00:00,2.1411199
2023-02-18 13:30:00+00:00,2.1411199
2023-02-18 13:45:00+00:00,2.1411199
2023-02-18 14:00:00+00:00,2.1411199
2023-02-18 14:15:00+00:00,2.1411199
2023-02-18 14:30:00+00:00,2.1411199
2023-02-18 14:45:00+00:00,2.1411199
2023-02-18 15:00:00+00:00,2.1411199
2023-02-18 15:15:00+00:00,2.1411199
2023-02-18 15:30:00+00:00,2.1411199
2023-02-18 15:45:00+00:00,2.1411199
2023-02-18 16:00:00+00:00,2.1411199
2023-02-18 16:15:00+00:00,2.1411199
2023-02-18 16:30:00+00:00,2.1411199
2023-02-18 16:45:00+00:00,2.1411199
2023-02-18 17:00:00+00:00,2.1411199
2023-02-18 17:15:00+00:00,2.1411199
2023-02-18 17:30:00+00:00,2.1411199
2023-02-18 17:45:00+00:00,2.1411199
2023-02-18 18:00:00+00:00,2.1411199
2023-02-18 18:15:00+00:00,2.1411199
2023-02-18 18:30:00+00:00,2.1411199
2023-02-18 18:45:00+00:00,2.1411199
2023-02-18 19:00:00+00:00,2.1411199
2023-02-18 19:15:00+00:00,2.1411199
2023-02-18 19:30:00+00:00,2.1411199
2023-02-18 19:45:00+00:00,2.1411199
2023-02-18 20:00:00+00:00,2.1411199
2023-02-18 20:15:00+00:00,2.1411199
2023-02-18 20:30:00+00:00,2.1411199
2023-02-18 20:45:00+00:00,2.1411199
2023-02-18 21:00:00+00:00,2.1411199
2023-02-18 21:15:00+00:00,2.1411199
2023-02-18 21:30:00+00:00,2.1411199
2023-02-18 21:45:00+00:00,2.1411199
2023-02-18 22:00:00+00:00,2.1411199
2023-02-18 22:15:00+00:00,2.1411199
2023-02-18 22:30:00+00:00,2.1411199
2023-02-18 22:45:00+00:00,2.1411199
2023-02-18 23:00:00+00:00,2.1411199
2023-02-18 23:15:00+00:00,2.1411199
2023-02-18 23:30:00+00:00,2.1411199
2023-02-18 23:45:00+00:00,2.1411199
2023-02-19 00:00:00+00:00,2.1411199
2023-02-19 00:15:00+00:00,2.1411199
2023-02-19 00:30:00+00:00,2.1411199
2023-02-19 00:45:00+00:00,2.1411199
2023-02-19 01:00:00+00:00,2.1411199
2023-02-19 01:15:00+00:00,2.1411199
2023-02-19 01:30:00+00:00,2.1411199
2023-02-19 01:45:00+00:00,2.1411199
2023-02-19 02:00:00+00:00,2.1411199
2023-02-19 02:15:00+00:00,2.1411199
2023-02-19 02:30:00+00:00,2.1411199
2023-02-19 02:45:00+00:00,2.1411199
2023-02-19 03:00:00+00:00,2.1411199
2023-02-19 03:15:00+00:00,2.1411199
2023-02-19 03:30:00+00:00,2.1411199
2023-02-19 03:45:00+00:00,2.1411199
2023-02-19 04:00:00+00:00,2.1411199
2023-02-19 04:15:00+00:00,2.1411199
2023-02-19 04:30:00+00:00,2.1411199
2023-02-19 04:45:00+00:00,2.1411199
2023-02-19 05:00:00+00:00,2.1411199
2023-02-19 05:15:00+00:00,2.1411199
2023-02-19 05:30:00+00:00,2.1411199
2023-02-19 05:45:00+00:00,2.1411199
2023-02-19 06:00:00+00:00,2.1411199
2023-02-19 06:15:00+00:00,2.1411199
2023-02-19 06:30:00+00:00,2.1411199
2023-02-19 06:45:00+00:00,2.1411199
2023-02-19 07:00:00+00:00,2.1411199
2023-02-19 07:15:00+00:00,2.1411199
2023-02-19 07:30:00+00:00,2.1411199
2023-02-19 07:45:00+00:00,2.1411199
2023-02-19 08:00:00+00:00,2.1411199
2023-02-19 08:15:00+00:00,2.1411199
2023-02-19 08:30:00+00:00,2.1411199
2023-02-19 08:45:00+00:00,2.1411199
2023-02-19 09:00:00+00:00,2.1411199
2023-02-19 09:15:00+00:00,2.1411199
2023-02-19 09:30:00+00:00,2.1411199
2023-02-19 09:45:00+00:00,2.1411199
2023-02-19 10:00:00+00:00,2.1411199
2023-02-19 10:15:00+00:00,2.1411199
2023-02-19 10:30:00+00:00,2.1411199
2023-02-19 10:45:00+00:00,2.1411199
2023-02-19 11:00:00+00:00,2.1411199
2023-02-19 11:15:00+00:00,2.1411199
2023-02-19 11:30:00+00:00,2.1411199
2023-02-19 11:45:00+00:00,2.1419864
2023-02-19 12:00:00+00:00,2.1419864
2023-02-19 12:15:00+00:00,2.1419864
2023-02-19 12:30:00+00:00,2.1420122
2023-02-19 12:45:00+00:00,2.1423513
2023-02-19 13:00:00+00:00,2.1423513
2023-02-19 13:15:00+00:00,2.1423513
2023-02-19 13:30:00+00:00,2.1423513
2023-02-19 13:45:00+00:00,2.1423513
2023-02-19 14:00:00+00:00,2.1423513
2023-02-19 14:15:00+00:00,2.1423513
2023-02-19 14:30:00+00:00,2.1423513
2023-02-19 14:45:00+00:00,2.1423513
2023-02-19 15:00:00+00:00,2.1423513
2023-02-19 15:15:00+00:00,2.1423513
2023-02-19 15:30:00+00:00,2.1423513
2023-02-19 15:45:00+00:00,2.1423513
2023-02-19 16:00:00+00:00,2.1423513
2023-02-19 16:15:00+00:00,2.1423513
2023-02-19 16:30:00+00:00,2.1423513
2023-02-19 16:45:00+00:00,2.1423513
2023-02-19 17:00:00+00:00,2.1423513
2023-02-19 17:15:00+00:00,2.1423513
2023-02-19 17:30:00+00:00,2.1423513
2023-02-19 17:45:00+00:00,2.1423513
2023-02-19 18:00:00+00:00,2.1423513
2023-02-19 18:15:00+00:00,2.1423513
2023-02-19 18:30:00+00:00,2.1423513
2023-02-19 18:45:00+00:00,2.1423513
2023-02-19 19:00:00+00:00,2.1423513
2023-02-19 19:15:00+00:00,2.1423513
2023-02-19 19:30:00+00:00,2.1423513
2023-02-19 19:45:00+00:00,2.1423513
2023-02-19 20:00:00+00:00,2.1423513
2023-02-19 20:15:00+00:00,2.1423513
2023-02-19 20:30:00+00:00,2.1423513
2023-02-19 20:45:00+00:00,2.1423513
2023-02-19 21:00:00+00:00,2.1423513
2023-02-19 21:15:00+00:00,2.1423513
2023-02-19 21:30:00+00:00,2.1423513
2023-02-19 21:45:00+00:00,2.1423513
2023-02-19 22:00:00+00:00,2.1423513
2023-02-19 22:15:00+00:00,2.1423513
2023-02-19 22:30:00+00:00,2.1423513
2023-02-19 22:45:00+00:00,2.1423513
2023-02-19 23:00:00+00:00,2.1423513
2023-02-19 23:15:00+00:00,2.1423513
2023-02-19 23:30:00+00:00,2.1423513
2023-02-19 23:45:00+00:00,2.1423513
2023-02-20 00:00:00+00:00,2.1423513
2023-02-20 00:15:00+00:00,2.1423513
2023-02-20 00:30:00+00:00,2.1423513
2023-02-20 00:45:00+00:00,2.1423513
2023-02-20 01:00:00+00:00,2.1423513
2023-02-20 01:15:00+00:00,2.1423513
2023-02-20 01:30:00+00:00,2.1423513
2023-02-20 01:45:00+00:00,2.1423513
2023-02-20 02:00:00+00:00,2.1423513
2023-02-20 02:15:00+00:00,2.1423513
2023-02-20 02:30:00+00:00,2.1423513
2023-02-20 02:45:00+00:00,2.1423513
2023-02-20 03:00:00+00:00,2.1423513
2023-02-20 03:15:00+00:00,2.1423513
2023-02-20 03:30:00+00:00,2.1423513
2023-02-20 03:45:00+00:00,2.1423513
2023-02-20 04:00:00+00:00,2.1423513
2023-02-20 04:15:00+00:00,2.1423513
2023-02-20 04:30:00+00:00,2.1423513
2023-02-20 04:45:00+00:00,2.1423513
2023-02-20 05:00:00+00:00,2.1423513
2023-02-20 05:15:00+00:00,2.1423513
2023-02-20 05:30:00+00:00,2.1423513
2023-02-20 05:45:00+00:00,2.1423513
2023-02-20 06:00:00+00:00,2.1423513
2023-02-20 06:15:00+00:00,2.1423513
2023-02-20 06:30:00+00:00,2.1423513
2023-02-20 06:45:00+00:00,2.1423513
2023-02-20 07:00:00+00:00,2.1423513
2023-02-20 07:15:00+00:00,2.1423513
2023-02-20 07:30:00+00:00,2.1423513
2023-02-20 07:45:00+00:00,2.1423513
2023-02-20 08:00:00+00:00,2.1423513
2023-02-20 08:15:00+00:00,2.1423513
2023-02-20 08:30:00+00:00,2.1423513
2023-02-20 08:45:00+00:00,2.1423513
2023-02-20 09:00:00+00:00,2.1423513
2023-02-20 09:15:00+00:00,2.1423513
2023-02-20 09:30:00+00:00,2.1423513
2023-02-20 09:45:00+00:00,2.1423513
2023-02-20 10:00:00+00:00,2.1423513
2023-02-20 10:15:00+00:00,2.1423513
2023-02-20 10:30:00+00:00,2.1429089
2023-02-20 10:45:00+00:00,2.1430698
2023-02-20 11:00:00+00:00,2.1453297
2023-02-20 11:15:00+00:00,2.1453297
2023-02-20 11:30:00+00:00,2.1453297
2023-02-20 11:45:00+00:00,2.1453297
2023-02-20 12:00:00+00:00,2.1453297
2023-02-20 12:15:00+00:00,2.1453297
2023-02-20 12:30:00+00:00,2.1453297
2023-02-20 12:45:00+00:00,2.1453297
2023-02-20 13:00:00+00:00,2.1453297
2023-02-20 13:15:00+00:00,2.1453297
2023-02-20 13:30:00+00:00,2.1453297
2023-02-20 13:45:00+00:00,2.1453305
2023-02-20 14:00:00+00:00,2.1453305
2023-02-20 14:15:00+00:00,2.1453305
2023-02-20 14:30:00+00:00,2.1453305
2023-02-20 14:45:00+00:00,2.1453305
2023-02-20 15:00:00+00:00,2.145709251
2023-02-20 15:15:00+00:00,2.1477853000000002
2023-02-20 15:30:00+00:00,2.1477853000000002
2023-02-20 15:45:00+00:00,2.1477853000000002
2023-02-20 16:00:00+00:00,2.1477853000000002
2023-02-20 16:15:00+00:00,2.1477853000000002
2023-02-20 16:30:00+00:00,2.1477853000000002
2023-02-20 16:45:00+00:00,2.1477853000000002
2023-02-20 17:00:00+00:00,2.1477853000000002
2023-02-20 17:15:00+00:00,2.1477853000000002
2023-02-20 17:30:00+00:00,2.1477853000000002
2023-02-20 17:45:00+00:00,2.1477853000000002
2023-02-20 18:00:00+00:00,2.1477853000000002
2023-02-20 18:15:00+00:00,2.1477853000000002
2023-02-20 18:30:00+00:00,2.1477853000000002
2023-02-20 18:45:00+00:00,2.1477853000000002
2023-02-20 19:00:00+00:00,2.1477853000000002
2023-02-20 19:15:00+00:00,2.1477853000000002
2023-02-20 19:30:00+00:00,2.1477853000000002
2023-02-20 19:45:00+00:00,2.1477853000000002
2023-02-20 20:00:00+00:00,2.1477853000000002
2023-02-20 20:15:00+00:00,2.1477853000000002
2023-02-20 20:30:00+00:00,2.1477853000000002
2023-02-20 20:45:00+00:00,2.1477853000000002
2023-02-20 21:00:00+00:00,2.1477853000000002
2023-02-20 21:15:00+00:00,2.1477853000000002
2023-02-20 21:30:00+00:00,2.1477853000000002
2023-02-20 21:45:00+00:00,2.1477853000000002
2023-02-20 22:00:00+00:00,2.1477853000000002
2023-02-20 22:15:00+00:00,2.1477853000000002
2023-02-20 22:30:00+00:00,2.1477853000000002
2023-02-20 22:45:00+00:00,2.1477853000000002
2023-02-20 23:00:00+00:00,2.1477853000000002
2023-02-20 23:15:00+00:00,2.1477853000000002
2023-02-20 23:30:00+00:00,2.1477853000000002
2023-02-20 23:45:00+00:00,2.1477853000000002
2023-02-21 00:00:00+00:00,2.1477853000000002
2023-02-21 00:15:00+00:00,2.1477853000000002
2023-02-21 00:30:00+00:00,2.1477853000000002
2023-02-21 00:45:00+00:00,2.1477853000000002
2023-02-21 01:00:00+00:00,2.1477853000000002
2023-02-21 01:15:00+00:00,2.1477853000000002
2023-02-21 01:30:00+00:00,2.1477853000000002
2023-02-21 01:45:00+00:00,2.1477853000000002
2023-02-21 02:00:00+00:00,2.1477853000000002
2023-02-21 02:15:00+00:00,2.1477853000000002
2023-02-21 02:30:00+00:00,2.1477853000000002
2023-02-21 02:45:00+00:00,2.1477853000000002
2023-02-21 03:00:00+00:00,2.1477853000000002
2023-02-21 03:15:00+00:00,2.1477853000000002
2023-02-21 03:30:00+00:00,2.1477853000000002
2023-02-21 03:45:00+00:00,2.1477853000000002
2023-02-21 04:00:00+00:00,2.1477853000000002
2023-02-21 04:15:00+00:00,2.1477853000000002
2023-02-21 04:30:00+00:00,2.1477853000000002
2023-02-21 04:45:00+00:00,2.1477853000000002
2023-02-21 05:00:00+00:00,2.1477853000000002
2023-02-21 05:15:00+00:00,2.1477853000000002
2023-02-21 05:30:00+00:00,2.1477853000000002
2023-02-21 05:45:00+00:00,2.1477853000000002
2023-02-21 06:00:00+00:00,2.1477853000000002
2023-02-21 06:15:00+00:00,2.1477853000000002
2023-02-21 06:30:00+00:00,2.1477853000000002
2023-02-21 06:45:00+00:00,2.1477853000000002
2023-02-21 07:00:00+00:00,2.1477853000000002
2023-02-21 07:15:00+00:00,2.1477853000000002
2023-02-21 07:30:00+00:00,2.1477853000000002
2023-02-21 07:45:00+00:00,2.1477853000000002
2023-02-21 08:00:00+00:00,2.1477853000000002
2023-02-21 08:15:00+00:00,2.1477853000000002
2023-02-21 08:30:00+00:00,2.1477853000000002
2023-02-21 08:45:00+00:00,2.1477853000000002
2023-02-21 09:00:00+00:00,2.1477853000000002
2023-02-21 09:15:00+00:00,2.1477853000000002
2023-02-21 09:30:00+00:00,2.1477853000000002
2023-02-21 09:45:00+00:00,2.149097589
2023-02-21 10:00:00+00:00,2.1511397
2023-02-21 10:15:00+00:00,2.152856
2023-02-21 10:30:00+00:00,2.152856
2023-02-21 10:45:00+00:00,2.1577437
2023-02-21 11:00:00+00:00,2.1621515000000002
2023-02-21 11:15:00+00:00,2.1621515000000002
2023-02-21 11:30:00+00:00,2.1691822319000003
2023-02-21 11:45:00+00:00,2.183054196
2023-02-21 12:00:00+00:00,2.220735368
2023-02-21 12:15:00+00:00,2.262709445
2023-02-21 12:30:00+00:00,2.3145363640000003
2023-02-21 12:45:00+00:00,2.3679954364
2023-02-21 13:00:00+00:00,2.4140469712
2023-02-21 13:15:00+00:00,2.4431329524
2023-02-21 13:30:00+00:00,2.474194535
2023-02-21 13:45:00+00:00,2.4742226
2023-02-21 14:00:00+00:00,2.4742226
2023-02-21 14:15:00+00:00,2.4742226
2023-02-21 14:30:00+00:00,2.4742226
2023-02-21 14:45:00+00:00,2.4742226
2023-02-21 15:00:00+00:00,2.4742226
2023-02-21 15:15:00+00:00,2.4742226
2023-02-21 15:30:00+00:00,2.4742226
2023-02-21 15:45:00+00:00,2.4742226
2023-02-21 16:00:00+00:00,2.4742226
2023-02-21 16:15:00+00:00,2.4742226
2023-02-21 16:30:00+00:00,2.4742226
2023-02-21 16:45:00+00:00,2.4742226
2023-02-21 17:00:00+00:00,2.4742226
2023-02-21 17:15:00+00:00,2.4742226
2023-02-21 17:30:00+00:00,2.4742226
2023-02-21 17:45:00+00:00,2.4742226
2023-02-21 18:00:00+00:00,2.4742226
2023-02-21 18:15:00+00:00,2.4742226
2023-02-21 18:30:00+00:00,2.4742226
2023-02-21 18:45:00+00:00,2.4742226
2023-02-21 19:00:00+00:00,2.4742226
2023-02-21 19:15:00+00:00,2.4742226
2023-02-21 19:30:00+00:00,2.4742226
2023-02-21 19:45:00+00:00,2.4742226
2023-02-21 20:00:00+00:00,2.4742226
2023-02-21 20:15:00+00:00,2.4742226
2023-02-21 20:30:00+00:00,2.4742226
2023-02-21 20:45:00+00:00,2.4742226
2023-02-21 21:00:00+00:00,2.4742226
2023-02-21 21:15:00+00:00,2.4742226
2023-02-21 21:30:00+00:00,2.4742226
2023-02-21 21:45:00+00:00,2.4742226
2023-02-21 22:00:00+00:00,2.4742226
2023-02-21 22:15:00+00:00,2.4742226
2023-02-21 22:30:00+00:00,2.4742226
2023-02-21 22:45:00+00:00,2.4742226
2023-02-21 23:00:00+00:00,2.4742226
2023-02-21 23:15:00+00:00,2.4742226
2023-02-21 23:30:00+00:00,2.4742226
2023-02-21 23:45:00+00:00,2.4742226
2023-02-22 00:00:00+00:00,2.4742226
2023-02-22 00:15:00+00:00,2.4742226
2023-02-22 00:30:00+00:00,2.4742226
2023-02-22 00:45:00+00:00,2.4742226
2023-02-22 01:00:00+00:00,2.4742226
2023-02-22 01:15:00+00:00,2.4742226
2023-02-22 01:30:00+00:00,2.4742226
2023-02-22 01:45:00+00:00,2.4742226
2023-02-22 02:00:00+00:00,2.4742226
2023-02-22 02:15:00+00:00,2.4742226
2023-02-22 02:30:00+00:00,2.4742226
2023-02-22 02:45:00+00:00,2.4742226
2023-02-22 03:00:00+00:00,2.4742226
2023-02-22 03:15:00+00:00,2.4742226
2023-02-22 03:30:00+00:00,2.4742226
2023-02-22 03:45:00+00:00,2.4742226
2023-02-22 04:00:00+00:00,2.4742226
2023-02-22 04:15:00+00:00,2.4742226
2023-02-22 04:30:00+00:00,2.4742226
2023-02-22 04:45:00+00:00,2.4742226
2023-02-22 05:00:00+00:00,2.4742226
2023-02-22 05:15:00+00:00,2.4742226
2023-02-22 05:30:00+00:00,2.4742226
2023-02-22 05:45:00+00:00,2.4742226
2023-02-22 06:00:00+00:00,2.4742226
2023-02-22 06:15:00+00:00,2.4742226
2023-02-22 06:30:00+00:00,2.4742226
2023-02-22 06:45:00+00:00,2.4742226
2023-02-22 07:00:00+00:00,2.4742226
2023-02-22 07:15:00+00:00,2.4742226
2023-02-22 07:30:00+00:00,2.4742226
2023-02-22 07:45:00+00:00,2.4742226
2023-02-22 08:00:00+00:00,2.4742226
2023-02-22 08:15:00+00:00,2.4742226
2023-02-22 08:30:00+00:00,2.4742226
2023-02-22 08:45:00+00:00,2.4742226
2023-02-22 09:00:00+00:00,2.4742226
2023-02-22 09:15:00+00:00,2.4742226
2023-02-22 09:30:00+00:00,2.4742226
2023-02-22 09:45:00+00:00,2.4742226
2023-02-22 10:00:00+00:00,2.4742226
2023-02-22 10:15:00+00:00,2.4742226
2023-02-22 10:30:00+00:00,2.4742226
2023-02-22 10:45:00+00:00,2.4742226
2023-02-22 11:00:00+00:00,2.4742226
2023-02-22 11:15:00+00:00,2.4742226
2023-02-22 11:30:00+00:00,2.4742226
2023-02-22 11:45:00+00:00,2.4742226
2023-02-22 12:00:00+00:00,2.4776248012
2023-02-22 12:15:00+00:00,2.4777608
2023-02-22 12:30:00+00:00,2.4777608
2023-02-22 12:45:00+00:00,2.4777608
2023-02-22 13:00:00+00:00,2.4777608
2023-02-22 13:15:00+00:00,2.4777608
2023-02-22 13:30:00+00:00,2.4777608
2023-02-22 13:45:00+00:00,2.4777608
2023-02-22 14:00:00+00:00,2.4777608
2023-02-22 14:15:00+00:00,2.4777608
2023-02-22 14:30:00+00:00,2.4777608
2023-02-22 14:45:00+00:00,2.4777608
2023-02-22 15:00:00+00:00,2.4777608
2023-02-22 15:15:00+00:00,2.4777608
2023-02-22 15:30:00+00:00,2.4777608
2023-02-22 15:45:00+00:00,2.4777608
2023-02-22 16:00:00+00:00,2.4777608
2023-02-22 16:15:00+00:00,2.4777608
2023-02-22 16:30:00+00:00,2.4777608
2023-02-22 16:45:00+00:00,2.4777608
2023-02-22 17:00:00+00:00,2.4777608
2023-02-22 17:15:00+00:00,2.4777608
2023-02-22 17:30:00+00:00,2.4777608
2023-02-22 17:45:00+00:00,2.4777608
2023-02-22 18:00:00+00:00,2.4777608
2023-02-22 18:15:00+00:00,2.4777608
2023-02-22 18:30:00+00:00,2.4777608
2023-02-22 18:45:00+00:00,2.4777608
2023-02-22 19:00:00+00:00,2.4777608
2023-02-22 19:15:00+00:00,2.4777608
2023-02-22 19:30:00+00:00,2.4777608
2023-02-22 19:45:00+00:00,2.4777608
2023-02-22 20:00:00+00:00,2.4777608
2023-02-22 20:15:00+00:00,2.4777608
2023-02-22 20:30:00+00:00,2.4777608
2023-02-22 20:45:00+00:00,2.4777608
2023-02-22 21:00:00+00:00,2.4777608
2023-02-22 21:15:00+00:00,2.4777608
2023-02-22 21:30:00+00:00,2.4777608
2023-02-22 21:45:00+00:00,2.4777608
2023-02-22 22:00:00+00:00,2.4777608
2023-02-22 22:15:00+00:00,2.4777608
2023-02-22 22:30:00+00:00,2.4777608
2023-02-22 22:45:00+00:00,2.4777608
2023-02-22 23:00:00+00:00,2.4777608
2023-02-22 23:15:00+00:00,2.4777608
2023-02-22 23:30:00+00:00,2.4777608
2023-02-22 23:45:00+00:00,2.4777608
2023-02-23 00:00:00+00:00,2.4777608
2023-02-23 00:15:00+00:00,2.4777608
2023-02-23 00:30:00+00:00,2.4777608
2023-02-23 00:45:00+00:00,2.4777608
2023-02-23 01:00:00+00:00,2.4777608
2023-02-23 01:15:00+00:00,2.4777608
2023-02-23 01:30:00+00:00,2.4777608
2023-02-23 01:45:00+00:00,2.4777608
2023-02-23 02:00:00+00:00,2.4777608
2023-02-23 02:15:00+00:00,2.4777608
2023-02-23 02:30:00+00:00,2.4777608
2023-02-23 02:45:00+00:00,2.4777608
2023-02-23 03:00:00+00:00,2.4777608
2023-02-23 03:15:00+00:00,2.4777608
2023-02-23 03:30:00+00:00,2.4777608
2023-02-23 03:45:00+00:00,2.4777608
2023-02-23 04:00:00+00:00,2.4777608
2023-02-23 04:15:00+00:00,2.4777608
2023-02-23 04:30:00+00:00,2.4777608
2023-02-23 04:45:00+00:00,2.4777608
2023-02-23 05:00:00+00:00,2.4777608
2023-02-23 05:15:00+00:00,2.4777608
2023-02-23 05:30:00+00:00,2.4777608
2023-02-23 05:45:00+00:00,2.4777608
2023-02-23 06:00:00+00:00,2.4777608
2023-02-23 06:15:00+00:00,2.4777608
2023-02-23 06:30:00+00:00,2.4777608
2023-02-23 06:45:00+00:00,2.4777608
2023-02-23 07:00:00+00:00,2.4777608
2023-02-23 07:15:00+00:00,2.4777608
2023-02-23 07:30:00+00:00,2.4777608
2023-02-23 07:45:00+00:00,2.4777608
2023-02-23 08:00:00+00:00,2.4777608
2023-02-23 08:15:00+00:00,2.4777608
2023-02-23 08:30:00+00:00,2.4777608
2023-02-23 08:45:00+00:00,2.4777608
2023-02-23 09:00:00+00:00,2.4777608
2023-02-23 09:15:00+00:00,2.4777608
2023-02-23 09:30:00+00:00,2.4777608
2023-02-23 09:45:00+00:00,2.4777608
2023-02-23 10:00:00+00:00,2.4777608
2023-02-23 10:15:00+00:00,2.4777608
2023-02-23 10:30:00+00:00,2.4777608
2023-02-23 10:45:00+00:00,2.4777608
2023-02-23 11:00:00+00:00,2.4777608
2023-02-23 11:15:00+00:00,2.4777608
2023-02-23 11:30:00+00:00,2.4777608
2023-02-23 11:45:00+00:00,2.4777608
2023-02-23 12:00:00+00:00,2.4777608
2023-02-23 12:15:00+00:00,2.4777608
2023-02-23 12:30:00+00:00,2.4777608
2023-02-23 12:45:00+00:00,2.4777608
2023-02-23 13:00:00+00:00,2.4777608
2023-02-23 13:15:00+00:00,2.4777608
2023-02-23 13:30:00+00:00,2.4777608
2023-02-23 13:45:00+00:00,2.4777608
2023-02-23 14:00:00+00:00,2.4777608
2023-02-23 14:15:00+00:00,2.4777608
2023-02-23 14:30:00+00:00,2.4777608
2023-02-23 14:45:00+00:00,2.4777608
2023-02-23 15:00:00+00:00,2.4777608
2023-02-23 15:15:00+00:00,2.4777608
2023-02-23 15:30:00+00:00,2.4777608
2023-02-23 15:45:00+00:00,2.4777608
2023-02-23 16:00:00+00:00,2.4777608
2023-02-23 16:15:00+00:00,2.4777608
2023-02-23 16:30:00+00:00,2.4777608
2023-02-23 16:45:00+00:00,2.4777608
2023-02-23 17:00:00+00:00,2.4777608
2023-02-23 17:15:00+00:00,2.4777608
2023-02-23 17:30:00+00:00,2.4777608
2023-02-23 17:45:00+00:00,2.4777608
2023-02-23 18:00:00+00:00,2.4777608
2023-02-23 18:15:00+00:00,2.4777608
2023-02-23 18:30:00+00:00,2.4777608
2023-02-23 18:45:00+00:00,2.4777608
2023-02-23 19:00:00+00:00,2.4777608
2023-02-23 19:15:00+00:00,2.4777608
2023-02-23 19:30:00+00:00,2.4777608
2023-02-23 19:45:00+00:00,2.4777608
2023-02-23 20:00:00+00:00,2.4777608
2023-02-23 20:15:00+00:00,2.4777608
2023-02-23 20:30:00+00:00,2.4777608
2023-02-23 20:45:00+00:00,2.4777608
2023-02-23 21:00:00+00:00,2.4777608
2023-02-23 21:15:00+00:00,2.4777608
2023-02-23 21:30:00+00:00,2.4777608
2023-02-23 21:45:00+00:00,2.4777608
2023-02-23 22:00:00+00:00,2.4777608
2023-02-23 22:15:00+00:00,2.4777608
2023-02-23 22:30:00+00:00,2.4777608
2023-02-23 22:45:00+00:00,2.4777608
2023-02-23 23:00:00+00:00,2.4777608
2023-02-23 23:15:00+00:00,2.4777608
2023-02-23 23:30:00+00:00,2.4777608
2023-02-23 23:45:00+00:00,2.4777608
2023-02-24 00:00:00+00:00,2.4777608
2023-02-24 00:15:00+00:00,2.4777608
2023-02-24 00:30:00+00:00,2.4777608
2023-02-24 00:45:00+00:00,2.4777608
2023-02-24 01:00:00+00:00,2.4777608
2023-02-24 01:15:00+00:00,2.4777608
2023-02-24 01:30:00+00:00,2.4777608
2023-02-24 01:45:00+00:00,2.4777608
2023-02-24 02:00:00+00:00,2.4777608
2023-02-24 02:15:00+00:00,2.4777608
2023-02-24 02:30:00+00:00,2.4777608
2023-02-24 02:45:00+00:00,2.4777608
2023-02-24 03:00:00+00:00,2.4777608
2023-02-24 03:15:00+00:00,2.4777608
2023-02-24 03:30:00+00:00,2.4777608
2023-02-24 03:45:00+00:00,2.4777608
2023-02-24 04:00:00+00:00,2.4777608
2023-02-24 04:15:00+00:00,2.4777608
2023-02-24 04:30:00+00:00,2.4777608
2023-02-24 04:45:00+00:00,2.4777608
2023-02-24 05:00:00+00:00,2.4777608
2023-02-24 05:15:00+00:00,2.4777608
2023-02-24 05:30:00+00:00,2.4777608
2023-02-24 05:45:00+00:00,2.4777608
2023-02-24 06:00:00+00:00,2.4777608
2023-02-24 06:15:00+00:00,2.4777608
2023-02-24 06:30:00+00:00,2.4777608
2023-02-24 06:45:00+00:00,2.4777608
2023-02-24 07:00:00+00:00,2.4777608
2023-02-24 07:15:00+00:00,2.4777608
2023-02-24 07:30:00+00:00,2.4777608
2023-02-24 07:45:00+00:00,2.4777608
2023-02-24 08:00:00+00:00,2.4777608
2023-02-24 08:15:00+00:00,2.4777608
2023-02-24 08:30:00+00:00,2.4777608
2023-02-24 08:45:00+00:00,2.4777608
2023-02-24 09:00:00+00:00,2.4777608
2023-02-24 09:15:00+00:00,2.4777608
2023-02-24 09:30:00+00:00,2.4777608
2023-02-24 09:45:00+00:00,2.4777608
2023-02-24 10:00:00+00:00,2.4777608
2023-02-24 10:15:00+00:00,2.4777608
2023-02-24 10:30:00+00:00,2.4777608
2023-02-24 10:45:00+00:00,2.4777608
2023-02-24 11:00:00+00:00,2.4777608
2023-02-24 11:15:00+00:00,2.4777608
2023-02-24 11:30:00+00:00,2.4777608
2023-02-24 11:45:00+00:00,2.4777608
2023-02-24 12:00:00+00:00,2.4777608
2023-02-24 12:15:00+00:00,2.4777608
2023-02-24 12:30:00+00:00,2.4777608
2023-02-24 12:45:00+00:00,2.4777608
2023-02-24 13:00:00+00:00,2.4777608
2023-02-24 13:15:00+00:00,2.4777608
2023-02-24 13:30:00+00:00,2.4777608
2023-02-24 13:45:00+00:00,2.4777608
2023-02-24 14:00:00+00:00,2.4777608
2023-02-24 14:15:00+00:00,2.4777608
2023-02-24 14:30:00+00:00,2.4777608
2023-02-24 14:45:00+00:00,2.4777608
2023-02-24 15:00:00+00:00,2.4777608
2023-02-24 15:15:00+00:00,2.4777608
2023-02-24 15:30:00+00:00,2.4777608
2023-02-24 15:45:00+00:00,2.4777608
2023-02-24 16:00:00+00:00,2.4777608
2023-02-24 16:15:00+00:00,2.4777608
2023-02-24 16:30:00+00:00,2.4777608
2023-02-24 16:45:00+00:00,2.4777608
2023-02-24 17:00:00+00:00,2.4777608
2023-02-24 17:15:00+00:00,2.4777608
2023-02-24 17:30:00+00:00,2.4777608
2023-02-24 17:45:00+00:00,2.4777608
2023-02-24 18:00:00+00:00,2.4777608
2023-02-24 18:15:00+00:00,2.4777608
2023-02-24 18:30:00+00:00,2.4777608
2023-02-24 18:45:00+00:00,2.4777608
2023-02-24 19:00:00+00:00,2.4777608
2023-02-24 19:15:00+00:00,2.4777608
2023-02-24 19:30:00+00:00,2.4777608
2023-02-24 19:45:00+00:00,2.4777608
2023-02-24 20:00:00+00:00,2.4777608
2023-02-24 20:15:00+00:00,2.4777608
2023-02-24 20:30:00+00:00,2.4777608
2023-02-24 20:45:00+00:00,2.4777608
2023-02-24 21:00:00+00:00,2.4777608
2023-02-24 21:15:00+00:00,2.4777608
2023-02-24 21:30:00+00:00,2.4777608
2023-02-24 21:45:00+00:00,2.4777608
2023-02-24 22:00:00+00:00,2.4777608
2023-02-24 22:15:00+00:00,2.4777608
2023-02-24 22:30:00+00:00,2.4777608
2023-02-24 22:45:00+00:00,2.4777608
2023-02-24 23:00:00+00:00,2.4777608
2023-02-24 23:15:00+00:00,2.4777608
2023-02-24 23:30:00+00:00,2.4777608
2023-02-24 23:45:00+00:00,2.4777608
2023-02-25 00:00:00+00:00,2.4777608
2023-02-25 00:15:00+00:00,2.4777608
2023-02-25 00:30:00+00:00,2.4777608
2023-02-25 00:45:00+00:00,2.4777608
2023-02-25 01:00:00+00:00,2.4777608
2023-02-25 01:15:00+00:00,2.4777608
2023-02-25 01:30:00+00:00,2.4777608
2023-02-25 01:45:00+00:00,2.4777608
2023-02-25 02:00:00+00:00,2.4777608
2023-02-25 02:15:00+00:00,2.4777608
2023-02-25 02:30:00+00:00,2.4777608
2023-02-25 02:45:00+00:00,2.4777608
2023-02-25 03:00:00+00:00,2.4777608
2023-02-25 03:15:00+00:00,2.4777608
2023-02-25 03:30:00+00:00,2.4777608
2023-02-25 03:45:00+00:00,2.4777608
2023-02-25 04:00:00+00:00,2.4777608
2023-02-25 04:15:00+00:00,2.4777608
2023-02-25 04:30:00+00:00,2.4777608
2023-02-25 04:45:00+00:00,2.4777608
2023-02-25 05:00:00+00:00,2.4777608
2023-02-25 05:15:00+00:00,2.4777608
2023-02-25 05:30:00+00:00,2.4777608
2023-02-25 05:45:00+00:00,2.4777608
2023-02-25 06:00:00+00:00,2.4777608
2023-02-25 06:15:00+00:00,2.4777608
2023-02-25 06:30:00+00:00,2.4777608
2023-02-25 06:45:00+00:00,2.4777608
2023-02-25 07:00:00+00:00,2.4777608
2023-02-25 07:15:00+00:00,2.4777608
2023-02-25 07:30:00+00:00,2.4777608
2023-02-25 07:45:00+00:00,2.4777608
2023-02-25 08:00:00+00:00,2.4777608
2023-02-25 08:15:00+00:00,2.4777608
2023-02-25 08:30:00+00:00,2.4777608
2023-02-25 08:45:00+00:00,2.4777608
2023-02-25 09:00:00+00:00,2.4777608
2023-02-25 09:15:00+00:00,2.4777608
2023-02-25 09:30:00+00:00,2.4777608
2023-02-25 09:45:00+00:00,2.4777608
2023-02-25 10:00:00+00:00,2.4777608
2023-02-25 10:15:00+00:00,2.4777608
2023-02-25 10:30:00+00:00,2.4777608
2023-02-25 10:45:00+00:00,2.4777608
2023-02-25 11:00:00+00:00,2.4777608
2023-02-25 11:15:00+00:00,2.4777608
2023-02-25 11:30:00+00:00,2.4777608
2023-02-25 11:45:00+00:00,2.4777608
2023-02-25 12:00:00+00:00,2.4777608
2023-02-25 12:15:00+00:00,2.4777608
2023-02-25 12:30:00+00:00,2.4777608
2023-02-25 12:45:00+00:00,2.4777608
2023-02-25 13:00:00+00:00,2.4777608
2023-02-25 13:15:00+00:00,2.4777608
2023-02-25 13:30:00+00:00,2.4777608
2023-02-25 13:45:00+00:00,2.4777608
2023-02-25 14:00:00+00:00,2.4777608
2023-02-25 14:15:00+00:00,2.4777608
2023-02-25 14:30:00+00:00,2.4777608
2023-02-25 14:45:00+00:00,2.4777608
2023-02-25 15:00:00+00:00,2.4777608
2023-02-25 15:15:00+00:00,2.481081
2023-02-25 15:30:00+00:00,2.4817334
2023-02-25 15:45:00+00:00,2.4817334
2023-02-25 16:00:00+00:00,2.4817334
2023-02-25 16:15:00+00:00,2.4817334
2023-02-25 16:30:00+00:00,2.4817334
2023-02-25 16:45:00+00:00,2.4817334
2023-02-25 17:00:00+00:00,2.4817334
2023-02-25 17:15:00+00:00,2.4817334
2023-02-25 17:30:00+00:00,2.4817334
2023-02-25 17:45:00+00:00,2.4817334
2023-02-25 18:00:00+00:00,2.4817334
2023-02-25 18:15:00+00:00,2.4817334
2023-02-25 18:30:00+00:00,2.4817334
2023-02-25 18:45:00+00:00,2.4817334
2023-02-25 19:00:00+00:00,2.4817334
2023-02-25 19:15:00+00:00,2.4817334
2023-02-25 19:30:00+00:00,2.4817334
2023-02-25 19:45:00+00:00,2.4817334
2023-02-25 20:00:00+00:00,2.4817334
2023-02-25 20:15:00+00:00,2.4817334
2023-02-25 20:30:00+00:00,2.4817334
2023-02-25 20:45:00+00:00,2.4817334
2023-02-25 21:00:00+00:00,2.4817334
2023-02-25 21:15:00+00:00,2.4817334
2023-02-25 21:30:00+00:00,2.4817334
2023-02-25 21:45:00+00:00,2.4817334
2023-02-25 22:00:00+00:00,2.4817334
2023-02-25 22:15:00+00:00,2.4817334
2023-02-25 22:30:00+00:00,2.4817334
2023-02-25 22:45:00+00:00,2.4817334
2023-02-25 23:00:00+00:00,2.4817334
2023-02-25 23:15:00+00:00,2.4817334
2023-02-25 23:30:00+00:00,2.4817334
2023-02-25 23:45:00+00:00,2.4817334
2023-02-26 00:00:00+00:00,2.4817334
2023-02-26 00:15:00+00:00,2.4817334
2023-02-26 00:30:00+00:00,2.4817334
2023-02-26 00:45:00+00:00,2.4817334
2023-02-26 01:00:00+00:00,2.4817334
2023-02-26 01:15:00+00:00,2.4817334
2023-02-26 01:30:00+00:00,2.4817334
2023-02-26 01:45:00+00:00,2.4817334
2023-02-26 02:00:00+00:00,2.4817334
2023-02-26 02:15:00+00:00,2.4817334
2023-02-26 02:30:00+00:00,2.4817334
2023-02-26 02:45:00+00:00,2.4817334
2023-02-26 03:00:00+00:00,2.4817334
2023-02-26 03:15:00+00:00,2.4817334
2023-02-26 03:30:00+00:00,2.4817334
2023-02-26 03:45:00+00:00,2.4817334
2023-02-26 04:00:00+00:00,2.4817334
2023-02-26 04:15:00+00:00,2.4817334
2023-02-26 04:30:00+00:00,2.4817334
2023-02-26 04:45:00+00:00,2.4817334
2023-02-26 05:00:00+00:00,2.4817334
2023-02-26 05:15:00+00:00,2.4817334
2023-02-26 05:30:00+00:00,2.4817334
2023-02-26 05:45:00+00:00,2.4817334
2023-02-26 06:00:00+00:00,2.4817334
2023-02-26 06:15:00+00:00,2.4817334
2023-02-26 06:30:00+00:00,2.4817334
2023-02-26 06:45:00+00:00,2.4817334
2023-02-26 07:00:00+00:00,2.4817334
2023-02-26 07:15:00+00:00,2.4817334
2023-02-26 07:30:00+00:00,2.4817334
2023-02-26 07:45:00+00:00,2.4817334
2023-02-26 08:00:00+00:00,2.4817334
2023-02-26 08:15:00+00:00,2.4817334
2023-02-26 08:30:00+00:00,2.4817334
2023-02-26 08:45:00+00:00,2.4817334
2023-02-26 09:00:00+00:00,2.4817334
2023-02-26 09:15:00+00:00,2.4817334
2023-02-26 09:30:00+00:00,2.4817334
2023-02-26 09:45:00+00:00,2.4817334
2023-02-26 10:00:00+00:00,2.4817334
2023-02-26 10:15:00+00:00,2.4817334
2023-02-26 10:30:00+00:00,2.4817334
2023-02-26 10:45:00+00:00,2.4817334
2023-02-26 11:00:00+00:00,2.4817334
2023-02-26 11:15:00+00:00,2.4817334
2023-02-26 11:30:00+00:00,2.4817334
2023-02-26 11:45:00+00:00,2.4817334
2023-02-26 12:00:00+00:00,2.4817334
2023-02-26 12:15:00+00:00,2.4817334
2023-02-26 12:30:00+00:00,2.4817334
2023-02-26 12:45:00+00:00,2.4817334
2023-02-26 13:00:00+00:00,2.4817334
2023-02-26 13:15:00+00:00,2.4817334
2023-02-26 13:30:00+00:00,2.4817334
2023-02-26 13:45:00+00:00,2.4817334
2023-02-26 14:00:00+00:00,2.4817334
2023-02-26 14:15:00+00:00,2.4817334
2023-02-26 14:30:00+00:00,2.4817334
2023-02-26 14:45:00+00:00,2.4817334
2023-02-26 15:00:00+00:00,2.4817334
2023-02-26 15:15:00+00:00,2.4817334
2023-02-26 15:30:00+00:00,2.4817334
2023-02-26 15:45:00+00:00,2.4817334
2023-02-26 16:00:00+00:00,2.4817334
2023-02-26 16:15:00+00:00,2.4817334
2023-02-26 16:30:00+00:00,2.4817334
2023-02-26 16:45:00+00:00,2.4817334
2023-02-26 17:00:00+00:00,2.4817334
2023-02-26 17:15:00+00:00,2.4817334
2023-02-26 17:30:00+00:00,2.4817334
2023-02-26 17:45:00+00:00,2.4817334
2023-02-26 18:00:00+00:00,2.4817334
2023-02-26 18:15:00+00:00,2.4817334
2023-02-26 18:30:00+00:00,2.4817334
2023-02-26 18:45:00+00:00,2.4817334
2023-02-26 19:00:00+00:00,2.4817334
2023-02-26 19:15:00+00:00,2.4817334
2023-02-26 19:30:00+00:00,2.4817334
2023-02-26 19:45:00+00:00,2.4817334
2023-02-26 20:00:00+00:00,2.4817334
2023-02-26 20:15:00+00:00,2.4817334
2023-02-26 20:30:00+00:00,2.4817334
2023-02-26 20:45:00+00:00,2.4817334
2023-02-26 21:00:00+00:00,2.4817334
2023-02-26 21:15:00+00:00,2.4817334
2023-02-26 21:30:00+00:00,2.4817334
2023-02-26 21:45:00+00:00,2.4817334
2023-02-26 22:00:00+00:00,2.4817334
2023-02-26 22:15:00+00:00,2.4817334
2023-02-26 22:30:00+00:00,2.4817334
2023-02-26 22:45:00+00:00,2.4817334
2023-02-26 23:00:00+00:00,2.4817334
2023-02-26 23:15:00+00:00,2.4817334
2023-02-26 23:30:00+00:00,2.4817334
2023-02-26 23:45:00+00:00,2.4817334
2023-02-27 00:00:00+00:00,2.4817334
2023-02-27 00:15:00+00:00,2.4817334
2023-02-27 00:30:00+00:00,2.4817334
2023-02-27 00:45:00+00:00,2.4817334
2023-02-27 01:00:00+00:00,2.4817334
2023-02-27 01:15:00+00:00,2.4817334
2023-02-27 01:30:00+00:00,2.4817334
2023-02-27 01:45:00+00:00,2.4817334
2023-02-27 02:00:00+00:00,2.4817334
2023-02-27 02:15:00+00:00,2.4817334
2023-02-27 02:30:00+00:00,2.4817334
2023-02-27 02:45:00+00:00,2.4817334
2023-02-27 03:00:00+00:00,2.4817334
2023-02-27 03:15:00+00:00,2.4817334
2023-02-27 03:30:00+00:00,2.4817334
2023-02-27 03:45:00+00:00,2.4817334
2023-02-27 04:00:00+00:00,2.4817334
2023-02-27 04:15:00+00:00,2.4817334
2023-02-27 04:30:00+00:00,2.4817334
2023-02-27 04:45:00+00:00,2.4817334
2023-02-27 05:00:00+00:00,2.4817334
2023-02-27 05:15:00+00:00,2.4817334
2023-02-27 05:30:00+00:00,2.4817334
2023-02-27 05:45:00+00:00,2.4817334
2023-02-27 06:00:00+00:00,2.4817334
2023-02-27 06:15:00+00:00,2.4817334
2023-02-27 06:30:00+00:00,2.4817334
2023-02-27 06:45:00+00:00,2.4817334
2023-02-27 07:00:00+00:00,2.4817334
2023-02-27 07:15:00+00:00,2.4817334
2023-02-27 07:30:00+00:00,2.4817334
2023-02-27 07:45:00+00:00,2.4817334
2023-02-27 08:00:00+00:00,2.4817334
2023-02-27 08:15:00+00:00,2.4817334
2023-02-27 08:30:00+00:00,2.4817334
2023-02-27 08:45:00+00:00,2.4817334
2023-02-27 09:00:00+00:00,2.4817334
2023-02-27 09:15:00+00:00,2.4817334
2023-02-27 09:30:00+00:00,2.4817334
2023-02-27 09:45:00+00:00,2.4817334
2023-02-27 10:00:00+00:00,2.4817334
2023-02-27 10:15:00+00:00,2.4817417
2023-02-27 10:30:00+00:00,2.4817631
2023-02-27 10:45:00+00:00,2.4817631
2023-02-27 11:00:00+00:00,2.4817631
2023-02-27 11:15:00+00:00,2.4884955
2023-02-27 11:30:00+00:00,2.506599786
2023-02-27 11:45:00+00:00,2.5454646313000002
2023-02-27 12:00:00+00:00,2.5733127000000002
2023-02-27 12:15:00+00:00,2.59059811
2023-02-27 12:30:00+00:00,2.612591
2023-02-27 12:45:00+00:00,2.6226264
2023-02-27 13:00:00+00:00,2.6288188018
2023-02-27 13:15:00+00:00,2.6388862704
2023-02-27 13:30:00+00:00,2.6403435
2023-02-27 13:45:00+00:00,2.644683
2023-02-27 14:00:00+00:00,2.644683
2023-02-27 14:15:00+00:00,2.644683
2023-02-27 14:30:00+00:00,2.644683
2023-02-27 14:45:00+00:00,2.644683
2023-02-27 15:00:00+00:00,2.644683
2023-02-27 15:15:00+00:00,2.644683
2023-02-27 15:30:00+00:00,2.644683
2023-02-27 15:45:00+00:00,2.644683
2023-02-27 16:00:00+00:00,2.644683
2023-02-27 16:15:00+00:00,2.644683
2023-02-27 16:30:00+00:00,2.644683
2023-02-27 16:45:00+00:00,2.644683
2023-02-27 17:00:00+00:00,2.644683
2023-02-27 17:15:00+00:00,2.644683
2023-02-27 17:30:00+00:00,2.644683
2023-02-27 17:45:00+00:00,2.644683
2023-02-27 18:00:00+00:00,2.644683
2023-02-27 18:15:00+00:00,2.644683
2023-02-27 18:30:00+00:00,2.644683
2023-02-27 18:45:00+00:00,2.644683
2023-02-27 19:00:00+00:00,2.644683
2023-02-27 19:15:00+00:00,2.644683
2023-02-27 19:30:00+00:00,2.644683
2023-02-27 19:45:00+00:00,2.644683
2023-02-27 20:00:00+00:00,2.644683
2023-02-27 20:15:00+00:00,2.644683
2023-02-27 20:30:00+00:00,2.644683
2023-02-27 20:45:00+00:00,2.644683
2023-02-27 21:00:00+00:00,2.644683
2023-02-27 21:15:00+00:00,2.644683
2023-02-27 21:30:00+00:00,2.644683
2023-02-27 21:45:00+00:00,2.644683
2023-02-27 22:00:00+00:00,2.644683
2023-02-27 22:15:00+00:00,2.644683
2023-02-27 22:30:00+00:00,2.644683
2023-02-27 22:45:00+00:00,2.644683
2023-02-27 23:00:00+00:00,2.644683
2023-02-27 23:15:00+00:00,2.644683
2023-02-27 23:30:00+00:00,2.644683
2023-02-27 23:45:00+00:00,2.644683
2023-02-28 00:00:00+00:00,2.644683
2023-02-28 00:15:00+00:00,2.644683
2023-02-28 00:30:00+00:00,2.644683
2023-02-28 00:45:00+00:00,2.644683
2023-02-28 01:00:00+00:00,2.644683
2023-02-28 01:15:00+00:00,2.644683
2023-02-28 01:30:00+00:00,2.644683
2023-02-28 01:45:00+00:00,2.644683
2023-02-28 02:00:00+00:00,2.644683
2023-02-28 02:15:00+00:00,2.644683
2023-02-28 02:30:00+00:00,2.644683
2023-02-28 02:45:00+00:00,2.644683
2023-02-28 03:00:00+00:00,2.644683
2023-02-28 03:15:00+00:00,2.644683
2023-02-28 03:30:00+00:00,2.644683
2023-02-28 03:45:00+00:00,2.644683
2023-02-28 04:00:00+00:00,2.644683
2023-02-28 04:15:00+00:00,2.644683
2023-02-28 04:30:00+00:00,2.644683
2023-02-28 04:45:00+00:00,2.644683
2023-02-28 05:00:00+00:00,2.644683
2023-02-28 05:15:00+00:00,2.644683
2023-02-28 05:30:00+00:00,2.644683
2023-02-28 05:45:00+00:00,2.644683
2023-02-28 06:00:00+00:00,2.644683
2023-02-28 06:15:00+00:00,2.644683
2023-02-28 06:30:00+00:00,2.644683
2023-02-28 06:45:00+00:00,2.644683
2023-02-28 07:00:00+00:00,2.644683
2023-02-28 07:15:00+00:00,2.644683
2023-02-28 07:30:00+00:00,2.644683
2023-02-28 07:45:00+00:00,2.644683
2023-02-28 08:00:00+00:00,2.644683
2023-02-28 08:15:00+00:00,2.644683
2023-02-28 08:30:00+00:00,2.644683
2023-02-28 08:45:00+00:00,2.644683
2023-02-28 09:00:00+00:00,2.644683
2023-02-28 09:15:00+00:00,2.644683
2023-02-28 09:30:00+00:00,2.644683
2023-02-28 09:45:00+00:00,2.644683
2023-02-28 10:00:00+00:00,2.644683
2023-02-28 10:15:00+00:00,2.644683
2023-02-28 10:30:00+00:00,2.644683
2023-02-28 10:45:00+00:00,2.644683
2023-02-28 11:00:00+00:00,2.644683
2023-02-28 11:15:00+00:00,2.644683
2023-02-28 11:30:00+00:00,2.644683
2023-02-28 11:45:00+00:00,2.644683
2023-02-28 12:00:00+00:00,2.645103
2023-02-28 12:15:00+00:00,2.6451074
2023-02-28 12:30:00+00:00,2.6471608
2023-02-28 12:45:00+00:00,2.6617972
2023-02-28 13:00:00+00:00,2.6622611000000003
2023-02-28 13:15:00+00:00,2.6706149
2023-02-28 13:30:00+00:00,2.6709284
2023-02-28 13:45:00+00:00,2.6709284
2023-02-28 14:00:00+00:00,2.6709284
2023-02-28 14:15:00+00:00,2.6709284
2023-02-28 14:30:00+00:00,2.6709284
2023-02-28 14:45:00+00:00,2.6709284
2023-02-28 15:00:00+00:00,2.6710944000000003
2023-02-28 15:15:00+00:00,2.6710944000000003
2023-02-28 15:30:00+00:00,2.6710944000000003
2023-02-28 15:45:00+00:00,2.6710944000000003
2023-02-28 16:00:00+00:00,2.6710944000000003
2023-02-28 16:15:00+00:00,2.6710944000000003
2023-02-28 16:30:00+00:00,2.6710944000000003
2023-02-28 16:45:00+00:00,2.6710944000000003
2023-02-28 17:00:00+00:00,2.6710944000000003
2023-02-28 17:15:00+00:00,2.6710944000000003
2023-02-28 17:30:00+00:00,2.6710944000000003
2023-02-28 17:45:00+00:00,2.6710944000000003
2023-02-28 18:00:00+00:00,2.6710944000000003
2023-02-28 18:15:00+00:00,2.6710944000000003
2023-02-28 18:30:00+00:00,2.6710944000000003
2023-02-28 18:45:00+00:00,2.6710944000000003
2023-02-28 19:00:00+00:00,2.6710944000000003
2023-02-28 19:15:00+00:00,2.6710944000000003
2023-02-28 19:30:00+00:00,2.6710944000000003
2023-02-28 19:45:00+00:00,2.6710944000000003
2023-02-28 20:00:00+00:00,2.6710944000000003
2023-02-28 20:15:00+00:00,2.6710944000000003
2023-02-28 20:30:00+00:00,2.6710944000000003
2023-02-28 20:45:00+00:00,2.6710944000000003
2023-02-28 21:00:00+00:00,2.6710944000000003
2023-02-28 21:15:00+00:00,2.6710944000000003
2023-02-28 21:30:00+00:00,2.6710944000000003
2023-02-28 21:45:00+00:00,2.6710944000000003
2023-02-28 22:00:00+00:00,2.6710944000000003
2023-02-28 22:15:00+00:00,2.6710944000000003
2023-02-28 22:30:00+00:00,2.6710944000000003
2023-02-28 22:45:00+00:00,2.6710944000000003
2023-02-28 23:00:00+00:00,2.6710944000000003
2023-02-28 23:15:00+00:00,2.6710944000000003
2023-02-28 23:30:00+00:00,2.6710944000000003
2023-02-28 23:45:00+00:00,2.6710944000000003
2023-03-01 00:00:00+00:00,2.6710944000000003
2023-03-01 00:15:00+00:00,2.6710944000000003
2023-03-01 00:30:00+00:00,2.6710944000000003
2023-03-01 00:45:00+00:00,2.6710944000000003
2023-03-01 01:00:00+00:00,2.6710944000000003
2023-03-01 01:15:00+00:00,2.6710944000000003
2023-03-01 01:30:00+00:00,2.6710944000000003
2023-03-01 01:45:00+00:00,2.6710944000000003
2023-03-01 02:00:00+00:00,2.6710944000000003
2023-03-01 02:15:00+00:00,2.6710944000000003
2023-03-01 02:30:00+00:00,2.6710944000000003
2023-03-01 02:45:00+00:00,2.6710944000000003
2023-03-01 03:00:00+00:00,2.6710944000000003
2023-03-01 03:15:00+00:00,2.6710944000000003
2023-03-01 03:30:00+00:00,2.6710944000000003
2023-03-01 03:45:00+00:00,2.6710944000000003
2023-03-01 04:00:00+00:00,2.6710944000000003
2023-03-01 04:15:00+00:00,2.6710944000000003
2023-03-01 04:30:00+00:00,2.6710944000000003
2023-03-01 04:45:00+00:00,2.6710944000000003
2023-03-01 05:00:00+00:00,2.6710944000000003
2023-03-01 05:15:00+00:00,2.6710944000000003
2023-03-01 05:30:00+00:00,2.6710944000000003
2023-03-01 05:45:00+00:00,2.6710944000000003
2023-03-01 06:00:00+00:00,2.6710944000000003
2023-03-01 06:15:00+00:00,2.6710944000000003
2023-03-01 06:30:00+00:00,2.6710944000000003
2023-03-01 06:45:00+00:00,2.6710944000000003
2023-03-01 07:00:00+00:00,2.6710944000000003
2023-03-01 07:15:00+00:00,2.6710944000000003
2023-03-01 07:30:00+00:00,2.6710944000000003
2023-03-01 07:45:00+00:00,2.6710944000000003
2023-03-01 08:00:00+00:00,2.6710944000000003
2023-03-01 08:15:00+00:00,2.6710944000000003
2023-03-01 08:30:00+00:00,2.6710944000000003
2023-03-01 08:45:00+00:00,2.6710944000000003
2023-03-01 09:00:00+00:00,2.6710944000000003
2023-03-01 09:15:00+00:00,2.6710944000000003
2023-03-01 09:30:00+00:00,2.6710944000000003
2023-03-01 09:45:00+00:00,2.6710944000000003
2023-03-01 10:00:00+00:00,2.6710944000000003
2023-03-01 10:15:00+00:00,2.6710967
2023-03-01 10:30:00+00:00,2.6715326200000002
2023-03-01 10:45:00+00:00,2.6748279
2023-03-01 11:00:00+00:00,2.6748556
2023-03-01 11:15:00+00:00,2.6869568527000003
2023-03-01 11:30:00+00:00,2.695878614
2023-03-01 11:45:00+00:00,2.6972704692000002
2023-03-01 12:00:00+00:00,2.7039431726000003
2023-03-01 12:15:00+00:00,2.7161303103
2023-03-01 12:30:00+00:00,2.7247926025
2023-03-01 12:45:00+00:00,2.7326528
2023-03-01 13:00:00+00:00,2.732683279
2023-03-01 13:15:00+00:00,2.7369778
2023-03-01 13:30:00+00:00,2.7401850627
2023-03-01 13:45:00+00:00,2.7517978000000003
2023-03-01 14:00:00+00:00,2.7517978000000003
2023-03-01 14:15:00+00:00,2.7517978000000003
2023-03-01 14:30:00+00:00,2.7517978000000003
2023-03-01 14:45:00+00:00,2.7517978000000003
2023-03-01 15:00:00+00:00,2.7517978000000003
2023-03-01 15:15:00+00:00,2.7517978000000003
2023-03-01 15:30:00+00:00,2.7517978000000003
2023-03-01 15:45:00+00:00,2.7517978000000003
2023-03-01 16:00:00+00:00,2.7517978000000003
2023-03-01 16:15:00+00:00,2.7517978000000003
2023-03-01 16:30:00+00:00,2.7517978000000003
2023-03-01 16:45:00+00:00,2.7517978000000003
2023-03-01 17:00:00+00:00,2.7517978000000003
2023-03-01 17:15:00+00:00,2.7517978000000003
2023-03-01 17:30:00+00:00,2.7517978000000003
2023-03-01 17:45:00+00:00,2.7517978000000003
2023-03-01 18:00:00+00:00,2.7517978000000003
2023-03-01 18:15:00+00:00,2.7517978000000003
2023-03-01 18:30:00+00:00,2.7517978000000003
2023-03-01 18:45:00+00:00,2.7517978000000003
2023-03-01 19:00:00+00:00,2.7517978000000003
2023-03-01 19:15:00+00:00,2.7517978000000003
2023-03-01 19:30:00+00:00,2.7517978000000003
2023-03-01 19:45:00+00:00,2.7517978000000003
2023-03-01 20:00:00+00:00,2.7517978000000003
2023-03-01 20:15:00+00:00,2.7517978000000003
2023-03-01 20:30:00+00:00,2.7517978000000003
2023-03-01 20:45:00+00:00,2.7517978000000003
2023-03-01 21:00:00+00:00,2.7517978000000003
2023-03-01 21:15:00+00:00,2.7517978000000003
2023-03-01 21:30:00+00:00,2.7517978000000003
2023-03-01 21:45:00+00:00,2.7517978000000003
2023-03-01 22:00:00+00:00,2.7517978000000003
2023-03-01 22:15:00+00:00,2.7517978000000003
2023-03-01 22:30:00+00:00,2.7517978000000003
2023-03-01 22:45:00+00:00,2.7517978000000003
2023-03-01 23:00:00+00:00,2.7517978000000003
2023-03-01 23:15:00+00:00,2.7517978000000003
2023-03-01 23:30:00+00:00,2.7517978000000003
2023-03-01 23:45:00+00:00,2.7517978000000003
2023-03-02 00:00:00+00:00,2.7517978000000003
2023-03-02 00:15:00+00:00,2.7517978000000003
2023-03-02 00:30:00+00:00,2.7517978000000003
2023-03-02 00:45:00+00:00,2.7517978000000003
2023-03-02 01:00:00+00:00,2.7517978000000003
2023-03-02 01:15:00+00:00,2.7517978000000003
2023-03-02 01:30:00+00:00,2.7517978000000003
2023-03-02 01:45:00+00:00,2.7517978000000003
2023-03-02 02:00:00+00:00,2.7517978000000003
2023-03-02 02:15:00+00:00,2.7517978000000003
2023-03-02 02:30:00+00:00,2.7517978000000003
2023-03-02 02:45:00+00:00,2.7517978000000003
2023-03-02 03:00:00+00:00,2.7517978000000003
2023-03-02 03:15:00+00:00,2.7517978000000003
2023-03-02 03:30:00+00:00,2.7517978000000003
2023-03-02 03:45:00+00:00,2.7517978000000003
2023-03-02 04:00:00+00:00,2.7517978000000003
2023-03-02 04:15:00+00:00,2.7517978000000003
2023-03-02 04:30:00+00:00,2.7517978000000003
2023-03-02 04:45:00+00:00,2.7517978000000003
2023-03-02 05:00:00+00:00,2.7517978000000003
2023-03-02 05:15:00+00:00,2.7517978000000003
2023-03-02 05:30:00+00:00,2.7517978000000003
2023-03-02 05:45:00+00:00,2.7517978000000003
2023-03-02 06:00:00+00:00,2.7517978000000003
2023-03-02 06:15:00+00:00,2.7517978000000003
2023-03-02 06:30:00+00:00,2.7517978000000003
2023-03-02 06:45:00+00:00,2.7517978000000003
2023-03-02 07:00:00+00:00,2.7517978000000003
2023-03-02 07:15:00+00:00,2.7517978000000003
2023-03-02 07:30:00+00:00,2.7517978000000003
2023-03-02 07:45:00+00:00,2.7517978000000003
2023-03-02 08:00:00+00:00,2.7517978000000003
2023-03-02 08:15:00+00:00,2.7517978000000003
2023-03-02 08:30:00+00:00,2.7517978000000003
2023-03-02 08:45:00+00:00,2.7517978000000003
2023-03-02 09:00:00+00:00,2.7517978000000003
2023-03-02 09:15:00+00:00,2.7517978000000003
2023-03-02 09:30:00+00:00,2.7517978000000003
2023-03-02 09:45:00+00:00,2.7517978000000003
2023-03-02 10:00:00+00:00,2.7517978000000003
2023-03-02 10:15:00+00:00,2.7517978000000003
2023-03-02 10:30:00+00:00,2.7517978000000003
2023-03-02 10:45:00+00:00,2.7517978000000003
2023-03-02 11:00:00+00:00,2.765876316
2023-03-02 11:15:00+00:00,2.7817173352
2023-03-02 11:30:00+00:00,2.7864301
2023-03-02 11:45:00+00:00,2.7972465
2023-03-02 12:00:00+00:00,2.81979711
2023-03-02 12:15:00+00:00,2.8315388876000003
2023-03-02 12:30:00+00:00,2.85768242
2023-03-02 12:45:00+00:00,2.8743867092
2023-03-02 13:00:00+00:00,2.8998758272000003
2023-03-02 13:15:00+00:00,2.9249132445
2023-03-02 13:30:00+00:00,2.9606598861
2023-03-02 13:45:00+00:00,2.9743164
2023-03-02 14:00:00+00:00,2.9743164
2023-03-02 14:15:00+00:00,2.9743164
2023-03-02 14:30:00+00:00,2.9743164
2023-03-02 14:45:00+00:00,2.9743164
2023-03-02 15:00:00+00:00,2.9751487
2023-03-02 15:15:00+00:00,2.9751487
2023-03-02 15:30:00+00:00,2.9751487
2023-03-02 15:45:00+00:00,2.9751487
2023-03-02 16:00:00+00:00,2.9751487
2023-03-02 16:15:00+00:00,2.9751487
2023-03-02 16:30:00+00:00,2.9751487
2023-03-02 16:45:00+00:00,2.9751487
2023-03-02 17:00:00+00:00,2.9751487
2023-03-02 17:15:00+00:00,2.9751487
2023-03-02 17:30:00+00:00,2.9751487
2023-03-02 17:45:00+00:00,2.9751487
2023-03-02 18:00:00+00:00,2.9751487
2023-03-02 18:15:00+00:00,2.9751487
2023-03-02 18:30:00+00:00,2.9751487
2023-03-02 18:45:00+00:00,2.9751487
2023-03-02 19:00:00+00:00,2.9751487
2023-03-02 19:15:00+00:00,2.9751487
2023-03-02 19:30:00+00:00,2.9751487
2023-03-02 19:45:00+00:00,2.9751487
2023-03-02 20:00:00+00:00,2.9751487
2023-03-02 20:15:00+00:00,2.9751487
2023-03-02 20:30:00+00:00,2.9751487
2023-03-02 20:45:00+00:00,2.9751487
2023-03-02 21:00:00+00:00,2.9751487
2023-03-02 21:15:00+00:00,2.9751487
2023-03-02 21:30:00+00:00,2.9751487
2023-03-02 21:45:00+00:00,2.9751487
2023-03-02 22:00:00+00:00,2.9751487
2023-03-02 22:15:00+00:00,2.9751487
2023-03-02 22:30:00+00:00,2.9751487
2023-03-02 22:45:00+00:00,2.9751487
2023-03-02 23:00:00+00:00,2.9751487
2023-03-02 23:15:00+00:00,2.9751487
2023-03-02 23:30:00+00:00,2.9751487
2023-03-02 23:45:00+00:00,2.9751487
2023-03-03 00:00:00+00:00,2.9751487
2023-03-03 00:15:00+00:00,2.9751487
2023-03-03 00:30:00+00:00,2.9751487
2023-03-03 00:45:00+00:00,2.9751487
2023-03-03 01:00:00+00:00,2.9751487
2023-03-03 01:15:00+00:00,2.9751487
2023-03-03 01:30:00+00:00,2.9751487
2023-03-03 01:45:00+00:00,2.9751487
2023-03-03 02:00:00+00:00,2.9751487
2023-03-03 02:15:00+00:00,2.9751487
2023-03-03 02:30:00+00:00,2.9751487
2023-03-03 02:45:00+00:00,2.9751487
2023-03-03 03:00:00+00:00,2.9751487
2023-03-03 03:15:00+00:00,2.9751487
2023-03-03 03:30:00+00:00,2.9751487
2023-03-03 03:45:00+00:00,2.9751487
2023-03-03 04:00:00+00:00,2.9751487
2023-03-03 04:15:00+00:00,2.9751487
2023-03-03 04:30:00+00:00,2.9751487
2023-03-03 04:45:00+00:00,2.9751487
2023-03-03 05:00:00+00:00,2.9751487
2023-03-03 05:15:00+00:00,2.9751487
2023-03-03 05:30:00+00:00,2.9751487
2023-03-03 05:45:00+00:00,2.9751487
2023-03-03 06:00:00+00:00,2.9751487
2023-03-03 06:15:00+00:00,2.9751487
2023-03-03 06:30:00+00:00,2.9751487
2023-03-03 06:45:00+00:00,2.9751487
2023-03-03 07:00:00+00:00,2.9751487
2023-03-03 07:15:00+00:00,2.9751487
2023-03-03 07:30:00+00:00,2.9751487
2023-03-03 07:45:00+00:00,2.9751487
2023-03-03 08:00:00+00:00,2.9751487
2023-03-03 08:15:00+00:00,2.9751487
2023-03-03 08:30:00+00:00,2.9751487
2023-03-03 08:45:00+00:00,2.9751487
2023-03-03 09:00:00+00:00,2.9751487
2023-03-03 09:15:00+00:00,2.9751487
2023-03-03 09:30:00+00:00,2.9751487
2023-03-03 09:45:00+00:00,2.9751487
2023-03-03 10:00:00+00:00,2.9751487
2023-03-03 10:15:00+00:00,2.9751597000000003
2023-03-03 10:30:00+00:00,2.9753566
2023-03-03 10:45:00+00:00,2.9753566
2023-03-03 11:00:00+00:00,2.9753566
2023-03-03 11:15:00+00:00,2.980284156
2023-03-03 11:30:00+00:00,2.985348
2023-03-03 11:45:00+00:00,3.0091866
2023-03-03 12:00:00+00:00,3.0222203722
2023-03-03 12:15:00+00:00,3.0448925824
2023-03-03 12:30:00+00:00,3.0602371004
2023-03-03 12:45:00+00:00,3.0736981
2023-03-03 13:00:00+00:00,3.0736981
2023-03-03 13:15:00+00:00,3.0736981
2023-03-03 13:30:00+00:00,3.0736981
2023-03-03 13:45:00+00:00,3.0736981
2023-03-03 14:00:00+00:00,3.0736981
2023-03-03 14:15:00+00:00,3.0736981
2023-03-03 14:30:00+00:00,3.0736981
2023-03-03 14:45:00+00:00,3.0736981
2023-03-03 15:00:00+00:00,3.0736981
2023-03-03 15:15:00+00:00,3.0736981
2023-03-03 15:30:00+00:00,3.0736981
2023-03-03 15:45:00+00:00,3.0736981
2023-03-03 16:00:00+00:00,3.0736981
2023-03-03 16:15:00+00:00,3.0736981
2023-03-03 16:30:00+00:00,3.0736981
2023-03-03 16:45:00+00:00,3.0736981
2023-03-03 17:00:00+00:00,3.0736981
2023-03-03 17:15:00+00:00,3.0736981
2023-03-03 17:30:00+00:00,3.0736981
2023-03-03 17:45:00+00:00,3.0736981
2023-03-03 18:00:00+00:00,3.0736981
2023-03-03 18:15:00+00:00,3.0736981
2023-03-03 18:30:00+00:00,3.0736981
2023-03-03 18:45:00+00:00,3.0736981
2023-03-03 19:00:00+00:00,3.0736981
2023-03-03 19:15:00+00:00,3.0736981
2023-03-03 19:30:00+00:00,3.0736981
2023-03-03 19:45:00+00:00,3.0736981
2023-03-03 20:00:00+00:00,3.0736981
2023-03-03 20:15:00+00:00,3.0736981
2023-03-03 20:30:00+00:00,3.0736981
2023-03-03 20:45:00+00:00,3.0736981
2023-03-03 21:00:00+00:00,3.0736981
2023-03-03 21:15:00+00:00,3.0736981
2023-03-03 21:30:00+00:00,3.0736981
2023-03-03 21:45:00+00:00,3.0736981
2023-03-03 22:00:00+00:00,3.0736981
2023-03-03 22:15:00+00:00,3.0736981
2023-03-03 22:30:00+00:00,3.0736981
2023-03-03 22:45:00+00:00,3.0736981
2023-03-03 23:00:00+00:00,3.0736981
2023-03-03 23:15:00+00:00,3.0736981
2023-03-03 23:30:00+00:00,3.0736981
2023-03-03 23:45:00+00:00,3.0736981
2023-03-04 00:00:00+00:00,3.0736981
2023-03-04 00:15:00+00:00,3.0736981
2023-03-04 00:30:00+00:00,3.0736981
2023-03-04 00:45:00+00:00,3.0736981
2023-03-04 01:00:00+00:00,3.0736981
2023-03-04 01:15:00+00:00,3.0736981
2023-03-04 01:30:00+00:00,3.0736981
2023-03-04 01:45:00+00:00,3.0736981
2023-03-04 02:00:00+00:00,3.0736981
2023-03-04 02:15:00+00:00,3.0736981
2023-03-04 02:30:00+00:00,3.0736981
2023-03-04 02:45:00+00:00,3.0736981
2023-03-04 03:00:00+00:00,3.0736981
2023-03-04 03:15:00+00:00,3.0736981
2023-03-04 03:30:00+00:00,3.0736981
2023-03-04 03:45:00+00:00,3.0736981
2023-03-04 04:00:00+00:00,3.0736981
2023-03-04 04:15:00+00:00,3.0736981
2023-03-04 04:30:00+00:00,3.0736981
2023-03-04 04:45:00+00:00,3.0736981
2023-03-04 05:00:00+00:00,3.0736981
2023-03-04 05:15:00+00:00,3.0736981
2023-03-04 05:30:00+00:00,3.0736981
2023-03-04 05:45:00+00:00,3.0736981
2023-03-04 06:00:00+00:00,3.0736981
2023-03-04 06:15:00+00:00,3.0736981
2023-03-04 06:30:00+00:00,3.0736981
2023-03-04 06:45:00+00:00,3.0736981
2023-03-04 07:00:00+00:00,3.0736981
2023-03-04 07:15:00+00:00,3.0736981
2023-03-04 07:30:00+00:00,3.0736981
2023-03-04 07:45:00+00:00,3.0736981
2023-03-04 08:00:00+00:00,3.0736981
2023-03-04 08:15:00+00:00,3.0736981
2023-03-04 08:30:00+00:00,3.0736981
2023-03-04 08:45:00+00:00,3.0736981
2023-03-04 09:00:00+00:00,3.0736981
2023-03-04 09:15:00+00:00,3.0736981
2023-03-04 09:30:00+00:00,3.0736981
2023-03-04 09:45:00+00:00,3.0736981
2023-03-04 10:00:00+00:00,3.0736981
2023-03-04 10:15:00+00:00,3.0736981
2023-03-04 10:30:00+00:00,3.0736981
2023-03-04 10:45:00+00:00,3.0736981
2023-03-04 11:00:00+00:00,3.0736981
2023-03-04 11:15:00+00:00,3.0736981
2023-03-04 11:30:00+00:00,3.0736981
2023-03-04 11:45:00+00:00,3.0736981
2023-03-04 12:00:00+00:00,3.0736981
2023-03-04 12:15:00+00:00,3.0736981
2023-03-04 12:30:00+00:00,3.0736981
2023-03-04 12:45:00+00:00,3.0736981
2023-03-04 13:00:00+00:00,3.0736981
2023-03-04 13:15:00+00:00,3.0736981
2023-03-04 13:30:00+00:00,3.0736981
2023-03-04 13:45:00+00:00,3.0736981
2023-03-04 14:00:00+00:00,3.0736981
2023-03-04 14:15:00+00:00,3.0736981
2023-03-04 14:30:00+00:00,3.0736981
2023-03-04 14:45:00+00:00,3.0736981
2023-03-04 15:00:00+00:00,3.0736981
2023-03-04 15:15:00+00:00,3.0736981
2023-03-04 15:30:00+00:00,3.0736981
2023-03-04 15:45:00+00:00,3.0736981
2023-03-04 16:00:00+00:00,3.0736981
2023-03-04 16:15:00+00:00,3.0736981
2023-03-04 16:30:00+00:00,3.0736981
2023-03-04 16:45:00+00:00,3.0736981
2023-03-04 17:00:00+00:00,3.0736981
2023-03-04 17:15:00+00:00,3.0736981
2023-03-04 17:30:00+00:00,3.0736981
2023-03-04 17:45:00+00:00,3.0736981
2023-03-04 18:00:00+00:00,3.0736981
2023-03-04 18:15:00+00:00,3.0736981
2023-03-04 18:30:00+00:00,3.0736981
2023-03-04 18:45:00+00:00,3.0736981
2023-03-04 19:00:00+00:00,3.0736981
2023-03-04 19:15:00+00:00,3.0736981
2023-03-04 19:30:00+00:00,3.0736981
2023-03-04 19:45:00+00:00,3.0736981
2023-03-04 20:00:00+00:00,3.0736981
2023-03-04 20:15:00+00:00,3.0736981
2023-03-04 20:30:00+00:00,3.0736981
2023-03-04 20:45:00+00:00,3.0736981
2023-03-04 21:00:00+00:00,3.0736981
2023-03-04 21:15:00+00:00,3.0736981
2023-03-04 21:30:00+00:00,3.0736981
2023-03-04 21:45:00+00:00,3.0736981
2023-03-04 22:00:00+00:00,3.0736981
2023-03-04 22:15:00+00:00,3.0736981
2023-03-04 22:30:00+00:00,3.0736981
2023-03-04 22:45:00+00:00,3.0736981
2023-03-04 23:00:00+00:00,3.0736981
2023-03-04 23:15:00+00:00,3.0736981
2023-03-04 23:30:00+00:00,3.0736981
2023-03-04 23:45:00+00:00,3.0736981
2023-03-05 00:00:00+00:00,3.0736981
2023-03-05 00:15:00+00:00,3.0736981
2023-03-05 00:30:00+00:00,3.0736981
2023-03-05 00:45:00+00:00,3.0736981
2023-03-05 01:00:00+00:00,3.0736981
2023-03-05 01:15:00+00:00,3.0736981
2023-03-05 01:30:00+00:00,3.0736981
2023-03-05 01:45:00+00:00,3.0736981
2023-03-05 02:00:00+00:00,3.0736981
2023-03-05 02:15:00+00:00,3.0736981
2023-03-05 02:30:00+00:00,3.0736981
2023-03-05 02:45:00+00:00,3.0736981
2023-03-05 03:00:00+00:00,3.0736981
2023-03-05 03:15:00+00:00,3.0736981
2023-03-05 03:30:00+00:00,3.0736981
2023-03-05 03:45:00+00:00,3.0736981
2023-03-05 04:00:00+00:00,3.0736981
2023-03-05 04:15:00+00:00,3.0736981
2023-03-05 04:30:00+00:00,3.0736981
2023-03-05 04:45:00+00:00,3.0736981
2023-03-05 05:00:00+00:00,3.0736981
2023-03-05 05:15:00+00:00,3.0736981
2023-03-05 05:30:00+00:00,3.0736981
2023-03-05 05:45:00+00:00,3.0736981
2023-03-05 06:00:00+00:00,3.0736981
2023-03-05 06:15:00+00:00,3.0736981
2023-03-05 06:30:00+00:00,3.0736981
2023-03-05 06:45:00+00:00,3.0736981
2023-03-05 07:00:00+00:00,3.0736981
2023-03-05 07:15:00+00:00,3.0736981
2023-03-05 07:30:00+00:00,3.0736981
2023-03-05 07:45:00+00:00,3.0736981
2023-03-05 08:00:00+00:00,3.0736981
2023-03-05 08:15:00+00:00,3.0736981
2023-03-05 08:30:00+00:00,3.0736981
2023-03-05 08:45:00+00:00,3.0736981
2023-03-05 09:00:00+00:00,3.0736981
2023-03-05 09:15:00+00:00,3.0736981
2023-03-05 09:30:00+00:00,3.0736981
2023-03-05 09:45:00+00:00,3.0736981
2023-03-05 10:00:00+00:00,3.0736981
2023-03-05 10:15:00+00:00,3.0736981
2023-03-05 10:30:00+00:00,3.0736981
2023-03-05 10:45:00+00:00,3.0736981
2023-03-05 11:00:00+00:00,3.0736981
2023-03-05 11:15:00+00:00,3.0736981
2023-03-05 11:30:00+00:00,3.0736981
2023-03-05 11:45:00+00:00,3.0736981
2023-03-05 12:00:00+00:00,3.0736981
2023-03-05 12:15:00+00:00,3.0736981
2023-03-05 12:30:00+00:00,3.0736981
2023-03-05 12:45:00+00:00,3.0736981
2023-03-05 13:00:00+00:00,3.0736981
2023-03-05 13:15:00+00:00,3.0736981
2023-03-05 13:30:00+00:00,3.0736981
2023-03-05 13:45:00+00:00,3.0736981
2023-03-05 14:00:00+00:00,3.0736981
2023-03-05 14:15:00+00:00,3.0736981
2023-03-05 14:30:00+00:00,3.0736981
2023-03-05 14:45:00+00:00,3.0736981
2023-03-05 15:00:00+00:00,3.0736981
2023-03-05 15:15:00+00:00,3.0736981
2023-03-05 15:30:00+00:00,3.0736981
2023-03-05 15:45:00+00:00,3.0736981
2023-03-05 16:00:00+00:00,3.0736981
2023-03-05 16:15:00+00:00,3.0736981
2023-03-05 16:30:00+00:00,3.0736981
2023-03-05 16:45:00+00:00,3.0736981
2023-03-05 17:00:00+00:00,3.0736981
2023-03-05 17:15:00+00:00,3.0736981
2023-03-05 17:30:00+00:00,3.0736981
2023-03-05 17:45:00+00:00,3.0736981
2023-03-05 18:00:00+00:00,3.0736981
2023-03-05 18:15:00+00:00,3.0736981
2023-03-05 18:30:00+00:00,3.0736981
2023-03-05 18:45:00+00:00,3.0736981
2023-03-05 19:00:00+00:00,3.0736981
2023-03-05 19:15:00+00:00,3.0736981
2023-03-05 19:30:00+00:00,3.0736981
2023-03-05 19:45:00+00:00,3.0736981
2023-03-05 20:00:00+00:00,3.0736981
2023-03-05 20:15:00+00:00,3.0736981
2023-03-05 20:30:00+00:00,3.0736981
2023-03-05 20:45:00+00:00,3.0736981
2023-03-05 21:00:00+00:00,3.0736981
2023-03-05 21:15:00+00:00,3.0736981
2023-03-05 21:30:00+00:00,3.0736981
2023-03-05 21:45:00+00:00,3.0736981
2023-03-05 22:00:00+00:00,3.0736981
2023-03-05 22:15:00+00:00,3.0736981
2023-03-05 22:30:00+00:00,3.0736981
2023-03-05 22:45:00+00:00,3.0736981
2023-03-05 23:00:00+00:00,3.0736981
2023-03-05 23:15:00+00:00,3.0736981
2023-03-05 23:30:00+00:00,3.0736981
2023-03-05 23:45:00+00:00,3.0736981
2023-03-06 00:00:00+00:00,3.0736981
2023-03-06 00:15:00+00:00,3.0736981
2023-03-06 00:30:00+00:00,3.0736981
2023-03-06 00:45:00+00:00,3.0736981
2023-03-06 01:00:00+00:00,3.0736981
2023-03-06 01:15:00+00:00,3.0736981
2023-03-06 01:30:00+00:00,3.0736981
2023-03-06 01:45:00+00:00,3.0736981
2023-03-06 02:00:00+00:00,3.0736981
2023-03-06 02:15:00+00:00,3.0736981
2023-03-06 02:30:00+00:00,3.0736981
2023-03-06 02:45:00+00:00,3.0736981
2023-03-06 03:00:00+00:00,3.0736981
2023-03-06 03:15:00+00:00,3.0736981
2023-03-06 03:30:00+00:00,3.0736981
2023-03-06 03:45:00+00:00,3.0736981
2023-03-06 04:00:00+00:00,3.0736981
2023-03-06 04:15:00+00:00,3.0736981
2023-03-06 04:30:00+00:00,3.0736981
2023-03-06 04:45:00+00:00,3.0736981
2023-03-06 05:00:00+00:00,3.0736981
2023-03-06 05:15:00+00:00,3.0736981
2023-03-06 05:30:00+00:00,3.0736981
2023-03-06 05:45:00+00:00,3.0736981
2023-03-06 06:00:00+00:00,3.0736981
2023-03-06 06:15:00+00:00,3.0736981
2023-03-06 06:30:00+00:00,3.0736981
2023-03-06 06:45:00+00:00,3.0736981
2023-03-06 07:00:00+00:00,3.0736981
2023-03-06 07:15:00+00:00,3.0736981
2023-03-06 07:30:00+00:00,3.0736981
2023-03-06 07:45:00+00:00,3.0736981
2023-03-06 08:00:00+00:00,3.0736981
2023-03-06 08:15:00+00:00,3.0736981
2023-03-06 08:30:00+00:00,3.0736981
2023-03-06 08:45:00+00:00,3.0736981
2023-03-06 09:00:00+00:00,3.0736981
2023-03-06 09:15:00+00:00,3.0736981
2023-03-06 09:30:00+00:00,3.0736981
2023-03-06 09:45:00+00:00,3.0736981
2023-03-06 10:00:00+00:00,3.0736981
2023-03-06 10:15:00+00:00,3.0736981
2023-03-06 10:30:00+00:00,3.0736981
2023-03-06 10:45:00+00:00,3.0736981
2023-03-06 11:00:00+00:00,3.0736981
2023-03-06 11:15:00+00:00,3.0736981
2023-03-06 11:30:00+00:00,3.0736981
2023-03-06 11:45:00+00:00,3.0736981
2023-03-06 12:00:00+00:00,3.0736981
2023-03-06 12:15:00+00:00,3.0736981
2023-03-06 12:30:00+00:00,3.0736981
2023-03-06 12:45:00+00:00,3.0736981
2023-03-06 13:00:00+00:00,3.0736981
2023-03-06 13:15:00+00:00,3.0736981
2023-03-06 13:30:00+00:00,3.0736981
2023-03-06 13:45:00+00:00,3.0736981
2023-03-06 14:00:00+00:00,3.0736981
2023-03-06 14:15:00+00:00,3.0736981
2023-03-06 14:30:00+00:00,3.0736981
2023-03-06 14:45:00+00:00,3.0736981
2023-03-06 15:00:00+00:00,3.0736981
2023-03-06 15:15:00+00:00,3.0736981
2023-03-06 15:30:00+00:00,3.0736981
2023-03-06 15:45:00+00:00,3.0736981
2023-03-06 16:00:00+00:00,3.0736981
2023-03-06 16:15:00+00:00,3.0736981
2023-03-06 16:30:00+00:00,3.0736981
2023-03-06 16:45:00+00:00,3.0736981
2023-03-06 17:00:00+00:00,3.0736981
2023-03-06 17:15:00+00:00,3.0736981
2023-03-06 17:30:00+00:00,3.0736981
2023-03-06 17:45:00+00:00,3.0736981
2023-03-06 18:00:00+00:00,3.0736981
2023-03-06 18:15:00+00:00,3.0736981
2023-03-06 18:30:00+00:00,3.0736981
2023-03-06 18:45:00+00:00,3.0736981
2023-03-06 19:00:00+00:00,3.0736981
2023-03-06 19:15:00+00:00,3.0736981
2023-03-06 19:30:00+00:00,3.0736981
2023-03-06 19:45:00+00:00,3.0736981
2023-03-06 20:00:00+00:00,3.0736981
2023-03-06 20:15:00+00:00,3.0736981
2023-03-06 20:30:00+00:00,3.0736981
2023-03-06 20:45:00+00:00,3.0736981
2023-03-06 21:00:00+00:00,3.0736981
2023-03-06 21:15:00+00:00,3.0736981
2023-03-06 21:30:00+00:00,3.0736981
2023-03-06 21:45:00+00:00,3.0736981
2023-03-06 22:00:00+00:00,3.0736981
2023-03-06 22:15:00+00:00,3.0736981
2023-03-06 22:30:00+00:00,3.0736981
2023-03-06 22:45:00+00:00,3.0736981
2023-03-06 23:00:00+00:00,3.0736981
2023-03-06 23:15:00+00:00,3.0736981
2023-03-06 23:30:00+00:00,3.0736981
2023-03-06 23:45:00+00:00,3.0736981
2023-03-07 00:00:00+00:00,3.0736981
2023-03-07 00:15:00+00:00,3.0736981
2023-03-07 00:30:00+00:00,3.0736981
2023-03-07 00:45:00+00:00,3.0736981
2023-03-07 01:00:00+00:00,3.0736981
2023-03-07 01:15:00+00:00,3.0736981
2023-03-07 01:30:00+00:00,3.0736981
2023-03-07 01:45:00+00:00,3.0736981
2023-03-07 02:00:00+00:00,3.0736981
2023-03-07 02:15:00+00:00,3.0736981
2023-03-07 02:30:00+00:00,3.0736981
2023-03-07 02:45:00+00:00,3.0736981
2023-03-07 03:00:00+00:00,3.0736981
2023-03-07 03:15:00+00:00,3.0736981
2023-03-07 03:30:00+00:00,3.0736981
2023-03-07 03:45:00+00:00,3.0736981
2023-03-07 04:00:00+00:00,3.0736981
2023-03-07 04:15:00+00:00,3.0736981
2023-03-07 04:30:00+00:00,3.0736981
2023-03-07 04:45:00+00:00,3.0736981
2023-03-07 05:00:00+00:00,3.0736981
2023-03-07 05:15:00+00:00,3.0736981
2023-03-07 05:30:00+00:00,3.0736981
2023-03-07 05:45:00+00:00,3.0736981
2023-03-07 06:00:00+00:00,3.0736981
2023-03-07 06:15:00+00:00,3.0736981
2023-03-07 06:30:00+00:00,3.0736981
2023-03-07 06:45:00+00:00,3.0736981
2023-03-07 07:00:00+00:00,3.0736981
2023-03-07 07:15:00+00:00,3.0736981
2023-03-07 07:30:00+00:00,3.0736981
2023-03-07 07:45:00+00:00,3.0736981
2023-03-07 08:00:00+00:00,3.0736981
2023-03-07 08:15:00+00:00,3.0736981
2023-03-07 08:30:00+00:00,3.0736981
2023-03-07 08:45:00+00:00,3.0736981
2023-03-07 09:00:00+00:00,3.0736981
2023-03-07 09:15:00+00:00,3.0736981
2023-03-07 09:30:00+00:00,3.0736981
2023-03-07 09:45:00+00:00,3.0736981
2023-03-07 10:00:00+00:00,3.0736981
2023-03-07 10:15:00+00:00,3.0736981
2023-03-07 10:30:00+00:00,3.0736981
2023-03-07 10:45:00+00:00,3.0736981
2023-03-07 11:00:00+00:00,3.0736981
2023-03-07 11:15:00+00:00,3.0736981
2023-03-07 11:30:00+00:00,3.0736981
2023-03-07 11:45:00+00:00,3.0736981
2023-03-07 12:00:00+00:00,3.0736981
2023-03-07 12:15:00+00:00,3.0736981
2023-03-07 12:30:00+00:00,3.0736981
2023-03-07 12:45:00+00:00,3.0736981
2023-03-07 13:00:00+00:00,3.0736981
2023-03-07 13:15:00+00:00,3.0740259703
2023-03-07 13:30:00+00:00,3.0740304000000003
2023-03-07 13:45:00+00:00,3.0740304000000003
2023-03-07 14:00:00+00:00,3.0740304000000003
2023-03-07 14:15:00+00:00,3.0740304000000003
2023-03-07 14:30:00+00:00,3.0740304000000003
2023-03-07 14:45:00+00:00,3.0740304000000003
2023-03-07 15:00:00+00:00,3.0740304000000003
2023-03-07 15:15:00+00:00,3.0740304000000003
2023-03-07 15:30:00+00:00,3.0740304000000003
2023-03-07 15:45:00+00:00,3.0740304000000003
2023-03-07 16:00:00+00:00,3.0740304000000003
2023-03-07 16:15:00+00:00,3.0740304000000003
2023-03-07 16:30:00+00:00,3.0740304000000003
2023-03-07 16:45:00+00:00,3.0740304000000003
2023-03-07 17:00:00+00:00,3.0740304000000003
2023-03-07 17:15:00+00:00,3.0740304000000003
2023-03-07 17:30:00+00:00,3.0740304000000003
2023-03-07 17:45:00+00:00,3.0740304000000003
2023-03-07 18:00:00+00:00,3.0740304000000003
2023-03-07 18:15:00+00:00,3.0740304000000003
2023-03-07 18:30:00+00:00,3.0740304000000003
2023-03-07 18:45:00+00:00,3.0740304000000003
2023-03-07 19:00:00+00:00,3.0740304000000003
2023-03-07 19:15:00+00:00,3.0740304000000003
2023-03-07 19:30:00+00:00,3.0740304000000003
2023-03-07 19:45:00+00:00,3.0740304000000003
2023-03-07 20:00:00+00:00,3.0740304000000003
2023-03-07 20:15:00+00:00,3.0740304000000003
2023-03-07 20:30:00+00:00,3.0740304000000003
2023-03-07 20:45:00+00:00,3.0740304000000003
2023-03-07 21:00:00+00:00,3.0740304000000003
2023-03-07 21:15:00+00:00,3.0740304000000003
2023-03-07 21:30:00+00:00,3.0740304000000003
2023-03-07 21:45:00+00:00,3.0740304000000003
2023-03-07 22:00:00+00:00,3.0740304000000003
2023-03-07 22:15:00+00:00,3.0740304000000003
2023-03-07 22:30:00+00:00,3.0740304000000003
2023-03-07 22:45:00+00:00,3.0740304000000003
2023-03-07 23:00:00+00:00,3.0740304000000003
2023-03-07 23:15:00+00:00,3.0740304000000003
2023-03-07 23:30:00+00:00,3.0740304000000003
2023-03-07 23:45:00+00:00,3.0740304000000003
2023-03-08 00:00:00+00:00,3.0740304000000003
2023-03-08 00:15:00+00:00,3.0740304000000003
2023-03-08 00:30:00+00:00,3.0740304000000003
2023-03-08 00:45:00+00:00,3.0740304000000003
2023-03-08 01:00:00+00:00,3.0740304000000003
2023-03-08 01:15:00+00:00,3.0740304000000003
2023-03-08 01:30:00+00:00,3.0740304000000003
2023-03-08 01:45:00+00:00,3.0740304000000003
2023-03-08 02:00:00+00:00,3.0740304000000003
2023-03-08 02:15:00+00:00,3.0740304000000003
2023-03-08 02:30:00+00:00,3.0740304000000003
2023-03-08 02:45:00+00:00,3.0740304000000003
2023-03-08 03:00:00+00:00,3.0740304000000003
2023-03-08 03:15:00+00:00,3.0740304000000003
2023-03-08 03:30:00+00:00,3.0740304000000003
2023-03-08 03:45:00+00:00,3.0740304000000003
2023-03-08 04:00:00+00:00,3.0740304000000003
2023-03-08 04:15:00+00:00,3.0740304000000003
2023-03-08 04:30:00+00:00,3.0740304000000003
2023-03-08 04:45:00+00:00,3.0740304000000003
2023-03-08 05:00:00+00:00,3.0740304000000003
2023-03-08 05:15:00+00:00,3.0740304000000003
2023-03-08 05:30:00+00:00,3.0740304000000003
2023-03-08 05:45:00+00:00,3.0740304000000003
2023-03-08 06:00:00+00:00,3.0740304000000003
2023-03-08 06:15:00+00:00,3.0740304000000003
2023-03-08 06:30:00+00:00,3.0740304000000003
2023-03-08 06:45:00+00:00,3.0740304000000003
2023-03-08 07:00:00+00:00,3.0740304000000003
2023-03-08 07:15:00+00:00,3.0740304000000003
2023-03-08 07:30:00+00:00,3.0740304000000003
2023-03-08 07:45:00+00:00,3.0740304000000003
2023-03-08 08:00:00+00:00,3.0740304000000003
2023-03-08 08:15:00+00:00,3.0740304000000003
2023-03-08 08:30:00+00:00,3.0740304000000003
2023-03-08 08:45:00+00:00,3.0740304000000003
2023-03-08 09:00:00+00:00,3.0740304000000003
2023-03-08 09:15:00+00:00,3.0740304000000003
2023-03-08 09:30:00+00:00,3.0740304000000003
2023-03-08 09:45:00+00:00,3.0740304000000003
2023-03-08 10:00:00+00:00,3.0740304000000003
2023-03-08 10:15:00+00:00,3.0740304000000003
2023-03-08 10:30:00+00:00,3.0740304000000003
2023-03-08 10:45:00+00:00,3.0740304000000003
2023-03-08 11:00:00+00:00,3.0740304000000003
2023-03-08 11:15:00+00:00,3.0740304000000003
2023-03-08 11:30:00+00:00,3.0740304000000003
2023-03-08 11:45:00+00:00,3.0740304000000003
2023-03-08 12:00:00+00:00,3.0740304000000003
2023-03-08 12:15:00+00:00,3.0740304000000003
2023-03-08 12:30:00+00:00,3.0740304000000003
2023-03-08 12:45:00+00:00,3.0740304000000003
2023-03-08 13:00:00+00:00,3.0740304000000003
2023-03-08 13:15:00+00:00,3.0740304000000003
2023-03-08 13:30:00+00:00,3.0740304000000003
2023-03-08 13:45:00+00:00,3.0740304000000003
2023-03-08 14:00:00+00:00,3.0740304000000003
2023-03-08 14:15:00+00:00,3.0740304000000003
2023-03-08 14:30:00+00:00,3.0740304000000003
2023-03-08 14:45:00+00:00,3.0740304000000003
2023-03-08 15:00:00+00:00,3.0740304000000003
2023-03-08 15:15:00+00:00,3.0740304000000003
2023-03-08 15:30:00+00:00,3.0740304000000003
2023-03-08 15:45:00+00:00,3.0740304000000003
2023-03-08 16:00:00+00:00,3.0740304000000003
2023-03-08 16:15:00+00:00,3.0740304000000003
2023-03-08 16:30:00+00:00,3.0740304000000003
2023-03-08 16:45:00+00:00,3.0740304000000003
2023-03-08 17:00:00+00:00,3.0740304000000003
2023-03-08 17:15:00+00:00,3.0740304000000003
2023-03-08 17:30:00+00:00,3.0740304000000003
2023-03-08 17:45:00+00:00,3.0740304000000003
2023-03-08 18:00:00+00:00,3.0740304000000003
2023-03-08 18:15:00+00:00,3.0740304000000003
2023-03-08 18:30:00+00:00,3.0740304000000003
2023-03-08 18:45:00+00:00,3.0740304000000003
2023-03-08 19:00:00+00:00,3.0740304000000003
2023-03-08 19:15:00+00:00,3.0740304000000003
2023-03-08 19:30:00+00:00,3.0740304000000003
2023-03-08 19:45:00+00:00,3.0740304000000003
2023-03-08 20:00:00+00:00,3.0740304000000003
2023-03-08 20:15:00+00:00,3.0740304000000003
2023-03-08 20:30:00+00:00,3.0740304000000003
2023-03-08 20:45:00+00:00,3.0740304000000003
2023-03-08 21:00:00+00:00,3.0740304000000003
2023-03-08 21:15:00+00:00,3.0740304000000003
2023-03-08 21:30:00+00:00,3.0740304000000003
2023-03-08 21:45:00+00:00,3.0740304000000003
2023-03-08 22:00:00+00:00,3.0740304000000003
2023-03-08 22:15:00+00:00,3.0740304000000003
2023-03-08 22:30:00+00:00,3.0740304000000003
2023-03-08 22:45:00+00:00,3.0740304000000003
2023-03-08 23:00:00+00:00,3.0740304000000003
2023-03-08 23:15:00+00:00,3.0740304000000003
2023-03-08 23:30:00+00:00,3.0740304000000003
2023-03-08 23:45:00+00:00,3.0740304000000003
2023-03-09 00:00:00+00:00,3.0740304000000003
2023-03-09 00:15:00+00:00,3.0740304000000003
2023-03-09 00:30:00+00:00,3.0740304000000003
2023-03-09 00:45:00+00:00,3.0740304000000003
2023-03-09 01:00:00+00:00,3.0740304000000003
2023-03-09 01:15:00+00:00,3.0740304000000003
2023-03-09 01:30:00+00:00,3.0740304000000003
2023-03-09 01:45:00+00:00,3.0740304000000003
2023-03-09 02:00:00+00:00,3.0740304000000003
2023-03-09 02:15:00+00:00,3.0740304000000003
2023-03-09 02:30:00+00:00,3.0740304000000003
2023-03-09 02:45:00+00:00,3.0740304000000003
2023-03-09 03:00:00+00:00,3.0740304000000003
2023-03-09 03:15:00+00:00,3.0740304000000003
2023-03-09 03:30:00+00:00,3.0740304000000003
2023-03-09 03:45:00+00:00,3.0740304000000003
2023-03-09 04:00:00+00:00,3.0740304000000003
2023-03-09 04:15:00+00:00,3.0740304000000003
2023-03-09 04:30:00+00:00,3.0740304000000003
2023-03-09 04:45:00+00:00,3.0740304000000003
2023-03-09 05:00:00+00:00,3.0740304000000003
2023-03-09 05:15:00+00:00,3.0740304000000003
2023-03-09 05:30:00+00:00,3.0740304000000003
2023-03-09 05:45:00+00:00,3.0740304000000003
2023-03-09 06:00:00+00:00,3.0740304000000003
2023-03-09 06:15:00+00:00,3.0740304000000003
2023-03-09 06:30:00+00:00,3.0740304000000003
2023-03-09 06:45:00+00:00,3.0740304000000003
2023-03-09 07:00:00+00:00,3.0740304000000003
2023-03-09 07:15:00+00:00,3.0740304000000003
2023-03-09 07:30:00+00:00,3.0740304000000003
2023-03-09 07:45:00+00:00,3.0740304000000003
2023-03-09 08:00:00+00:00,3.0740304000000003
2023-03-09 08:15:00+00:00,3.0740304000000003
2023-03-09 08:30:00+00:00,3.0740304000000003
2023-03-09 08:45:00+00:00,3.0740304000000003
2023-03-09 09:00:00+00:00,3.0740304000000003
2023-03-09 09:15:00+00:00,3.0740304000000003
2023-03-09 09:30:00+00:00,3.0740304000000003
2023-03-09 09:45:00+00:00,3.0740304000000003
2023-03-09 10:00:00+00:00,3.0740304000000003
2023-03-09 10:15:00+00:00,3.0740304000000003
2023-03-09 10:30:00+00:00,3.0740304000000003
2023-03-09 10:45:00+00:00,3.0740304000000003
2023-03-09 11:00:00+00:00,3.0872184794
2023-03-09 11:15:00+00:00,3.1072314000000003
2023-03-09 11:30:00+00:00,3.1083797
2023-03-09 11:45:00+00:00,3.1146345
2023-03-09 12:00:00+00:00,3.115251101
2023-03-09 12:15:00+00:00,3.1180405
2023-03-09 12:30:00+00:00,3.1181538
2023-03-09 12:45:00+00:00,3.1183786000000002
2023-03-09 13:00:00+00:00,3.1183786000000002
2023-03-09 13:15:00+00:00,3.1184871000000003
2023-03-09 13:30:00+00:00,3.1185607
2023-03-09 13:45:00+00:00,3.1261941
2023-03-09 14:00:00+00:00,3.1261941
2023-03-09 14:15:00+00:00,3.1261941
2023-03-09 14:30:00+00:00,3.1266717779
2023-03-09 14:45:00+00:00,3.1296242000000003
2023-03-09 15:00:00+00:00,3.1296242000000003
2023-03-09 15:15:00+00:00,3.1296242000000003
2023-03-09 15:30:00+00:00,3.1296242000000003
2023-03-09 15:45:00+00:00,3.1296242000000003
2023-03-09 16:00:00+00:00,3.1296242000000003
2023-03-09 16:15:00+00:00,3.1296242000000003
2023-03-09 16:30:00+00:00,3.1296242000000003
2023-03-09 16:45:00+00:00,3.1296242000000003
2023-03-09 17:00:00+00:00,3.1296242000000003
2023-03-09 17:15:00+00:00,3.1296242000000003
2023-03-09 17:30:00+00:00,3.1296242000000003
2023-03-09 17:45:00+00:00,3.1296242000000003
2023-03-09 18:00:00+00:00,3.1296242000000003
2023-03-09 18:15:00+00:00,3.1296242000000003
2023-03-09 18:30:00+00:00,3.1296242000000003
2023-03-09 18:45:00+00:00,3.1296242000000003
2023-03-09 19:00:00+00:00,3.1296242000000003
2023-03-09 19:15:00+00:00,3.1296242000000003
2023-03-09 19:30:00+00:00,3.1296242000000003
2023-03-09 19:45:00+00:00,3.1296242000000003
2023-03-09 20:00:00+00:00,3.1296242000000003
2023-03-09 20:15:00+00:00,3.1296242000000003
2023-03-09 20:30:00+00:00,3.1296242000000003
2023-03-09 20:45:00+00:00,3.1296242000000003
2023-03-09 21:00:00+00:00,3.1296242000000003
2023-03-09 21:15:00+00:00,3.1296242000000003
2023-03-09 21:30:00+00:00,3.1296242000000003
2023-03-09 21:45:00+00:00,3.1296242000000003
2023-03-09 22:00:00+00:00,3.1296242000000003
2023-03-09 22:15:00+00:00,3.1296242000000003
2023-03-09 22:30:00+00:00,3.1296242000000003
2023-03-09 22:45:00+00:00,3.1296242000000003
2023-03-09 23:00:00+00:00,3.1296242000000003
2023-03-09 23:15:00+00:00,3.1296242000000003
2023-03-09 23:30:00+00:00,3.1296242000000003
2023-03-09 23:45:00+00:00,3.1296242000000003
2023-03-10 00:00:00+00:00,3.1296242000000003
2023-03-10 00:15:00+00:00,3.1296242000000003
2023-03-10 00:30:00+00:00,3.1296242000000003
2023-03-10 00:45:00+00:00,3.1296242000000003
2023-03-10 01:00:00+00:00,3.1296242000000003
2023-03-10 01:15:00+00:00,3.1296242000000003
2023-03-10 01:30:00+00:00,3.1296242000000003
2023-03-10 01:45:00+00:00,3.1296242000000003
2023-03-10 02:00:00+00:00,3.1296242000000003
2023-03-10 02:15:00+00:00,3.1296242000000003
2023-03-10 02:30:00+00:00,3.1296242000000003
2023-03-10 02:45:00+00:00,3.1296242000000003
2023-03-10 03:00:00+00:00,3.1296242000000003
2023-03-10 03:15:00+00:00,3.1296242000000003
2023-03-10 03:30:00+00:00,3.1296242000000003
2023-03-10 03:45:00+00:00,3.1296242000000003
2023-03-10 04:00:00+00:00,3.1296242000000003
2023-03-10 04:15:00+00:00,3.1296242000000003
2023-03-10 04:30:00+00:00,3.1296242000000003
2023-03-10 04:45:00+00:00,3.1296242000000003
2023-03-10 05:00:00+00:00,3.1296242000000003
2023-03-10 05:15:00+00:00,3.1296242000000003
2023-03-10 05:30:00+00:00,3.1296242000000003
2023-03-10 05:45:00+00:00,3.1296242000000003
2023-03-10 06:00:00+00:00,3.1296242000000003
2023-03-10 06:15:00+00:00,3.1296242000000003
2023-03-10 06:30:00+00:00,3.1296242000000003
2023-03-10 06:45:00+00:00,3.1296242000000003
2023-03-10 07:00:00+00:00,3.1296242000000003
2023-03-10 07:15:00+00:00,3.1296242000000003
2023-03-10 07:30:00+00:00,3.1296242000000003
2023-03-10 07:45:00+00:00,3.1296242000000003
2023-03-10 08:00:00+00:00,3.1296242000000003
2023-03-10 08:15:00+00:00,3.1296242000000003
2023-03-10 08:30:00+00:00,3.1296242000000003
2023-03-10 08:45:00+00:00,3.1296242000000003
2023-03-10 09:00:00+00:00,3.1296242000000003
2023-03-10 09:15:00+00:00,3.1296242000000003
2023-03-10 09:30:00+00:00,3.1296242000000003
2023-03-10 09:45:00+00:00,3.1296242000000003
2023-03-10 10:00:00+00:00,3.1296242000000003
2023-03-10 10:15:00+00:00,3.1296242000000003
2023-03-10 10:30:00+00:00,3.1296242000000003
2023-03-10 10:45:00+00:00,3.1296242000000003
2023-03-10 11:00:00+00:00,3.1296283000000003
2023-03-10 11:15:00+00:00,3.1296283000000003
2023-03-10 11:30:00+00:00,3.1296283000000003
2023-03-10 11:45:00+00:00,3.1296283000000003
2023-03-10 12:00:00+00:00,3.1296283000000003
2023-03-10 12:15:00+00:00,3.1296283000000003
2023-03-10 12:30:00+00:00,3.1296283000000003
2023-03-10 12:45:00+00:00,3.1296283000000003
2023-03-10 13:00:00+00:00,3.1296283000000003
2023-03-10 13:15:00+00:00,3.1296283000000003
2023-03-10 13:30:00+00:00,3.1296283000000003
2023-03-10 13:45:00+00:00,3.1296283000000003
2023-03-10 14:00:00+00:00,3.1296283000000003
2023-03-10 14:15:00+00:00,3.1296283000000003
2023-03-10 14:30:00+00:00,3.1296283000000003
2023-03-10 14:45:00+00:00,3.1296283000000003
2023-03-10 15:00:00+00:00,3.1296283000000003
2023-03-10 15:15:00+00:00,3.1296283000000003
2023-03-10 15:30:00+00:00,3.1296283000000003
2023-03-10 15:45:00+00:00,3.1296283000000003
2023-03-10 16:00:00+00:00,3.1296283000000003
2023-03-10 16:15:00+00:00,3.1296283000000003
2023-03-10 16:30:00+00:00,3.1296283000000003
2023-03-10 16:45:00+00:00,3.1296283000000003
2023-03-10 17:00:00+00:00,3.1296283000000003
2023-03-10 17:15:00+00:00,3.1296283000000003
2023-03-10 17:30:00+00:00,3.1296283000000003
2023-03-10 17:45:00+00:00,3.1296283000000003
2023-03-10 18:00:00+00:00,3.1296283000000003
2023-03-10 18:15:00+00:00,3.1296283000000003
2023-03-10 18:30:00+00:00,3.1296283000000003
2023-03-10 18:45:00+00:00,3.1296283000000003
2023-03-10 19:00:00+00:00,3.1296283000000003
2023-03-10 19:15:00+00:00,3.1296283000000003
2023-03-10 19:30:00+00:00,3.1296283000000003
2023-03-10 19:45:00+00:00,3.1296283000000003
2023-03-10 20:00:00+00:00,3.1296283000000003
2023-03-10 20:15:00+00:00,3.1296283000000003
2023-03-10 20:30:00+00:00,3.1296283000000003
2023-03-10 20:45:00+00:00,3.1296283000000003
2023-03-10 21:00:00+00:00,3.1296283000000003
2023-03-10 21:15:00+00:00,3.1296283000000003
2023-03-10 21:30:00+00:00,3.1296283000000003
2023-03-10 21:45:00+00:00,3.1296283000000003
2023-03-10 22:00:00+00:00,3.1296283000000003
2023-03-10 22:15:00+00:00,3.1296283000000003
2023-03-10 22:30:00+00:00,3.1296283000000003
2023-03-10 22:45:00+00:00,3.1296283000000003
2023-03-10 23:00:00+00:00,3.1296283000000003
2023-03-10 23:15:00+00:00,3.1296283000000003
2023-03-10 23:30:00+00:00,3.1296283000000003
2023-03-10 23:45:00+00:00,3.1296283000000003
2023-03-11 00:00:00+00:00,3.1296283000000003
2023-03-11 00:15:00+00:00,3.1296283000000003
2023-03-11 00:30:00+00:00,3.1296283000000003
2023-03-11 00:45:00+00:00,3.1296283000000003
2023-03-11 01:00:00+00:00,3.1296283000000003
2023-03-11 01:15:00+00:00,3.1296283000000003
2023-03-11 01:30:00+00:00,3.1296283000000003
2023-03-11 01:45:00+00:00,3.1296283000000003
2023-03-11 02:00:00+00:00,3.1296283000000003
2023-03-11 02:15:00+00:00,3.1296283000000003
2023-03-11 02:30:00+00:00,3.1296283000000003
2023-03-11 02:45:00+00:00,3.1296283000000003
2023-03-11 03:00:00+00:00,3.1296283000000003
2023-03-11 03:15:00+00:00,3.1296283000000003
2023-03-11 03:30:00+00:00,3.1296283000000003
2023-03-11 03:45:00+00:00,3.1296283000000003
2023-03-11 04:00:00+00:00,3.1296283000000003
2023-03-11 04:15:00+00:00,3.1296283000000003
2023-03-11 04:30:00+00:00,3.1296283000000003
2023-03-11 04:45:00+00:00,3.1296283000000003
2023-03-11 05:00:00+00:00,3.1296283000000003
2023-03-11 05:15:00+00:00,3.1296283000000003
2023-03-11 05:30:00+00:00,3.1296283000000003
2023-03-11 05:45:00+00:00,3.1296283000000003
2023-03-11 06:00:00+00:00,3.1296283000000003
2023-03-11 06:15:00+00:00,3.1296283000000003
2023-03-11 06:30:00+00:00,3.1296283000000003
2023-03-11 06:45:00+00:00,3.1296283000000003
2023-03-11 07:00:00+00:00,3.1296283000000003
2023-03-11 07:15:00+00:00,3.1296283000000003
2023-03-11 07:30:00+00:00,3.1296283000000003
2023-03-11 07:45:00+00:00,3.1296283000000003
2023-03-11 08:00:00+00:00,3.1296283000000003
2023-03-11 08:15:00+00:00,3.1296283000000003
2023-03-11 08:30:00+00:00,3.1296283000000003
2023-03-11 08:45:00+00:00,3.1296283000000003
2023-03-11 09:00:00+00:00,3.1296283000000003
2023-03-11 09:15:00+00:00,3.130309
2023-03-11 09:30:00+00:00,3.1310175
2023-03-11 09:45:00+00:00,3.1338794104
2023-03-11 10:00:00+00:00,3.158760767
2023-03-11 10:15:00+00:00,3.186046
2023-03-11 10:30:00+00:00,3.1873441000000002
2023-03-11 10:45:00+00:00,3.1951713792
2023-03-11 11:00:00+00:00,3.2084121000000003
2023-03-11 11:15:00+00:00,3.2084121000000003
2023-03-11 11:30:00+00:00,3.2084121000000003
2023-03-11 11:45:00+00:00,3.2084121000000003
2023-03-11 12:00:00+00:00,3.2084121000000003
2023-03-11 12:15:00+00:00,3.2084121000000003
2023-03-11 12:30:00+00:00,3.2250179
2023-03-11 12:45:00+00:00,3.2250179
2023-03-11 13:00:00+00:00,3.2250179
2023-03-11 13:15:00+00:00,3.2250179
2023-03-11 13:30:00+00:00,3.2631890248
2023-03-11 13:45:00+00:00,3.2835438
2023-03-11 14:00:00+00:00,3.2835438
2023-03-11 14:15:00+00:00,3.2835438
2023-03-11 14:30:00+00:00,3.2836179975
2023-03-11 14:45:00+00:00,3.2854728
2023-03-11 15:00:00+00:00,3.285825
2023-03-11 15:15:00+00:00,3.285825
2023-03-11 15:30:00+00:00,3.285825
2023-03-11 15:45:00+00:00,3.285825
2023-03-11 16:00:00+00:00,3.285825
2023-03-11 16:15:00+00:00,3.285825
2023-03-11 16:30:00+00:00,3.285825
2023-03-11 16:45:00+00:00,3.285825
2023-03-11 17:00:00+00:00,3.285825
2023-03-11 17:15:00+00:00,3.285825
2023-03-11 17:30:00+00:00,3.285825
2023-03-11 17:45:00+00:00,3.285825
2023-03-11 18:00:00+00:00,3.285825
2023-03-11 18:15:00+00:00,3.285825
2023-03-11 18:30:00+00:00,3.285825
2023-03-11 18:45:00+00:00,3.285825
2023-03-11 19:00:00+00:00,3.285825
2023-03-11 19:15:00+00:00,3.285825
2023-03-11 19:30:00+00:00,3.285825
2023-03-11 19:45:00+00:00,3.285825
2023-03-11 20:00:00+00:00,3.285825
2023-03-11 20:15:00+00:00,3.285825
2023-03-11 20:30:00+00:00,3.285825
2023-03-11 20:45:00+00:00,3.285825
2023-03-11 21:00:00+00:00,3.285825
2023-03-11 21:15:00+00:00,3.285825
2023-03-11 21:30:00+00:00,3.285825
2023-03-11 21:45:00+00:00,3.285825
2023-03-11 22:00:00+00:00,3.285825
2023-03-11 22:15:00+00:00,3.285825
2023-03-11 22:30:00+00:00,3.285825
2023-03-11 22:45:00+00:00,3.285825
2023-03-11 23:00:00+00:00,3.285825
2023-03-11 23:15:00+00:00,3.285825
2023-03-11 23:30:00+00:00,3.285825
2023-03-11 23:45:00+00:00,3.285825
2023-03-12 00:00:00+00:00,3.285825
2023-03-12 00:15:00+00:00,3.285825
2023-03-12 00:30:00+00:00,3.285825
2023-03-12 00:45:00+00:00,3.285825
2023-03-12 01:00:00+00:00,3.285825
2023-03-12 01:15:00+00:00,3.285825
2023-03-12 01:30:00+00:00,3.285825
2023-03-12 01:45:00+00:00,3.285825
2023-03-12 02:00:00+00:00,3.285825
2023-03-12 02:15:00+00:00,3.285825
2023-03-12 02:30:00+00:00,3.285825
2023-03-12 02:45:00+00:00,3.285825
2023-03-12 03:00:00+00:00,3.285825
2023-03-12 03:15:00+00:00,3.285825
2023-03-12 03:30:00+00:00,3.285825
2023-03-12 03:45:00+00:00,3.285825
2023-03-12 04:00:00+00:00,3.285825
2023-03-12 04:15:00+00:00,3.285825
2023-03-12 04:30:00+00:00,3.285825
2023-03-12 04:45:00+00:00,3.285825
2023-03-12 05:00:00+00:00,3.285825
2023-03-12 05:15:00+00:00,3.285825
2023-03-12 05:30:00+00:00,3.285825
2023-03-12 05:45:00+00:00,3.285825
2023-03-12 06:00:00+00:00,3.285825
2023-03-12 06:15:00+00:00,3.285825
2023-03-12 06:30:00+00:00,3.285825
2023-03-12 06:45:00+00:00,3.285825
2023-03-12 07:00:00+00:00,3.285825
2023-03-12 07:15:00+00:00,3.285825
2023-03-12 07:30:00+00:00,3.285825
2023-03-12 07:45:00+00:00,3.285825
2023-03-12 08:00:00+00:00,3.285825
2023-03-12 08:15:00+00:00,3.285825
2023-03-12 08:30:00+00:00,3.285825
2023-03-12 08:45:00+00:00,3.285825
2023-03-12 09:00:00+00:00,3.285825
2023-03-12 09:15:00+00:00,3.285825
2023-03-12 09:30:00+00:00,3.285825
2023-03-12 09:45:00+00:00,3.285825
2023-03-12 10:00:00+00:00,3.285825
2023-03-12 10:15:00+00:00,3.285825
2023-03-12 10:30:00+00:00,3.285825
2023-03-12 10:45:00+00:00,3.2860396
2023-03-12 11:00:00+00:00,3.286247
2023-03-12 11:15:00+00:00,3.286247
2023-03-12 11:30:00+00:00,3.2886208
2023-03-12 11:45:00+00:00,3.2891787
2023-03-12 12:00:00+00:00,3.2906406
2023-03-12 12:15:00+00:00,3.2906406
2023-03-12 12:30:00+00:00,3.2914804
2023-03-12 12:45:00+00:00,3.2914804
2023-03-12 13:00:00+00:00,3.3009126
2023-03-12 13:15:00+00:00,3.3009126
2023-03-12 13:30:00+00:00,3.3009126
2023-03-12 13:45:00+00:00,3.3009126
2023-03-12 14:00:00+00:00,3.3009126
2023-03-12 14:15:00+00:00,3.3009126
2023-03-12 14:30:00+00:00,3.3009126
2023-03-12 14:45:00+00:00,3.3009126
2023-03-12 15:00:00+00:00,3.3009126
2023-03-12 15:15:00+00:00,3.3009126
2023-03-12 15:30:00+00:00,3.3009126
2023-03-12 15:45:00+00:00,3.3009126
2023-03-12 16:00:00+00:00,3.3009126
2023-03-12 16:15:00+00:00,3.3009126
2023-03-12 16:30:00+00:00,3.3009126
2023-03-12 16:45:00+00:00,3.3009126
2023-03-12 17:00:00+00:00,3.3009126
2023-03-12 17:15:00+00:00,3.3009126
2023-03-12 17:30:00+00:00,3.3009126
2023-03-12 17:45:00+00:00,3.3009126
2023-03-12 18:00:00+00:00,3.3009126
2023-03-12 18:15:00+00:00,3.3009126
2023-03-12 18:30:00+00:00,3.3009126
2023-03-12 18:45:00+00:00,3.3009126
2023-03-12 19:00:00+00:00,3.3009126
2023-03-12 19:15:00+00:00,3.3009126
2023-03-12 19:30:00+00:00,3.3009126
2023-03-12 19:45:00+00:00,3.3009126
2023-03-12 20:00:00+00:00,3.3009126
2023-03-12 20:15:00+00:00,3.3009126
2023-03-12 20:30:00+00:00,3.3009126
2023-03-12 20:45:00+00:00,3.3009126
2023-03-12 21:00:00+00:00,3.3009126
2023-03-12 21:15:00+00:00,3.3009126
2023-03-12 21:30:00+00:00,3.3009126
2023-03-12 21:45:00+00:00,3.3009126
2023-03-12 22:00:00+00:00,3.3009126
2023-03-12 22:15:00+00:00,3.3009126
2023-03-12 22:30:00+00:00,3.3009126
2023-03-12 22:45:00+00:00,3.3009126
2023-03-12 23:00:00+00:00,3.3009126
2023-03-12 23:15:00+00:00,3.3009126
2023-03-12 23:30:00+00:00,3.3009126
2023-03-12 23:45:00+00:00,3.3009126
2023-03-13 00:00:00+00:00,3.3009126
2023-03-13 00:15:00+00:00,3.3009126
2023-03-13 00:30:00+00:00,3.3009126
2023-03-13 00:45:00+00:00,3.3009126
2023-03-13 01:00:00+00:00,3.3009126
2023-03-13 01:15:00+00:00,3.3009126
2023-03-13 01:30:00+00:00,3.3009126
2023-03-13 01:45:00+00:00,3.3009126
2023-03-13 02:00:00+00:00,3.3009126
2023-03-13 02:15:00+00:00,3.3009126
2023-03-13 02:30:00+00:00,3.3009126
2023-03-13 02:45:00+00:00,3.3009126
2023-03-13 03:00:00+00:00,3.3009126
2023-03-13 03:15:00+00:00,3.3009126
2023-03-13 03:30:00+00:00,3.3009126
2023-03-13 03:45:00+00:00,3.3009126
2023-03-13 04:00:00+00:00,3.3009126
2023-03-13 04:15:00+00:00,3.3009126
2023-03-13 04:30:00+00:00,3.3009126
2023-03-13 04:45:00+00:00,3.3009126
2023-03-13 05:00:00+00:00,3.3009126
2023-03-13 05:15:00+00:00,3.3009126
2023-03-13 05:30:00+00:00,3.3009126
2023-03-13 05:45:00+00:00,3.3009126
2023-03-13 06:00:00+00:00,3.3009126
2023-03-13 06:15:00+00:00,3.3009126
2023-03-13 06:30:00+00:00,3.3009126
2023-03-13 06:45:00+00:00,3.3009126
2023-03-13 07:00:00+00:00,3.3009126
2023-03-13 07:15:00+00:00,3.3009126
2023-03-13 07:30:00+00:00,3.3009126
2023-03-13 07:45:00+00:00,3.3009126
2023-03-13 08:00:00+00:00,3.3009126
2023-03-13 08:15:00+00:00,3.3009126
2023-03-13 08:30:00+00:00,3.3009126
2023-03-13 08:45:00+00:00,3.3009126
2023-03-13 09:00:00+00:00,3.3009126
2023-03-13 09:15:00+00:00,3.3009126
2023-03-13 09:30:00+00:00,3.3055881
2023-03-13 09:45:00+00:00,3.3055881
2023-03-13 10:00:00+00:00,3.3055881
2023-03-13 10:15:00+00:00,3.3055881
2023-03-13 10:30:00+00:00,3.3055881
2023-03-13 10:45:00+00:00,3.3055881
2023-03-13 11:00:00+00:00,3.3141843752
2023-03-13 11:15:00+00:00,3.3418545
2023-03-13 11:30:00+00:00,3.3520744000000002
2023-03-13 11:45:00+00:00,3.3625599
2023-03-13 12:00:00+00:00,3.3711635
2023-03-13 12:15:00+00:00,3.3769471924000003
2023-03-13 12:30:00+00:00,3.4231247549000003
2023-03-13 12:45:00+00:00,3.4305681000000003
2023-03-13 13:00:00+00:00,3.4324729
2023-03-13 13:15:00+00:00,3.4324729
2023-03-13 13:30:00+00:00,3.4324729
2023-03-13 13:45:00+00:00,3.4324729
2023-03-13 14:00:00+00:00,3.4324729
2023-03-13 14:15:00+00:00,3.4324729
2023-03-13 14:30:00+00:00,3.4324729
2023-03-13 14:45:00+00:00,3.4324729
2023-03-13 15:00:00+00:00,3.44705902
2023-03-13 15:15:00+00:00,3.4647276653000003
2023-03-13 15:30:00+00:00,3.4824532606000003
2023-03-13 15:45:00+00:00,3.4910537183000003
2023-03-13 16:00:00+00:00,3.4910549
2023-03-13 16:15:00+00:00,3.4910549
2023-03-13 16:30:00+00:00,3.4910549
2023-03-13 16:45:00+00:00,3.4910549
2023-03-13 17:00:00+00:00,3.4910549
2023-03-13 17:15:00+00:00,3.4910549
2023-03-13 17:30:00+00:00,3.4910549
2023-03-13 17:45:00+00:00,3.4910549
2023-03-13 18:00:00+00:00,3.4910549
2023-03-13 18:15:00+00:00,3.4910549
2023-03-13 18:30:00+00:00,3.4910549
2023-03-13 18:45:00+00:00,3.4910549
2023-03-13 19:00:00+00:00,3.4910549
2023-03-13 19:15:00+00:00,3.4910549
2023-03-13 19:30:00+00:00,3.4910549
2023-03-13 19:45:00+00:00,3.4910549
2023-03-13 20:00:00+00:00,3.4910549
2023-03-13 20:15:00+00:00,3.4910549
2023-03-13 20:30:00+00:00,3.4910549
2023-03-13 20:45:00+00:00,3.4910549
2023-03-13 21:00:00+00:00,3.4910549
2023-03-13 21:15:00+00:00,3.4910549
2023-03-13 21:30:00+00:00,3.4910549
2023-03-13 21:45:00+00:00,3.4910549
2023-03-13 22:00:00+00:00,3.4910549
2023-03-13 22:15:00+00:00,3.4910549
2023-03-13 22:30:00+00:00,3.4910549
2023-03-13 22:45:00+00:00,3.4910549
2023-03-13 23:00:00+00:00,3.4910549
2023-03-13 23:15:00+00:00,3.4910549
2023-03-13 23:30:00+00:00,3.4910549
2023-03-13 23:45:00+00:00,3.4910549
2023-03-14 00:00:00+00:00,3.4910549
2023-03-14 00:15:00+00:00,3.4910549
2023-03-14 00:30:00+00:00,3.4910549
2023-03-14 00:45:00+00:00,3.4910549
2023-03-14 01:00:00+00:00,3.4910549
2023-03-14 01:15:00+00:00,3.4910549
2023-03-14 01:30:00+00:00,3.4910549
2023-03-14 01:45:00+00:00,3.4910549
2023-03-14 02:00:00+00:00,3.4910549
2023-03-14 02:15:00+00:00,3.4910549
2023-03-14 02:30:00+00:00,3.4910549
2023-03-14 02:45:00+00:00,3.4910549
2023-03-14 03:00:00+00:00,3.4910549
2023-03-14 03:15:00+00:00,3.4910549
2023-03-14 03:30:00+00:00,3.4910549
2023-03-14 03:45:00+00:00,3.4910549
2023-03-14 04:00:00+00:00,3.4910549
2023-03-14 04:15:00+00:00,3.4910549
2023-03-14 04:30:00+00:00,3.4910549
2023-03-14 04:45:00+00:00,3.4910549
2023-03-14 05:00:00+00:00,3.4910549
2023-03-14 05:15:00+00:00,3.4910549
2023-03-14 05:30:00+00:00,3.4910549
2023-03-14 05:45:00+00:00,3.4910549
2023-03-14 06:00:00+00:00,3.4910549
2023-03-14 06:15:00+00:00,3.4910549
2023-03-14 06:30:00+00:00,3.4910549
2023-03-14 06:45:00+00:00,3.4910549
2023-03-14 07:00:00+00:00,3.4910549
2023-03-14 07:15:00+00:00,3.4910549
2023-03-14 07:30:00+00:00,3.4910549
2023-03-14 07:45:00+00:00,3.4910549
2023-03-14 08:00:00+00:00,3.4910549
2023-03-14 08:15:00+00:00,3.4910549
2023-03-14 08:30:00+00:00,3.4910549
2023-03-14 08:45:00+00:00,3.4910549
2023-03-14 09:00:00+00:00,3.4910549
2023-03-14 09:15:00+00:00,3.4910549
2023-03-14 09:30:00+00:00,3.4910549
2023-03-14 09:45:00+00:00,3.4910549
2023-03-14 10:00:00+00:00,3.4910549
2023-03-14 10:15:00+00:00,3.4910549
2023-03-14 10:30:00+00:00,3.4910549
2023-03-14 10:45:00+00:00,3.4910549
2023-03-14 11:00:00+00:00,3.4910549
2023-03-14 11:15:00+00:00,3.4910549
2023-03-14 11:30:00+00:00,3.4910549
2023-03-14 11:45:00+00:00,3.4910549
2023-03-14 12:00:00+00:00,3.4910549
2023-03-14 12:15:00+00:00,3.4910549
2023-03-14 12:30:00+00:00,3.4910549
2023-03-14 12:45:00+00:00,3.4941484000000003
2023-03-14 13:00:00+00:00,3.4984507000000002
2023-03-14 13:15:00+00:00,3.5080440074
2023-03-14 13:30:00+00:00,3.5114423
2023-03-14 13:45:00+00:00,3.5114423
2023-03-14 14:00:00+00:00,3.5114423
2023-03-14 14:15:00+00:00,3.5114423
2023-03-14 14:30:00+00:00,3.5114423
2023-03-14 14:45:00+00:00,3.5117552
2023-03-14 15:00:00+00:00,3.5117552
2023-03-14 15:15:00+00:00,3.5117552
2023-03-14 15:30:00+00:00,3.5117552
2023-03-14 15:45:00+00:00,3.5117552
2023-03-14 16:00:00+00:00,3.5117552
2023-03-14 16:15:00+00:00,3.5117552
2023-03-14 16:30:00+00:00,3.5117552
2023-03-14 16:45:00+00:00,3.5117552
2023-03-14 17:00:00+00:00,3.5117552
2023-03-14 17:15:00+00:00,3.5117552
2023-03-14 17:30:00+00:00,3.5117552
2023-03-14 17:45:00+00:00,3.5117552
2023-03-14 18:00:00+00:00,3.5117552
2023-03-14 18:15:00+00:00,3.5117552
2023-03-14 18:30:00+00:00,3.5117552
2023-03-14 18:45:00+00:00,3.5117552
2023-03-14 19:00:00+00:00,3.5117552
2023-03-14 19:15:00+00:00,3.5117552
2023-03-14 19:30:00+00:00,3.5117552
2023-03-14 19:45:00+00:00,3.5117552
2023-03-14 20:00:00+00:00,3.5117552
2023-03-14 20:15:00+00:00,3.5117552
2023-03-14 20:30:00+00:00,3.5117552
2023-03-14 20:45:00+00:00,3.5117552
2023-03-14 21:00:00+00:00,3.5117552
2023-03-14 21:15:00+00:00,3.5117552
2023-03-14 21:30:00+00:00,3.5117552
2023-03-14 21:45:00+00:00,3.5117552
2023-03-14 22:00:00+00:00,3.5117552
2023-03-14 22:15:00+00:00,3.5117552
2023-03-14 22:30:00+00:00,3.5117552
2023-03-14 22:45:00+00:00,3.5117552
2023-03-14 23:00:00+00:00,3.5117552
2023-03-14 23:15:00+00:00,3.5117552
2023-03-14 23:30:00+00:00,3.5117552
2023-03-14 23:45:00+00:00,3.5117552
2023-03-15 00:00:00+00:00,3.5117552
2023-03-15 00:15:00+00:00,3.5117552
2023-03-15 00:30:00+00:00,3.5117552
2023-03-15 00:45:00+00:00,3.5117552
2023-03-15 01:00:00+00:00,3.5117552
2023-03-15 01:15:00+00:00,3.5117552
2023-03-15 01:30:00+00:00,3.5117552
2023-03-15 01:45:00+00:00,3.5117552
2023-03-15 02:00:00+00:00,3.5117552
2023-03-15 02:15:00+00:00,3.5117552
2023-03-15 02:30:00+00:00,3.5117552
2023-03-15 02:45:00+00:00,3.5117552
2023-03-15 03:00:00+00:00,3.5117552
2023-03-15 03:15:00+00:00,3.5117552
2023-03-15 03:30:00+00:00,3.5117552
2023-03-15 03:45:00+00:00,3.5117552
2023-03-15 04:00:00+00:00,3.5117552
2023-03-15 04:15:00+00:00,3.5117552
2023-03-15 04:30:00+00:00,3.5117552
2023-03-15 04:45:00+00:00,3.5117552
2023-03-15 05:00:00+00:00,3.5117552
2023-03-15 05:15:00+00:00,3.5117552
2023-03-15 05:30:00+00:00,3.5117552
2023-03-15 05:45:00+00:00,3.5117552
2023-03-15 06:00:00+00:00,3.5117552
2023-03-15 06:15:00+00:00,3.5117552
2023-03-15 06:30:00+00:00,3.5117552
2023-03-15 06:45:00+00:00,3.5117552
2023-03-15 07:00:00+00:00,3.5117552
2023-03-15 07:15:00+00:00,3.5117552
2023-03-15 07:30:00+00:00,3.5117552
2023-03-15 07:45:00+00:00,3.5117552
2023-03-15 08:00:00+00:00,3.5117552
2023-03-15 08:15:00+00:00,3.5117552
2023-03-15 08:30:00+00:00,3.5117552
2023-03-15 08:45:00+00:00,3.5117552
2023-03-15 09:00:00+00:00,3.5117552
2023-03-15 09:15:00+00:00,3.5117552
2023-03-15 09:30:00+00:00,3.5117552
2023-03-15 09:45:00+00:00,3.5117552
2023-03-15 10:00:00+00:00,3.5117552
2023-03-15 10:15:00+00:00,3.5117552
2023-03-15 10:30:00+00:00,3.5118924000000002
2023-03-15 10:45:00+00:00,3.5128391000000003
2023-03-15 11:00:00+00:00,3.5128391000000003
2023-03-15 11:15:00+00:00,3.5128391000000003
2023-03-15 11:30:00+00:00,3.5128391000000003
2023-03-15 11:45:00+00:00,3.5128391000000003
2023-03-15 12:00:00+00:00,3.5128391000000003
2023-03-15 12:15:00+00:00,3.5128391000000003
2023-03-15 12:30:00+00:00,3.5128391000000003
2023-03-15 12:45:00+00:00,3.5131515
2023-03-15 13:00:00+00:00,3.5131515
2023-03-15 13:15:00+00:00,3.5155159
2023-03-15 13:30:00+00:00,3.5155159
2023-03-15 13:45:00+00:00,3.5155159
2023-03-15 14:00:00+00:00,3.5155159
2023-03-15 14:15:00+00:00,3.5155159
2023-03-15 14:30:00+00:00,3.5155159
2023-03-15 14:45:00+00:00,3.5155159
2023-03-15 15:00:00+00:00,3.5155159
2023-03-15 15:15:00+00:00,3.5155159
2023-03-15 15:30:00+00:00,3.5155159
2023-03-15 15:45:00+00:00,3.5155159
2023-03-15 16:00:00+00:00,3.5155159
2023-03-15 16:15:00+00:00,3.5155159
2023-03-15 16:30:00+00:00,3.5155159
2023-03-15 16:45:00+00:00,3.5155159
2023-03-15 17:00:00+00:00,3.5155159
2023-03-15 17:15:00+00:00,3.5155159
2023-03-15 17:30:00+00:00,3.5155159
2023-03-15 17:45:00+00:00,3.5155159
2023-03-15 18:00:00+00:00,3.5155159
2023-03-15 18:15:00+00:00,3.5155159
2023-03-15 18:30:00+00:00,3.5155159
2023-03-15 18:45:00+00:00,3.5155159
2023-03-15 19:00:00+00:00,3.5155159
2023-03-15 19:15:00+00:00,3.5155159
2023-03-15 19:30:00+00:00,3.5155159
2023-03-15 19:45:00+00:00,3.5155159
2023-03-15 20:00:00+00:00,3.5155159
2023-03-15 20:15:00+00:00,3.5155159
2023-03-15 20:30:00+00:00,3.5155159
2023-03-15 20:45:00+00:00,3.5155159
2023-03-15 21:00:00+00:00,3.5155159
2023-03-15 21:15:00+00:00,3.5155159
2023-03-15 21:30:00+00:00,3.5155159
2023-03-15 21:45:00+00:00,3.5155159
2023-03-15 22:00:00+00:00,3.5155159
2023-03-15 22:15:00+00:00,3.5155159
2023-03-15 22:30:00+00:00,3.5155159
2023-03-15 22:45:00+00:00,3.5155159
2023-03-15 23:00:00+00:00,3.5155159
2023-03-15 23:15:00+00:00,3.5155159
2023-03-15 23:30:00+00:00,3.5155159
2023-03-15 23:45:00+00:00,3.5155159
2023-03-16 00:00:00+00:00,3.5155159
2023-03-16 00:15:00+00:00,3.5155159
2023-03-16 00:30:00+00:00,3.5155159
2023-03-16 00:45:00+00:00,3.5155159
2023-03-16 01:00:00+00:00,3.5155159
2023-03-16 01:15:00+00:00,3.5155159
2023-03-16 01:30:00+00:00,3.5155159
2023-03-16 01:45:00+00:00,3.5155159
2023-03-16 02:00:00+00:00,3.5155159
2023-03-16 02:15:00+00:00,3.5155159
2023-03-16 02:30:00+00:00,3.5155159
2023-03-16 02:45:00+00:00,3.5155159
2023-03-16 03:00:00+00:00,3.5155159
2023-03-16 03:15:00+00:00,3.5155159
2023-03-16 03:30:00+00:00,3.5155159
2023-03-16 03:45:00+00:00,3.5155159
2023-03-16 04:00:00+00:00,3.5155159
2023-03-16 04:15:00+00:00,3.5155159
2023-03-16 04:30:00+00:00,3.5155159
2023-03-16 04:45:00+00:00,3.5155159
2023-03-16 05:00:00+00:00,3.5155159
2023-03-16 05:15:00+00:00,3.5155159
2023-03-16 05:30:00+00:00,3.5155159
2023-03-16 05:45:00+00:00,3.5155159
2023-03-16 06:00:00+00:00,3.5155159
2023-03-16 06:15:00+00:00,3.5155159
2023-03-16 06:30:00+00:00,3.5155159
2023-03-16 06:45:00+00:00,3.5155159
2023-03-16 07:00:00+00:00,3.5155159
2023-03-16 07:15:00+00:00,3.5155159
2023-03-16 07:30:00+00:00,3.5155159
2023-03-16 07:45:00+00:00,3.5155159
2023-03-16 08:00:00+00:00,3.5155159
2023-03-16 08:15:00+00:00,3.5155159
2023-03-16 08:30:00+00:00,3.5155159
2023-03-16 08:45:00+00:00,3.5155159
2023-03-16 09:00:00+00:00,3.5157491000000003
2023-03-16 09:15:00+00:00,3.5192331
2023-03-16 09:30:00+00:00,3.5297119884000003
2023-03-16 09:45:00+00:00,3.5384777662
2023-03-16 10:00:00+00:00,3.5445968960000003
2023-03-16 10:15:00+00:00,3.5556248473000003
2023-03-16 10:30:00+00:00,3.5812683382
2023-03-16 10:45:00+00:00,3.6172022092000002
2023-03-16 11:00:00+00:00,3.6702369788
2023-03-16 11:15:00+00:00,3.6715472
2023-03-16 11:30:00+00:00,3.6715472
2023-03-16 11:45:00+00:00,3.6769873
2023-03-16 12:00:00+00:00,3.6776082000000003
2023-03-16 12:15:00+00:00,3.6782494594
2023-03-16 12:30:00+00:00,3.7297769471
2023-03-16 12:45:00+00:00,3.7691720905
2023-03-16 13:00:00+00:00,3.8108359786
2023-03-16 13:15:00+00:00,3.8548884068000002
2023-03-16 13:30:00+00:00,3.8837094000000003
2023-03-16 13:45:00+00:00,3.8852014
2023-03-16 14:00:00+00:00,3.8852014
2023-03-16 14:15:00+00:00,3.8852014
2023-03-16 14:30:00+00:00,3.8852014
2023-03-16 14:45:00+00:00,3.8852014
2023-03-16 15:00:00+00:00,3.8852014
2023-03-16 15:15:00+00:00,3.8852014
2023-03-16 15:30:00+00:00,3.8852014
2023-03-16 15:45:00+00:00,3.8852014
2023-03-16 16:00:00+00:00,3.8852014
2023-03-16 16:15:00+00:00,3.8852014
2023-03-16 16:30:00+00:00,3.8852014
2023-03-16 16:45:00+00:00,3.8852014
2023-03-16 17:00:00+00:00,3.8852014
2023-03-16 17:15:00+00:00,3.8852014
2023-03-16 17:30:00+00:00,3.8852014
2023-03-16 17:45:00+00:00,3.8852014
2023-03-16 18:00:00+00:00,3.8852014
2023-03-16 18:15:00+00:00,3.8852014
2023-03-16 18:30:00+00:00,3.8852014
2023-03-16 18:45:00+00:00,3.8852014
2023-03-16 19:00:00+00:00,3.8852014
2023-03-16 19:15:00+00:00,3.8852014
2023-03-16 19:30:00+00:00,3.8852014
2023-03-16 19:45:00+00:00,3.8852014
2023-03-16 20:00:00+00:00,3.8852014
2023-03-16 20:15:00+00:00,3.8852014
2023-03-16 20:30:00+00:00,3.8852014
2023-03-16 20:45:00+00:00,3.8852014
2023-03-16 21:00:00+00:00,3.8852014
2023-03-16 21:15:00+00:00,3.8852014
2023-03-16 21:30:00+00:00,3.8852014
2023-03-16 21:45:00+00:00,3.8852014
2023-03-16 22:00:00+00:00,3.8852014
2023-03-16 22:15:00+00:00,3.8852014
2023-03-16 22:30:00+00:00,3.8852014
2023-03-16 22:45:00+00:00,3.8852014
2023-03-16 23:00:00+00:00,3.8852014
2023-03-16 23:15:00+00:00,3.8852014
2023-03-16 23:30:00+00:00,3.8852014
2023-03-16 23:45:00+00:00,3.8852014
2023-03-17 00:00:00+00:00,3.8852014
2023-03-17 00:15:00+00:00,3.8852014
2023-03-17 00:30:00+00:00,3.8852014
2023-03-17 00:45:00+00:00,3.8852014
2023-03-17 01:00:00+00:00,3.8852014
2023-03-17 01:15:00+00:00,3.8852014
2023-03-17 01:30:00+00:00,3.8852014
2023-03-17 01:45:00+00:00,3.8852014
2023-03-17 02:00:00+00:00,3.8852014
2023-03-17 02:15:00+00:00,3.8852014
2023-03-17 02:30:00+00:00,3.8852014
2023-03-17 02:45:00+00:00,3.8852014
2023-03-17 03:00:00+00:00,3.8852014
2023-03-17 03:15:00+00:00,3.8852014
2023-03-17 03:30:00+00:00,3.8852014
2023-03-17 03:45:00+00:00,3.8852014
2023-03-17 04:00:00+00:00,3.8852014
2023-03-17 04:15:00+00:00,3.8852014
2023-03-17 04:30:00+00:00,3.8852014
2023-03-17 04:45:00+00:00,3.8852014
2023-03-17 05:00:00+00:00,3.8852014
2023-03-17 05:15:00+00:00,3.8852014
2023-03-17 05:30:00+00:00,3.8852014
2023-03-17 05:45:00+00:00,3.8852014
2023-03-17 06:00:00+00:00,3.8852014
2023-03-17 06:15:00+00:00,3.8852014
2023-03-17 06:30:00+00:00,3.8852014
2023-03-17 06:45:00+00:00,3.8852014
2023-03-17 07:00:00+00:00,3.8852014
2023-03-17 07:15:00+00:00,3.8852014
2023-03-17 07:30:00+00:00,3.8852014
2023-03-17 07:45:00+00:00,3.8852014
2023-03-17 08:00:00+00:00,3.8852014
2023-03-17 08:15:00+00:00,3.8852014
2023-03-17 08:30:00+00:00,3.8852014
2023-03-17 08:45:00+00:00,3.8852014
2023-03-17 09:00:00+00:00,3.8852149000000002
2023-03-17 09:15:00+00:00,3.8852149000000002
2023-03-17 09:30:00+00:00,3.8852149000000002
2023-03-17 09:45:00+00:00,3.8852149000000002
2023-03-17 10:00:00+00:00,3.8852149000000002
2023-03-17 10:15:00+00:00,3.8852603
2023-03-17 10:30:00+00:00,3.8852603
2023-03-17 10:45:00+00:00,3.8852603
2023-03-17 11:00:00+00:00,3.8852693
2023-03-17 11:15:00+00:00,3.8852693
2023-03-17 11:30:00+00:00,3.8852693
2023-03-17 11:45:00+00:00,3.8852693
2023-03-17 12:00:00+00:00,3.8852693
2023-03-17 12:15:00+00:00,3.8852693
2023-03-17 12:30:00+00:00,3.8852693
2023-03-17 12:45:00+00:00,3.8852693
2023-03-17 13:00:00+00:00,3.8852693
2023-03-17 13:15:00+00:00,3.8853369
2023-03-17 13:30:00+00:00,3.8853369
2023-03-17 13:45:00+00:00,3.8853369
2023-03-17 14:00:00+00:00,3.8853369
2023-03-17 14:15:00+00:00,3.8853369
2023-03-17 14:30:00+00:00,3.8855953000000003
2023-03-17 14:45:00+00:00,3.8855953000000003
2023-03-17 15:00:00+00:00,3.8855953000000003
2023-03-17 15:15:00+00:00,3.8855953000000003
2023-03-17 15:30:00+00:00,3.8855953000000003
2023-03-17 15:45:00+00:00,3.8855953000000003
2023-03-17 16:00:00+00:00,3.8855953000000003
2023-03-17 16:15:00+00:00,3.8855953000000003
2023-03-17 16:30:00+00:00,3.8855953000000003
2023-03-17 16:45:00+00:00,3.8855953000000003
2023-03-17 17:00:00+00:00,3.8855953000000003
2023-03-17 17:15:00+00:00,3.8855953000000003
2023-03-17 17:30:00+00:00,3.8855953000000003
2023-03-17 17:45:00+00:00,3.8855953000000003
2023-03-17 18:00:00+00:00,3.8855953000000003
2023-03-17 18:15:00+00:00,3.8855953000000003
2023-03-17 18:30:00+00:00,3.8855953000000003
2023-03-17 18:45:00+00:00,3.8855953000000003
2023-03-17 19:00:00+00:00,3.8855953000000003
2023-03-17 19:15:00+00:00,3.8855953000000003
2023-03-17 19:30:00+00:00,3.8855953000000003
2023-03-17 19:45:00+00:00,3.8855953000000003
2023-03-17 20:00:00+00:00,3.8855953000000003
2023-03-17 20:15:00+00:00,3.8855953000000003
2023-03-17 20:30:00+00:00,3.8855953000000003
2023-03-17 20:45:00+00:00,3.8855953000000003
2023-03-17 21:00:00+00:00,3.8855953000000003
2023-03-17 21:15:00+00:00,3.8855953000000003
2023-03-17 21:30:00+00:00,3.8855953000000003
2023-03-17 21:45:00+00:00,3.8855953000000003
2023-03-17 22:00:00+00:00,3.8855953000000003
2023-03-17 22:15:00+00:00,3.8855953000000003
2023-03-17 22:30:00+00:00,3.8855953000000003
2023-03-17 22:45:00+00:00,3.8855953000000003
2023-03-17 23:00:00+00:00,3.8855953000000003
2023-03-17 23:15:00+00:00,3.8855953000000003
2023-03-17 23:30:00+00:00,3.8855953000000003
2023-03-17 23:45:00+00:00,3.8855953000000003
2023-03-18 00:00:00+00:00,3.8855953000000003
2023-03-18 00:15:00+00:00,3.8855953000000003
2023-03-18 00:30:00+00:00,3.8855953000000003
2023-03-18 00:45:00+00:00,3.8855953000000003
2023-03-18 01:00:00+00:00,3.8855953000000003
2023-03-18 01:15:00+00:00,3.8855953000000003
2023-03-18 01:30:00+00:00,3.8855953000000003
2023-03-18 01:45:00+00:00,3.8855953000000003
2023-03-18 02:00:00+00:00,3.8855953000000003
2023-03-18 02:15:00+00:00,3.8855953000000003
2023-03-18 02:30:00+00:00,3.8855953000000003
2023-03-18 02:45:00+00:00,3.8855953000000003
2023-03-18 03:00:00+00:00,3.8855953000000003
2023-03-18 03:15:00+00:00,3.8855953000000003
2023-03-18 03:30:00+00:00,3.8855953000000003
2023-03-18 03:45:00+00:00,3.8855953000000003
2023-03-18 04:00:00+00:00,3.8855953000000003
2023-03-18 04:15:00+00:00,3.8855953000000003
2023-03-18 04:30:00+00:00,3.8855953000000003
2023-03-18 04:45:00+00:00,3.8855953000000003
2023-03-18 05:00:00+00:00,3.8855953000000003
2023-03-18 05:15:00+00:00,3.8855953000000003
2023-03-18 05:30:00+00:00,3.8855953000000003
2023-03-18 05:45:00+00:00,3.8855953000000003
2023-03-18 06:00:00+00:00,3.8855953000000003
2023-03-18 06:15:00+00:00,3.8855953000000003
2023-03-18 06:30:00+00:00,3.8855953000000003
2023-03-18 06:45:00+00:00,3.8855953000000003
2023-03-18 07:00:00+00:00,3.8855953000000003
2023-03-18 07:15:00+00:00,3.8855953000000003
2023-03-18 07:30:00+00:00,3.8855953000000003
2023-03-18 07:45:00+00:00,3.8855953000000003
2023-03-18 08:00:00+00:00,3.8855953000000003
2023-03-18 08:15:00+00:00,3.8855953000000003
2023-03-18 08:30:00+00:00,3.8855953000000003
2023-03-18 08:45:00+00:00,3.8855953000000003
2023-03-18 09:00:00+00:00,3.886028
2023-03-18 09:15:00+00:00,3.8860682
2023-03-18 09:30:00+00:00,3.8870232000000002
2023-03-18 09:45:00+00:00,3.8950123376000003
2023-03-18 10:00:00+00:00,3.8985633
2023-03-18 10:15:00+00:00,3.9007363020000003
2023-03-18 10:30:00+00:00,3.9041108
2023-03-18 10:45:00+00:00,3.9041108
2023-03-18 11:00:00+00:00,3.9041108
2023-03-18 11:15:00+00:00,3.9041108
2023-03-18 11:30:00+00:00,3.9041108
2023-03-18 11:45:00+00:00,3.9041108
2023-03-18 12:00:00+00:00,3.9041108
2023-03-18 12:15:00+00:00,3.9128458351
2023-03-18 12:30:00+00:00,3.9129279
2023-03-18 12:45:00+00:00,3.9129279
2023-03-18 13:00:00+00:00,3.9129279
2023-03-18 13:15:00+00:00,3.9129279
2023-03-18 13:30:00+00:00,3.9129279
2023-03-18 13:45:00+00:00,3.9152607
2023-03-18 14:00:00+00:00,3.9152607
2023-03-18 14:15:00+00:00,3.9237041952
2023-03-18 14:30:00+00:00,3.9472171
2023-03-18 14:45:00+00:00,3.9622932852000003
2023-03-18 15:00:00+00:00,3.9651418
2023-03-18 15:15:00+00:00,3.9651418
2023-03-18 15:30:00+00:00,3.9651418
2023-03-18 15:45:00+00:00,3.9651418
2023-03-18 16:00:00+00:00,3.9651418
2023-03-18 16:15:00+00:00,3.9651418
2023-03-18 16:30:00+00:00,3.9651418
2023-03-18 16:45:00+00:00,3.9651418
2023-03-18 17:00:00+00:00,3.9651418
2023-03-18 17:15:00+00:00,3.9651418
2023-03-18 17:30:00+00:00,3.9651418
2023-03-18 17:45:00+00:00,3.9651418
2023-03-18 18:00:00+00:00,3.9651418
2023-03-18 18:15:00+00:00,3.9651418
2023-03-18 18:30:00+00:00,3.9651418
2023-03-18 18:45:00+00:00,3.9651418
2023-03-18 19:00:00+00:00,3.9651418
2023-03-18 19:15:00+00:00,3.9651418
2023-03-18 19:30:00+00:00,3.9651418
2023-03-18 19:45:00+00:00,3.9651418
2023-03-18 20:00:00+00:00,3.9651418
2023-03-18 20:15:00+00:00,3.9651418
2023-03-18 20:30:00+00:00,3.9651418
2023-03-18 20:45:00+00:00,3.9651418
2023-03-18 21:00:00+00:00,3.9651418
2023-03-18 21:15:00+00:00,3.9651418
2023-03-18 21:30:00+00:00,3.9651418
2023-03-18 21:45:00+00:00,3.9651418
2023-03-18 22:00:00+00:00,3.9651418
2023-03-18 22:15:00+00:00,3.9651418
2023-03-18 22:30:00+00:00,3.9651418
2023-03-18 22:45:00+00:00,3.9651418
2023-03-18 23:00:00+00:00,3.9651418
2023-03-18 23:15:00+00:00,3.9651418
2023-03-18 23:30:00+00:00,3.9651418
2023-03-18 23:45:00+00:00,3.9651418
2023-03-19 00:00:00+00:00,3.9651418
2023-03-19 00:15:00+00:00,3.9651418
2023-03-19 00:30:00+00:00,3.9651418
2023-03-19 00:45:00+00:00,3.9651418
2023-03-19 01:00:00+00:00,3.9651418
2023-03-19 01:15:00+00:00,3.9651418
2023-03-19 01:30:00+00:00,3.9651418
2023-03-19 01:45:00+00:00,3.9651418
2023-03-19 02:00:00+00:00,3.9651418
2023-03-19 02:15:00+00:00,3.9651418
2023-03-19 02:30:00+00:00,3.9651418
2023-03-19 02:45:00+00:00,3.9651418
2023-03-19 03:00:00+00:00,3.9651418
2023-03-19 03:15:00+00:00,3.9651418
2023-03-19 03:30:00+00:00,3.9651418
2023-03-19 03:45:00+00:00,3.9651418
2023-03-19 04:00:00+00:00,3.9651418
2023-03-19 04:15:00+00:00,3.9651418
2023-03-19 04:30:00+00:00,3.9651418
2023-03-19 04:45:00+00:00,3.9651418
2023-03-19 05:00:00+00:00,3.9651418
2023-03-19 05:15:00+00:00,3.9651418
2023-03-19 05:30:00+00:00,3.9651418
2023-03-19 05:45:00+00:00,3.9651418
2023-03-19 06:00:00+00:00,3.9651418
2023-03-19 06:15:00+00:00,3.9651418
2023-03-19 06:30:00+00:00,3.9651418
2023-03-19 06:45:00+00:00,3.9651418
2023-03-19 07:00:00+00:00,3.9651418
2023-03-19 07:15:00+00:00,3.9651418
2023-03-19 07:30:00+00:00,3.9651418
2023-03-19 07:45:00+00:00,3.9651418
2023-03-19 08:00:00+00:00,3.9651418
2023-03-19 08:15:00+00:00,3.9651418
2023-03-19 08:30:00+00:00,3.9651418
2023-03-19 08:45:00+00:00,3.9651418
2023-03-19 09:00:00+00:00,3.9651418
2023-03-19 09:15:00+00:00,3.9658293000000002
2023-03-19 09:30:00+00:00,3.9658293000000002
2023-03-19 09:45:00+00:00,3.9658293000000002
2023-03-19 10:00:00+00:00,3.9660903000000003
2023-03-19 10:15:00+00:00,3.9663899000000002
2023-03-19 10:30:00+00:00,3.9756308000000002
2023-03-19 10:45:00+00:00,3.979785551
2023-03-19 11:00:00+00:00,3.9910581
2023-03-19 11:15:00+00:00,3.9910581
2023-03-19 11:30:00+00:00,3.9910581
2023-03-19 11:45:00+00:00,3.9910581
2023-03-19 12:00:00+00:00,3.9910581
2023-03-19 12:15:00+00:00,3.9910581
2023-03-19 12:30:00+00:00,3.9910581
2023-03-19 12:45:00+00:00,3.9910581
2023-03-19 13:00:00+00:00,3.9910581
2023-03-19 13:15:00+00:00,3.9910581
2023-03-19 13:30:00+00:00,3.9910581
2023-03-19 13:45:00+00:00,3.9910581
2023-03-19 14:00:00+00:00,3.9910581
2023-03-19 14:15:00+00:00,3.9910581
2023-03-19 14:30:00+00:00,3.9910581
2023-03-19 14:45:00+00:00,3.9910581
2023-03-19 15:00:00+00:00,3.9910581
2023-03-19 15:15:00+00:00,3.9910581
2023-03-19 15:30:00+00:00,4.0104745152
2023-03-19 15:45:00+00:00,4.0230151
2023-03-19 16:00:00+00:00,4.0230151
2023-03-19 16:15:00+00:00,4.0230151
2023-03-19 16:30:00+00:00,4.0230151
2023-03-19 16:45:00+00:00,4.0230151
2023-03-19 17:00:00+00:00,4.0230151
2023-03-19 17:15:00+00:00,4.0230151
2023-03-19 17:30:00+00:00,4.0230151
2023-03-19 17:45:00+00:00,4.0230151
2023-03-19 18:00:00+00:00,4.0230151
2023-03-19 18:15:00+00:00,4.0230151
2023-03-19 18:30:00+00:00,4.0230151
2023-03-19 18:45:00+00:00,4.0230151
2023-03-19 19:00:00+00:00,4.0230151
2023-03-19 19:15:00+00:00,4.0230151
2023-03-19 19:30:00+00:00,4.0230151
2023-03-19 19:45:00+00:00,4.0230151
2023-03-19 20:00:00+00:00,4.0230151
2023-03-19 20:15:00+00:00,4.0230151
2023-03-19 20:30:00+00:00,4.0230151
2023-03-19 20:45:00+00:00,4.0230151
2023-03-19 21:00:00+00:00,4.0230151
2023-03-19 21:15:00+00:00,4.0230151
2023-03-19 21:30:00+00:00,4.0230151
2023-03-19 21:45:00+00:00,4.0230151
2023-03-19 22:00:00+00:00,4.0230151
2023-03-19 22:15:00+00:00,4.0230151
2023-03-19 22:30:00+00:00,4.0230151
2023-03-19 22:45:00+00:00,4.0230151
2023-03-19 23:00:00+00:00,4.0230151
2023-03-19 23:15:00+00:00,4.0230151
2023-03-19 23:30:00+00:00,4.0230151
2023-03-19 23:45:00+00:00,4.0230151
2023-03-20 00:00:00+00:00,4.0230151
2023-03-20 00:15:00+00:00,4.0230151
2023-03-20 00:30:00+00:00,4.0230151
2023-03-20 00:45:00+00:00,4.0230151
2023-03-20 01:00:00+00:00,4.0230151
2023-03-20 01:15:00+00:00,4.0230151
2023-03-20 01:30:00+00:00,4.0230151
2023-03-20 01:45:00+00:00,4.0230151
2023-03-20 02:00:00+00:00,4.0230151
2023-03-20 02:15:00+00:00,4.0230151
2023-03-20 02:30:00+00:00,4.0230151
2023-03-20 02:45:00+00:00,4.0230151
2023-03-20 03:00:00+00:00,4.0230151
2023-03-20 03:15:00+00:00,4.0230151
2023-03-20 03:30:00+00:00,4.0230151
2023-03-20 03:45:00+00:00,4.0230151
2023-03-20 04:00:00+00:00,4.0230151
2023-03-20 04:15:00+00:00,4.0230151
2023-03-20 04:30:00+00:00,4.0230151
2023-03-20 04:45:00+00:00,4.0230151
2023-03-20 05:00:00+00:00,4.0230151
2023-03-20 05:15:00+00:00,4.0230151
2023-03-20 05:30:00+00:00,4.0230151
2023-03-20 05:45:00+00:00,4.0230151
2023-03-20 06:00:00+00:00,4.0230151
2023-03-20 06:15:00+00:00,4.0230151
2023-03-20 06:30:00+00:00,4.0230151
2023-03-20 06:45:00+00:00,4.0230151
2023-03-20 07:00:00+00:00,4.0230151
2023-03-20 07:15:00+00:00,4.0230151
2023-03-20 07:30:00+00:00,4.0230151
2023-03-20 07:45:00+00:00,4.0230151
2023-03-20 08:00:00+00:00,4.0230151
2023-03-20 08:15:00+00:00,4.0230151
2023-03-20 08:30:00+00:00,4.0230151
2023-03-20 08:45:00+00:00,4.0230151
2023-03-20 09:00:00+00:00,4.0230151
2023-03-20 09:15:00+00:00,4.0230151
2023-03-20 09:30:00+00:00,4.0230262
2023-03-20 09:45:00+00:00,4.024159
2023-03-20 10:00:00+00:00,4.028460681
2023-03-20 10:15:00+00:00,4.0447838614
2023-03-20 10:30:00+00:00,4.0510668
2023-03-20 10:45:00+00:00,4.0514935
2023-03-20 11:00:00+00:00,4.0517061000000005
2023-03-20 11:15:00+00:00,4.0568184
2023-03-20 11:30:00+00:00,4.0568184
2023-03-20 11:45:00+00:00,4.0572884
2023-03-20 12:00:00+00:00,4.0584323
2023-03-20 12:15:00+00:00,4.0598804
2023-03-20 12:30:00+00:00,4.061415
2023-03-20 12:45:00+00:00,4.0645649411
2023-03-20 13:00:00+00:00,4.0805192
2023-03-20 13:15:00+00:00,4.0805192
2023-03-20 13:30:00+00:00,4.0805192
2023-03-20 13:45:00+00:00,4.0811667
2023-03-20 14:00:00+00:00,4.0811667
2023-03-20 14:15:00+00:00,4.0811667
2023-03-20 14:30:00+00:00,4.0811667
2023-03-20 14:45:00+00:00,4.0811667
2023-03-20 15:00:00+00:00,4.0811667
2023-03-20 15:15:00+00:00,4.0811667
2023-03-20 15:30:00+00:00,4.0811667
2023-03-20 15:45:00+00:00,4.0811667
2023-03-20 16:00:00+00:00,4.0811667
2023-03-20 16:15:00+00:00,4.0811667
2023-03-20 16:30:00+00:00,4.0811667
2023-03-20 16:45:00+00:00,4.0811667
2023-03-20 17:00:00+00:00,4.0811667
2023-03-20 17:15:00+00:00,4.0811667
2023-03-20 17:30:00+00:00,4.0811667
2023-03-20 17:45:00+00:00,4.0811667
2023-03-20 18:00:00+00:00,4.0811667
2023-03-20 18:15:00+00:00,4.0811667
2023-03-20 18:30:00+00:00,4.0811667
2023-03-20 18:45:00+00:00,4.0811667
2023-03-20 19:00:00+00:00,4.0811667
2023-03-20 19:15:00+00:00,4.0811667
2023-03-20 19:30:00+00:00,4.0811667
2023-03-20 19:45:00+00:00,4.0811667
2023-03-20 20:00:00+00:00,4.0811667
2023-03-20 20:15:00+00:00,4.0811667
2023-03-20 20:30:00+00:00,4.0811667
2023-03-20 20:45:00+00:00,4.0811667
2023-03-20 21:00:00+00:00,4.0811667
2023-03-20 21:15:00+00:00,4.0811667
2023-03-20 21:30:00+00:00,4.0811667
2023-03-20 21:45:00+00:00,4.0811667
2023-03-20 22:00:00+00:00,4.0811667
2023-03-20 22:15:00+00:00,4.0811667
2023-03-20 22:30:00+00:00,4.0811667
2023-03-20 22:45:00+00:00,4.0811667
2023-03-20 23:00:00+00:00,4.0811667
2023-03-20 23:15:00+00:00,4.0811667
2023-03-20 23:30:00+00:00,4.0811667
2023-03-20 23:45:00+00:00,4.0811667
2023-03-21 00:00:00+00:00,4.0811667
2023-03-21 00:15:00+00:00,4.0811667
2023-03-21 00:30:00+00:00,4.0811667
2023-03-21 00:45:00+00:00,4.0811667
2023-03-21 01:00:00+00:00,4.0811667
2023-03-21 01:15:00+00:00,4.0811667
2023-03-21 01:30:00+00:00,4.0811667
2023-03-21 01:45:00+00:00,4.0811667
2023-03-21 02:00:00+00:00,4.0811667
2023-03-21 02:15:00+00:00,4.0811667
2023-03-21 02:30:00+00:00,4.0811667
2023-03-21 02:45:00+00:00,4.0811667
2023-03-21 03:00:00+00:00,4.0811667
2023-03-21 03:15:00+00:00,4.0811667
2023-03-21 03:30:00+00:00,4.0811667
2023-03-21 03:45:00+00:00,4.0811667
2023-03-21 04:00:00+00:00,4.0811667
2023-03-21 04:15:00+00:00,4.0811667
2023-03-21 04:30:00+00:00,4.0811667
2023-03-21 04:45:00+00:00,4.0811667
2023-03-21 05:00:00+00:00,4.0811667
2023-03-21 05:15:00+00:00,4.0811667
2023-03-21 05:30:00+00:00,4.0811667
2023-03-21 05:45:00+00:00,4.0811667
2023-03-21 06:00:00+00:00,4.0811667
2023-03-21 06:15:00+00:00,4.0811667
2023-03-21 06:30:00+00:00,4.0811667
2023-03-21 06:45:00+00:00,4.0811667
2023-03-21 07:00:00+00:00,4.0811667
2023-03-21 07:15:00+00:00,4.0811667
2023-03-21 07:30:00+00:00,4.0811667
2023-03-21 07:45:00+00:00,4.0811667
2023-03-21 08:00:00+00:00,4.0811667
2023-03-21 08:15:00+00:00,4.0814101
2023-03-21 08:30:00+00:00,4.0814533
2023-03-21 08:45:00+00:00,4.0814533
2023-03-21 09:00:00+00:00,4.0814533
2023-03-21 09:15:00+00:00,4.0814533
2023-03-21 09:30:00+00:00,4.0814533
2023-03-21 09:45:00+00:00,4.0814533
2023-03-21 10:00:00+00:00,4.0814533
2023-03-21 10:15:00+00:00,4.0814533
2023-03-21 10:30:00+00:00,4.0814533
2023-03-21 10:45:00+00:00,4.0814533
2023-03-21 11:00:00+00:00,4.0814533
2023-03-21 11:15:00+00:00,4.0814533
2023-03-21 11:30:00+00:00,4.0814533
2023-03-21 11:45:00+00:00,4.081511
2023-03-21 12:00:00+00:00,4.081667700000001
2023-03-21 12:15:00+00:00,4.082841
2023-03-21 12:30:00+00:00,4.0848492
2023-03-21 12:45:00+00:00,4.0848492
2023-03-21 13:00:00+00:00,4.0848492
2023-03-21 13:15:00+00:00,4.0848492
2023-03-21 13:30:00+00:00,4.0848492
2023-03-21 13:45:00+00:00,4.0848492
2023-03-21 14:00:00+00:00,4.0848492
2023-03-21 14:15:00+00:00,4.0848492
2023-03-21 14:30:00+00:00,4.0848492
2023-03-21 14:45:00+00:00,4.0848492
2023-03-21 15:00:00+00:00,4.0848492
2023-03-21 15:15:00+00:00,4.0848492
2023-03-21 15:30:00+00:00,4.0848492
2023-03-21 15:45:00+00:00,4.0848492
2023-03-21 16:00:00+00:00,4.0848492
2023-03-21 16:15:00+00:00,4.0848492
2023-03-21 16:30:00+00:00,4.0848492
2023-03-21 16:45:00+00:00,4.0848492
2023-03-21 17:00:00+00:00,4.0848492
2023-03-21 17:15:00+00:00,4.0848492
2023-03-21 17:30:00+00:00,4.0848492
2023-03-21 17:45:00+00:00,4.0848492
2023-03-21 18:00:00+00:00,4.0848492
2023-03-21 18:15:00+00:00,4.0848492
2023-03-21 18:30:00+00:00,4.0848492
2023-03-21 18:45:00+00:00,4.0848492
2023-03-21 19:00:00+00:00,4.0848492
2023-03-21 19:15:00+00:00,4.0848492
2023-03-21 19:30:00+00:00,4.0848492
2023-03-21 19:45:00+00:00,4.0848492
2023-03-21 20:00:00+00:00,4.0848492
2023-03-21 20:15:00+00:00,4.0848492
2023-03-21 20:30:00+00:00,4.0848492
2023-03-21 20:45:00+00:00,4.0848492
2023-03-21 21:00:00+00:00,4.0848492
2023-03-21 21:15:00+00:00,4.0848492
2023-03-21 21:30:00+00:00,4.0848492
2023-03-21 21:45:00+00:00,4.0848492
2023-03-21 22:00:00+00:00,4.0848492
2023-03-21 22:15:00+00:00,4.0848492
2023-03-21 22:30:00+00:00,4.0848492
2023-03-21 22:45:00+00:00,4.0848492
2023-03-21 23:00:00+00:00,4.0848492
2023-03-21 23:15:00+00:00,4.0848492
2023-03-21 23:30:00+00:00,4.0848492
2023-03-21 23:45:00+00:00,4.0848492
2023-03-22 00:00:00+00:00,4.0848492
2023-03-22 00:15:00+00:00,4.0848492
2023-03-22 00:30:00+00:00,4.0848492
2023-03-22 00:45:00+00:00,4.0848492
2023-03-22 01:00:00+00:00,4.0848492
2023-03-22 01:15:00+00:00,4.0848492
2023-03-22 01:30:00+00:00,4.0848492
2023-03-22 01:45:00+00:00,4.0848492
2023-03-22 02:00:00+00:00,4.0848492
2023-03-22 02:15:00+00:00,4.0848492
2023-03-22 02:30:00+00:00,4.0848492
2023-03-22 02:45:00+00:00,4.0848492
2023-03-22 03:00:00+00:00,4.0848492
2023-03-22 03:15:00+00:00,4.0848492
2023-03-22 03:30:00+00:00,4.0848492
2023-03-22 03:45:00+00:00,4.0848492
2023-03-22 04:00:00+00:00,4.0848492
2023-03-22 04:15:00+00:00,4.0848492
2023-03-22 04:30:00+00:00,4.0848492
2023-03-22 04:45:00+00:00,4.0848492
2023-03-22 05:00:00+00:00,4.0848492
2023-03-22 05:15:00+00:00,4.0848492
2023-03-22 05:30:00+00:00,4.0848492
2023-03-22 05:45:00+00:00,4.0848492
2023-03-22 06:00:00+00:00,4.0848492
2023-03-22 06:15:00+00:00,4.0848492
2023-03-22 06:30:00+00:00,4.0848492
2023-03-22 06:45:00+00:00,4.0848492
2023-03-22 07:00:00+00:00,4.0848492
2023-03-22 07:15:00+00:00,4.0848492
2023-03-22 07:30:00+00:00,4.0848492
2023-03-22 07:45:00+00:00,4.0848492
2023-03-22 08:00:00+00:00,4.0848492
2023-03-22 08:15:00+00:00,4.0848492
2023-03-22 08:30:00+00:00,4.0848492
2023-03-22 08:45:00+00:00,4.0852197724
2023-03-22 09:00:00+00:00,4.088382881
2023-03-22 09:15:00+00:00,4.097651483
2023-03-22 09:30:00+00:00,4.1089181
2023-03-22 09:45:00+00:00,4.128490938400001
2023-03-22 10:00:00+00:00,4.1457318855
2023-03-22 10:15:00+00:00,4.157076061
2023-03-22 10:30:00+00:00,4.1837266544
2023-03-22 10:45:00+00:00,4.2176732
2023-03-22 11:00:00+00:00,4.2426641075000004
2023-03-22 11:15:00+00:00,4.2568911
2023-03-22 11:30:00+00:00,4.2734291
2023-03-22 11:45:00+00:00,4.3086662692
2023-03-22 12:00:00+00:00,4.352573048
2023-03-22 12:15:00+00:00,4.4035995992000005
2023-03-22 12:30:00+00:00,4.4469802000000005
2023-03-22 12:45:00+00:00,4.4841425820000005
2023-03-22 13:00:00+00:00,4.516448779
2023-03-22 13:15:00+00:00,4.5284013000000005
2023-03-22 13:30:00+00:00,4.5312206
2023-03-22 13:45:00+00:00,4.5492662
2023-03-22 14:00:00+00:00,4.5492662
2023-03-22 14:15:00+00:00,4.5492662
2023-03-22 14:30:00+00:00,4.5492662
2023-03-22 14:45:00+00:00,4.5492662
2023-03-22 15:00:00+00:00,4.5492662
2023-03-22 15:15:00+00:00,4.5492662
2023-03-22 15:30:00+00:00,4.5492662
2023-03-22 15:45:00+00:00,4.5492662
2023-03-22 16:00:00+00:00,4.5492662
2023-03-22 16:15:00+00:00,4.5492662
2023-03-22 16:30:00+00:00,4.5492662
2023-03-22 16:45:00+00:00,4.5492662
2023-03-22 17:00:00+00:00,4.5492662
2023-03-22 17:15:00+00:00,4.5492662
2023-03-22 17:30:00+00:00,4.5492662
2023-03-22 17:45:00+00:00,4.5492662
2023-03-22 18:00:00+00:00,4.5492662
2023-03-22 18:15:00+00:00,4.5492662
2023-03-22 18:30:00+00:00,4.5492662
2023-03-22 18:45:00+00:00,4.5492662
2023-03-22 19:00:00+00:00,4.5492662
2023-03-22 19:15:00+00:00,4.5492662
2023-03-22 19:30:00+00:00,4.5492662
2023-03-22 19:45:00+00:00,4.5492662
2023-03-22 20:00:00+00:00,4.5492662
2023-03-22 20:15:00+00:00,4.5492662
2023-03-22 20:30:00+00:00,4.5492662
2023-03-22 20:45:00+00:00,4.5492662
2023-03-22 21:00:00+00:00,4.5492662
2023-03-22 21:15:00+00:00,4.5492662
2023-03-22 21:30:00+00:00,4.5492662
2023-03-22 21:45:00+00:00,4.5492662
2023-03-22 22:00:00+00:00,4.5492662
2023-03-22 22:15:00+00:00,4.5492662
2023-03-22 22:30:00+00:00,4.5492662
2023-03-22 22:45:00+00:00,4.5492662
2023-03-22 23:00:00+00:00,4.5492662
2023-03-22 23:15:00+00:00,4.5492662
2023-03-22 23:30:00+00:00,4.5492662
2023-03-22 23:45:00+00:00,4.5492662
2023-03-23 00:00:00+00:00,4.5492662
2023-03-23 00:15:00+00:00,4.5492662
2023-03-23 00:30:00+00:00,4.5492662
2023-03-23 00:45:00+00:00,4.5492662
2023-03-23 01:00:00+00:00,4.5492662
2023-03-23 01:15:00+00:00,4.5492662
2023-03-23 01:30:00+00:00,4.5492662
2023-03-23 01:45:00+00:00,4.5492662
2023-03-23 02:00:00+00:00,4.5492662
2023-03-23 02:15:00+00:00,4.5492662
2023-03-23 02:30:00+00:00,4.5492662
2023-03-23 02:45:00+00:00,4.5492662
2023-03-23 03:00:00+00:00,4.5492662
2023-03-23 03:15:00+00:00,4.5492662
2023-03-23 03:30:00+00:00,4.5492662
2023-03-23 03:45:00+00:00,4.5492662
2023-03-23 04:00:00+00:00,4.5492662
2023-03-23 04:15:00+00:00,4.5492662
2023-03-23 04:30:00+00:00,4.5492662
2023-03-23 04:45:00+00:00,4.5492662
2023-03-23 05:00:00+00:00,4.5492662
2023-03-23 05:15:00+00:00,4.5492662
2023-03-23 05:30:00+00:00,4.5492662
2023-03-23 05:45:00+00:00,4.5492662
2023-03-23 06:00:00+00:00,4.5492662
2023-03-23 06:15:00+00:00,4.5492662
2023-03-23 06:30:00+00:00,4.5492662
2023-03-23 06:45:00+00:00,4.5492662
2023-03-23 07:00:00+00:00,4.5492662
2023-03-23 07:15:00+00:00,4.5492662
2023-03-23 07:30:00+00:00,4.5492662
2023-03-23 07:45:00+00:00,4.5492662
2023-03-23 08:00:00+00:00,4.5492662
2023-03-23 08:15:00+00:00,4.5492662
2023-03-23 08:30:00+00:00,4.5492662
2023-03-23 08:45:00+00:00,4.5492662
2023-03-23 09:00:00+00:00,4.5492662
2023-03-23 09:15:00+00:00,4.5492662
2023-03-23 09:30:00+00:00,4.5492662
2023-03-23 09:45:00+00:00,4.5492662
2023-03-23 10:00:00+00:00,4.5492662
2023-03-23 10:15:00+00:00,4.5492662
2023-03-23 10:30:00+00:00,4.5492662
2023-03-23 10:45:00+00:00,4.5492662
2023-03-23 11:00:00+00:00,4.5492662
2023-03-23 11:15:00+00:00,4.5492662
2023-03-23 11:30:00+00:00,4.5492662
2023-03-23 11:45:00+00:00,4.5492662
2023-03-23 12:00:00+00:00,4.5492662
2023-03-23 12:15:00+00:00,4.5492662
2023-03-23 12:30:00+00:00,4.5492662
2023-03-23 12:45:00+00:00,4.5492662
2023-03-23 13:00:00+00:00,4.5492662
2023-03-23 13:15:00+00:00,4.5492662
2023-03-23 13:30:00+00:00,4.5492662
2023-03-23 13:45:00+00:00,4.5492662
2023-03-23 14:00:00+00:00,4.5492662
2023-03-23 14:15:00+00:00,4.5492662
2023-03-23 14:30:00+00:00,4.5492662
2023-03-23 14:45:00+00:00,4.5492662
2023-03-23 15:00:00+00:00,4.5492662
2023-03-23 15:15:00+00:00,4.5492662
2023-03-23 15:30:00+00:00,4.5492662
2023-03-23 15:45:00+00:00,4.5492662
2023-03-23 16:00:00+00:00,4.5492662
2023-03-23 16:15:00+00:00,4.5492662
2023-03-23 16:30:00+00:00,4.5492662
2023-03-23 16:45:00+00:00,4.5492662
2023-03-23 17:00:00+00:00,4.5492662
2023-03-23 17:15:00+00:00,4.5492662
2023-03-23 17:30:00+00:00,4.5492662
2023-03-23 17:45:00+00:00,4.5492662
2023-03-23 18:00:00+00:00,4.5492662
2023-03-23 18:15:00+00:00,4.5492662
2023-03-23 18:30:00+00:00,4.5492662
2023-03-23 18:45:00+00:00,4.5492662
2023-03-23 19:00:00+00:00,4.5492662
2023-03-23 19:15:00+00:00,4.5492662
2023-03-23 19:30:00+00:00,4.5492662
2023-03-23 19:45:00+00:00,4.5492662
2023-03-23 20:00:00+00:00,4.5492662
2023-03-23 20:15:00+00:00,4.5492662
2023-03-23 20:30:00+00:00,4.5492662
2023-03-23 20:45:00+00:00,4.5492662
2023-03-23 21:00:00+00:00,4.5492662
2023-03-23 21:15:00+00:00,4.5492662
2023-03-23 21:30:00+00:00,4.5492662
2023-03-23 21:45:00+00:00,4.5492662
2023-03-23 22:00:00+00:00,4.5492662
2023-03-23 22:15:00+00:00,4.5492662
2023-03-23 22:30:00+00:00,4.5492662
2023-03-23 22:45:00+00:00,4.5492662
2023-03-23 23:00:00+00:00,4.5492662
2023-03-23 23:15:00+00:00,4.5492662
2023-03-23 23:30:00+00:00,4.5492662
2023-03-23 23:45:00+00:00,4.5492662
2023-03-24 00:00:00+00:00,4.5492662
2023-03-24 00:15:00+00:00,4.5492662
2023-03-24 00:30:00+00:00,4.5492662
2023-03-24 00:45:00+00:00,4.5492662
2023-03-24 01:00:00+00:00,4.5492662
2023-03-24 01:15:00+00:00,4.5492662
2023-03-24 01:30:00+00:00,4.5492662
2023-03-24 01:45:00+00:00,4.5492662
2023-03-24 02:00:00+00:00,4.5492662
2023-03-24 02:15:00+00:00,4.5492662
2023-03-24 02:30:00+00:00,4.5492662
2023-03-24 02:45:00+00:00,4.5492662
2023-03-24 03:00:00+00:00,4.5492662
2023-03-24 03:15:00+00:00,4.5492662
2023-03-24 03:30:00+00:00,4.5492662
2023-03-24 03:45:00+00:00,4.5492662
2023-03-24 04:00:00+00:00,4.5492662
2023-03-24 04:15:00+00:00,4.5492662
2023-03-24 04:30:00+00:00,4.5492662
2023-03-24 04:45:00+00:00,4.5492662
2023-03-24 05:00:00+00:00,4.5492662
2023-03-24 05:15:00+00:00,4.5492662
2023-03-24 05:30:00+00:00,4.5492662
2023-03-24 05:45:00+00:00,4.5492662
2023-03-24 06:00:00+00:00,4.5492662
2023-03-24 06:15:00+00:00,4.5492662
2023-03-24 06:30:00+00:00,4.5492662
2023-03-24 06:45:00+00:00,4.5492662
2023-03-24 07:00:00+00:00,4.5492662
2023-03-24 07:15:00+00:00,4.5492662
2023-03-24 07:30:00+00:00,4.5492662
2023-03-24 07:45:00+00:00,4.5492662
2023-03-24 08:00:00+00:00,4.5492662
2023-03-24 08:15:00+00:00,4.5492662
2023-03-24 08:30:00+00:00,4.5492662
2023-03-24 08:45:00+00:00,4.5492662
2023-03-24 09:00:00+00:00,4.5492662
2023-03-24 09:15:00+00:00,4.5492662
2023-03-24 09:30:00+00:00,4.5492662
2023-03-24 09:45:00+00:00,4.5492662
2023-03-24 10:00:00+00:00,4.5492662
2023-03-24 10:15:00+00:00,4.5492662
2023-03-24 10:30:00+00:00,4.5492662
2023-03-24 10:45:00+00:00,4.5492662
2023-03-24 11:00:00+00:00,4.5492662
2023-03-24 11:15:00+00:00,4.5511043815
2023-03-24 11:30:00+00:00,4.5522091
2023-03-24 11:45:00+00:00,4.5522091
2023-03-24 12:00:00+00:00,4.5522091
2023-03-24 12:15:00+00:00,4.5522091
2023-03-24 12:30:00+00:00,4.5522091
2023-03-24 12:45:00+00:00,4.5522091
2023-03-24 13:00:00+00:00,4.5522091
2023-03-24 13:15:00+00:00,4.5522091
2023-03-24 13:30:00+00:00,4.5522091
2023-03-24 13:45:00+00:00,4.5522091
2023-03-24 14:00:00+00:00,4.5522091
2023-03-24 14:15:00+00:00,4.5522091
2023-03-24 14:30:00+00:00,4.5522091
2023-03-24 14:45:00+00:00,4.5522091
2023-03-24 15:00:00+00:00,4.5522091
2023-03-24 15:15:00+00:00,4.5522091
2023-03-24 15:30:00+00:00,4.552843
2023-03-24 15:45:00+00:00,4.552843
2023-03-24 16:00:00+00:00,4.5541606
2023-03-24 16:15:00+00:00,4.5545066
2023-03-24 16:30:00+00:00,4.5545066
2023-03-24 16:45:00+00:00,4.5545066
2023-03-24 17:00:00+00:00,4.5545066
2023-03-24 17:15:00+00:00,4.5545066
2023-03-24 17:30:00+00:00,4.5545066
2023-03-24 17:45:00+00:00,4.5545066
2023-03-24 18:00:00+00:00,4.5545066
2023-03-24 18:15:00+00:00,4.5545066
2023-03-24 18:30:00+00:00,4.5545066
2023-03-24 18:45:00+00:00,4.5545066
2023-03-24 19:00:00+00:00,4.5545066
2023-03-24 19:15:00+00:00,4.5545066
2023-03-24 19:30:00+00:00,4.5545066
2023-03-24 19:45:00+00:00,4.5545066
2023-03-24 20:00:00+00:00,4.5545066
2023-03-24 20:15:00+00:00,4.5545066
2023-03-24 20:30:00+00:00,4.5545066
2023-03-24 20:45:00+00:00,4.5545066
2023-03-24 21:00:00+00:00,4.5545066
2023-03-24 21:15:00+00:00,4.5545066
2023-03-24 21:30:00+00:00,4.5545066
2023-03-24 21:45:00+00:00,4.5545066
2023-03-24 22:00:00+00:00,4.5545066
2023-03-24 22:15:00+00:00,4.5545066
2023-03-24 22:30:00+00:00,4.5545066
2023-03-24 22:45:00+00:00,4.5545066
2023-03-24 23:00:00+00:00,4.5545066
2023-03-24 23:15:00+00:00,4.5545066
2023-03-24 23:30:00+00:00,4.5545066
2023-03-24 23:45:00+00:00,4.5545066
2023-03-25 00:00:00+00:00,4.5545066
2023-03-25 00:15:00+00:00,4.5545066
2023-03-25 00:30:00+00:00,4.5545066
2023-03-25 00:45:00+00:00,4.5545066
2023-03-25 01:00:00+00:00,4.5545066
2023-03-25 01:15:00+00:00,4.5545066
2023-03-25 01:30:00+00:00,4.5545066
2023-03-25 01:45:00+00:00,4.5545066
2023-03-25 02:00:00+00:00,4.5545066
2023-03-25 02:15:00+00:00,4.5545066
2023-03-25 02:30:00+00:00,4.5545066
2023-03-25 02:45:00+00:00,4.5545066
2023-03-25 03:00:00+00:00,4.5545066
2023-03-25 03:15:00+00:00,4.5545066
2023-03-25 03:30:00+00:00,4.5545066
2023-03-25 03:45:00+00:00,4.5545066
2023-03-25 04:00:00+00:00,4.5545066
2023-03-25 04:15:00+00:00,4.5545066
2023-03-25 04:30:00+00:00,4.5545066
2023-03-25 04:45:00+00:00,4.5545066
2023-03-25 05:00:00+00:00,4.5545066
2023-03-25 05:15:00+00:00,4.5545066
2023-03-25 05:30:00+00:00,4.5545066
2023-03-25 05:45:00+00:00,4.5545066
2023-03-25 06:00:00+00:00,4.5545066
2023-03-25 06:15:00+00:00,4.5545066
2023-03-25 06:30:00+00:00,4.5545066
2023-03-25 06:45:00+00:00,4.5545066
2023-03-25 07:00:00+00:00,4.5545066
2023-03-25 07:15:00+00:00,4.5545066
2023-03-25 07:30:00+00:00,4.5545066
2023-03-25 07:45:00+00:00,4.5545066
2023-03-25 08:00:00+00:00,4.5545066
2023-03-25 08:15:00+00:00,4.5545068
2023-03-25 08:30:00+00:00,4.5545068
2023-03-25 08:45:00+00:00,4.5545068
2023-03-25 09:00:00+00:00,4.5545068
2023-03-25 09:15:00+00:00,4.5571018144
2023-03-25 09:30:00+00:00,4.5593312
2023-03-25 09:45:00+00:00,4.5593312
2023-03-25 10:00:00+00:00,4.5593312
2023-03-25 10:15:00+00:00,4.5593312
2023-03-25 10:30:00+00:00,4.5593312
2023-03-25 10:45:00+00:00,4.5593312
2023-03-25 11:00:00+00:00,4.561114912
2023-03-25 11:15:00+00:00,4.5635491
2023-03-25 11:30:00+00:00,4.5728609074
2023-03-25 11:45:00+00:00,4.5744791000000005
2023-03-25 12:00:00+00:00,4.5746113
2023-03-25 12:15:00+00:00,4.5814071
2023-03-25 12:30:00+00:00,4.5914260998000005
2023-03-25 12:45:00+00:00,4.600344
2023-03-25 13:00:00+00:00,4.6062713
2023-03-25 13:15:00+00:00,4.6412688
2023-03-25 13:30:00+00:00,4.6450685
2023-03-25 13:45:00+00:00,4.6597353
2023-03-25 14:00:00+00:00,4.6638407
2023-03-25 14:15:00+00:00,4.6647928
2023-03-25 14:30:00+00:00,4.670955
2023-03-25 14:45:00+00:00,4.6773530866
2023-03-25 15:00:00+00:00,4.6879958
2023-03-25 15:15:00+00:00,4.6896109
2023-03-25 15:30:00+00:00,4.6951923088
2023-03-25 15:45:00+00:00,4.6994479
2023-03-25 16:00:00+00:00,4.6994479
2023-03-25 16:15:00+00:00,4.7062495686000005
2023-03-25 16:30:00+00:00,4.7070696000000005
2023-03-25 16:45:00+00:00,4.7070696000000005
2023-03-25 17:00:00+00:00,4.7070696000000005
2023-03-25 17:15:00+00:00,4.7070696000000005
2023-03-25 17:30:00+00:00,4.7070696000000005
2023-03-25 17:45:00+00:00,4.7070696000000005
2023-03-25 18:00:00+00:00,4.7070696000000005
2023-03-25 18:15:00+00:00,4.7070696000000005
2023-03-25 18:30:00+00:00,4.7070696000000005
2023-03-25 18:45:00+00:00,4.7070696000000005
2023-03-25 19:00:00+00:00,4.7070696000000005
2023-03-25 19:15:00+00:00,4.7070696000000005
2023-03-25 19:30:00+00:00,4.7070696000000005
2023-03-25 19:45:00+00:00,4.7070696000000005
2023-03-25 20:00:00+00:00,4.7070696000000005
2023-03-25 20:15:00+00:00,4.7070696000000005
2023-03-25 20:30:00+00:00,4.7070696000000005
2023-03-25 20:45:00+00:00,4.7070696000000005
2023-03-25 21:00:00+00:00,4.7070696000000005
2023-03-25 21:15:00+00:00,4.7070696000000005
2023-03-25 21:30:00+00:00,4.7070696000000005
2023-03-25 21:45:00+00:00,4.7070696000000005
2023-03-25 22:00:00+00:00,4.7070696000000005
2023-03-25 22:15:00+00:00,4.7070696000000005
2023-03-25 22:30:00+00:00,4.7070696000000005
2023-03-25 22:45:00+00:00,4.7070696000000005
2023-03-25 23:00:00+00:00,4.7070696000000005
2023-03-25 23:15:00+00:00,4.7070696000000005
2023-03-25 23:30:00+00:00,4.7070696000000005
2023-03-25 23:45:00+00:00,4.7070696000000005
2023-03-26 00:00:00+00:00,4.7070696000000005
2023-03-26 00:15:00+00:00,4.7070696000000005
2023-03-26 00:30:00+00:00,4.7070696000000005
2023-03-26 00:45:00+00:00,4.7070696000000005
2023-03-26 01:00:00+00:00,4.7070696000000005
2023-03-26 01:15:00+00:00,4.7070696000000005
2023-03-26 01:30:00+00:00,4.7070696000000005
2023-03-26 01:45:00+00:00,4.7070696000000005
2023-03-26 02:00:00+00:00,4.7070696000000005
2023-03-26 02:15:00+00:00,4.7070696000000005
2023-03-26 02:30:00+00:00,4.7070696000000005
2023-03-26 02:45:00+00:00,4.7070696000000005
2023-03-26 03:00:00+00:00,4.7070696000000005
2023-03-26 03:15:00+00:00,4.7070696000000005
2023-03-26 03:30:00+00:00,4.7070696000000005
2023-03-26 03:45:00+00:00,4.7070696000000005
2023-03-26 04:00:00+00:00,4.7070696000000005
2023-03-26 04:15:00+00:00,4.7070696000000005
2023-03-26 04:30:00+00:00,4.7070696000000005
2023-03-26 04:45:00+00:00,4.7070696000000005
2023-03-26 05:00:00+00:00,4.7070696000000005
2023-03-26 05:15:00+00:00,4.7070696000000005
2023-03-26 05:30:00+00:00,4.7070696000000005
2023-03-26 05:45:00+00:00,4.7070696000000005
2023-03-26 06:00:00+00:00,4.7070696000000005
2023-03-26 06:15:00+00:00,4.7070696000000005
2023-03-26 06:30:00+00:00,4.7070696000000005
2023-03-26 06:45:00+00:00,4.7070696000000005
2023-03-26 07:00:00+00:00,4.7070696000000005
2023-03-26 07:15:00+00:00,4.7070696000000005
2023-03-26 07:30:00+00:00,4.7070696000000005
2023-03-26 07:45:00+00:00,4.7070696000000005
2023-03-26 08:00:00+00:00,4.7070696000000005
2023-03-26 08:15:00+00:00,4.7070696000000005
2023-03-26 08:30:00+00:00,4.7070696000000005
2023-03-26 08:45:00+00:00,4.7070696000000005
2023-03-26 09:00:00+00:00,4.7070696000000005
2023-03-26 09:15:00+00:00,4.7070696000000005
2023-03-26 09:30:00+00:00,4.7070696000000005
2023-03-26 09:45:00+00:00,4.7070696000000005
2023-03-26 10:00:00+00:00,4.7070696000000005
2023-03-26 10:15:00+00:00,4.7070696000000005
2023-03-26 10:30:00+00:00,4.7070696000000005
2023-03-26 10:45:00+00:00,4.7070696000000005
2023-03-26 11:00:00+00:00,4.712062055800001
2023-03-26 11:15:00+00:00,4.7166250000000005
2023-03-26 11:30:00+00:00,4.7208629114
2023-03-26 11:45:00+00:00,4.7553725
2023-03-26 12:00:00+00:00,4.7881299
2023-03-26 12:15:00+00:00,4.7975155
2023-03-26 12:30:00+00:00,4.8046847
2023-03-26 12:45:00+00:00,4.8068079
2023-03-26 13:00:00+00:00,4.8228539988
2023-03-26 13:15:00+00:00,4.8535266
2023-03-26 13:30:00+00:00,4.8617285
2023-03-26 13:45:00+00:00,4.8617285
2023-03-26 14:00:00+00:00,4.8617285
2023-03-26 14:15:00+00:00,4.8617285
2023-03-26 14:30:00+00:00,4.8617285
2023-03-26 14:45:00+00:00,4.8617285
2023-03-26 15:00:00+00:00,4.8617285
2023-03-26 15:15:00+00:00,4.8617285
2023-03-26 15:30:00+00:00,4.8617285
2023-03-26 15:45:00+00:00,4.8617285
2023-03-26 16:00:00+00:00,4.8617285
2023-03-26 16:15:00+00:00,4.8617285
2023-03-26 16:30:00+00:00,4.8617285
2023-03-26 16:45:00+00:00,4.8617285
2023-03-26 17:00:00+00:00,4.8617285
2023-03-26 17:15:00+00:00,4.8617285
2023-03-26 17:30:00+00:00,4.8617285
2023-03-26 17:45:00+00:00,4.8617285
2023-03-26 18:00:00+00:00,4.8617285
2023-03-26 18:15:00+00:00,4.8617285
2023-03-26 18:30:00+00:00,4.8617285
2023-03-26 18:45:00+00:00,4.8617285
2023-03-26 19:00:00+00:00,4.8617285
2023-03-26 19:15:00+00:00,4.8617285
2023-03-26 19:30:00+00:00,4.8617285
2023-03-26 19:45:00+00:00,4.8617285
2023-03-26 20:00:00+00:00,4.8617285
2023-03-26 20:15:00+00:00,4.8617285
2023-03-26 20:30:00+00:00,4.8617285
2023-03-26 20:45:00+00:00,4.8617285
2023-03-26 21:00:00+00:00,4.8617285
2023-03-26 21:15:00+00:00,4.8617285
2023-03-26 21:30:00+00:00,4.8617285
2023-03-26 21:45:00+00:00,4.8617285
2023-03-26 22:00:00+00:00,4.8617285
2023-03-26 22:15:00+00:00,4.8617285
2023-03-26 22:30:00+00:00,4.8617285
2023-03-26 22:45:00+00:00,4.8617285
2023-03-26 23:00:00+00:00,4.8617285
2023-03-26 23:15:00+00:00,4.8617285
2023-03-26 23:30:00+00:00,4.8617285
2023-03-26 23:45:00+00:00,4.8617285
2023-03-27 00:00:00+00:00,4.8617285
2023-03-27 00:15:00+00:00,4.8617285
2023-03-27 00:30:00+00:00,4.8617285
2023-03-27 00:45:00+00:00,4.8617285
2023-03-27 01:00:00+00:00,4.8617285
2023-03-27 01:15:00+00:00,4.8617285
2023-03-27 01:30:00+00:00,4.8617285
2023-03-27 01:45:00+00:00,4.8617285
2023-03-27 02:00:00+00:00,4.8617285
2023-03-27 02:15:00+00:00,4.8617285
2023-03-27 02:30:00+00:00,4.8617285
2023-03-27 02:45:00+00:00,4.8617285
2023-03-27 03:00:00+00:00,4.8617285
2023-03-27 03:15:00+00:00,4.8617285
2023-03-27 03:30:00+00:00,4.8617285
2023-03-27 03:45:00+00:00,4.8617285
2023-03-27 04:00:00+00:00,4.8617285
2023-03-27 04:15:00+00:00,4.8617285
2023-03-27 04:30:00+00:00,4.8617285
2023-03-27 04:45:00+00:00,4.8617285
2023-03-27 05:00:00+00:00,4.8617285
2023-03-27 05:15:00+00:00,4.8617285
2023-03-27 05:30:00+00:00,4.8617285
2023-03-27 05:45:00+00:00,4.8617285
2023-03-27 06:00:00+00:00,4.8617285
2023-03-27 06:15:00+00:00,4.8617285
2023-03-27 06:30:00+00:00,4.8617285
2023-03-27 06:45:00+00:00,4.8617285
2023-03-27 07:00:00+00:00,4.8617285
2023-03-27 07:15:00+00:00,4.8617285
2023-03-27 07:30:00+00:00,4.8617285
2023-03-27 07:45:00+00:00,4.8617285
2023-03-27 08:00:00+00:00,4.8617285
2023-03-27 08:15:00+00:00,4.8617285
2023-03-27 08:30:00+00:00,4.8617285
2023-03-27 08:45:00+00:00,4.8617285
2023-03-27 09:00:00+00:00,4.8617285
2023-03-27 09:15:00+00:00,4.8617522
2023-03-27 09:30:00+00:00,4.869523792
2023-03-27 09:45:00+00:00,4.871929000000001
2023-03-27 10:00:00+00:00,4.873270300000001
2023-03-27 10:15:00+00:00,4.8735143
2023-03-27 10:30:00+00:00,4.8735143
2023-03-27 10:45:00+00:00,4.8754985068000005
2023-03-27 11:00:00+00:00,4.9018407032
2023-03-27 11:15:00+00:00,4.9064181
2023-03-27 11:30:00+00:00,4.9064181
2023-03-27 11:45:00+00:00,4.9064181
2023-03-27 12:00:00+00:00,4.9074196468
2023-03-27 12:15:00+00:00,4.907856600000001
2023-03-27 12:30:00+00:00,4.907856600000001
2023-03-27 12:45:00+00:00,4.907856600000001
2023-03-27 13:00:00+00:00,4.907856600000001
2023-03-27 13:15:00+00:00,4.907856600000001
2023-03-27 13:30:00+00:00,4.907856600000001
2023-03-27 13:45:00+00:00,4.9127305
2023-03-27 14:00:00+00:00,4.9190283
2023-03-27 14:15:00+00:00,4.9271556
2023-03-27 14:30:00+00:00,4.9273336
2023-03-27 14:45:00+00:00,4.9273336
2023-03-27 15:00:00+00:00,4.9273336
2023-03-27 15:15:00+00:00,4.9346503
2023-03-27 15:30:00+00:00,4.9346503
2023-03-27 15:45:00+00:00,4.9346503
2023-03-27 16:00:00+00:00,4.9426597
2023-03-27 16:15:00+00:00,4.943494
2023-03-27 16:30:00+00:00,4.943494
2023-03-27 16:45:00+00:00,4.943494
2023-03-27 17:00:00+00:00,4.943494
2023-03-27 17:15:00+00:00,4.943494
2023-03-27 17:30:00+00:00,4.943494
2023-03-27 17:45:00+00:00,4.943494
2023-03-27 18:00:00+00:00,4.943494
2023-03-27 18:15:00+00:00,4.943494
2023-03-27 18:30:00+00:00,4.943494
2023-03-27 18:45:00+00:00,4.943494
2023-03-27 19:00:00+00:00,4.943494
2023-03-27 19:15:00+00:00,4.943494
2023-03-27 19:30:00+00:00,4.943494
2023-03-27 19:45:00+00:00,4.943494
2023-03-27 20:00:00+00:00,4.943494
2023-03-27 20:15:00+00:00,4.943494
2023-03-27 20:30:00+00:00,4.943494
2023-03-27 20:45:00+00:00,4.943494
2023-03-27 21:00:00+00:00,4.943494
2023-03-27 21:15:00+00:00,4.943494
2023-03-27 21:30:00+00:00,4.943494
2023-03-27 21:45:00+00:00,4.943494
2023-03-27 22:00:00+00:00,4.943494
2023-03-27 22:15:00+00:00,4.943494
2023-03-27 22:30:00+00:00,4.943494
2023-03-27 22:45:00+00:00,4.943494
2023-03-27 23:00:00+00:00,4.943494
2023-03-27 23:15:00+00:00,4.943494
2023-03-27 23:30:00+00:00,4.943494
2023-03-27 23:45:00+00:00,4.943494
2023-03-28 00:00:00+00:00,4.943494
2023-03-28 00:15:00+00:00,4.943494
2023-03-28 00:30:00+00:00,4.943494
2023-03-28 00:45:00+00:00,4.943494
2023-03-28 01:00:00+00:00,4.943494
2023-03-28 01:15:00+00:00,4.943494
2023-03-28 01:30:00+00:00,4.943494
2023-03-28 01:45:00+00:00,4.943494
2023-03-28 02:00:00+00:00,4.943494
2023-03-28 02:15:00+00:00,4.943494
2023-03-28 02:30:00+00:00,4.943494
2023-03-28 02:45:00+00:00,4.943494
2023-03-28 03:00:00+00:00,4.943494
2023-03-28 03:15:00+00:00,4.943494
2023-03-28 03:30:00+00:00,4.943494
2023-03-28 03:45:00+00:00,4.943494
2023-03-28 04:00:00+00:00,4.943494
2023-03-28 04:15:00+00:00,4.943494
2023-03-28 04:30:00+00:00,4.943494
2023-03-28 04:45:00+00:00,4.943494
2023-03-28 05:00:00+00:00,4.943494
2023-03-28 05:15:00+00:00,4.943494
2023-03-28 05:30:00+00:00,4.943494
2023-03-28 05:45:00+00:00,4.943494
2023-03-28 06:00:00+00:00,4.943494
2023-03-28 06:15:00+00:00,4.943494
2023-03-28 06:30:00+00:00,4.943494
2023-03-28 06:45:00+00:00,4.943494
2023-03-28 07:00:00+00:00,4.943494
2023-03-28 07:15:00+00:00,4.943494
2023-03-28 07:30:00+00:00,4.943494
2023-03-28 07:45:00+00:00,4.943494
2023-03-28 08:00:00+00:00,4.943494
2023-03-28 08:15:00+00:00,4.943494
2023-03-28 08:30:00+00:00,4.943494
2023-03-28 08:45:00+00:00,4.943494
2023-03-28 09:00:00+00:00,4.943494
2023-03-28 09:15:00+00:00,4.943494
2023-03-28 09:30:00+00:00,4.943494
2023-03-28 09:45:00+00:00,4.943494
2023-03-28 10:00:00+00:00,4.943494
2023-03-28 10:15:00+00:00,4.943494
2023-03-28 10:30:00+00:00,4.9435599
2023-03-28 10:45:00+00:00,4.9472337
2023-03-28 11:00:00+00:00,4.9478315
2023-03-28 11:15:00+00:00,4.9497891
2023-03-28 11:30:00+00:00,4.9497891
2023-03-28 11:45:00+00:00,4.9497891
2023-03-28 12:00:00+00:00,4.9497891
2023-03-28 12:15:00+00:00,4.9497891
2023-03-28 12:30:00+00:00,4.9497891
2023-03-28 12:45:00+00:00,4.9497891
2023-03-28 13:00:00+00:00,4.9497891
2023-03-28 13:15:00+00:00,4.9497891
2023-03-28 13:30:00+00:00,4.956451324800001
2023-03-28 13:45:00+00:00,4.959412700000001
2023-03-28 14:00:00+00:00,4.9895910144
2023-03-28 14:15:00+00:00,5.0338301155
2023-03-28 14:30:00+00:00,5.080000639400001
2023-03-28 14:45:00+00:00,5.1142464566
2023-03-28 15:00:00+00:00,5.1294471519
2023-03-28 15:15:00+00:00,5.1502582199
2023-03-28 15:30:00+00:00,5.1643181
2023-03-28 15:45:00+00:00,5.1643181
2023-03-28 16:00:00+00:00,5.1643181
2023-03-28 16:15:00+00:00,5.1643181
2023-03-28 16:30:00+00:00,5.1643181
2023-03-28 16:45:00+00:00,5.1643181
2023-03-28 17:00:00+00:00,5.1643181
2023-03-28 17:15:00+00:00,5.1643181
2023-03-28 17:30:00+00:00,5.1643181
2023-03-28 17:45:00+00:00,5.1643181
2023-03-28 18:00:00+00:00,5.1643181
2023-03-28 18:15:00+00:00,5.1643181
2023-03-28 18:30:00+00:00,5.1643181
2023-03-28 18:45:00+00:00,5.1643181
2023-03-28 19:00:00+00:00,5.1643181
2023-03-28 19:15:00+00:00,5.1643181
2023-03-28 19:30:00+00:00,5.1643181
2023-03-28 19:45:00+00:00,5.1643181
2023-03-28 20:00:00+00:00,5.1643181
2023-03-28 20:15:00+00:00,5.1643181
2023-03-28 20:30:00+00:00,5.1643181
2023-03-28 20:45:00+00:00,5.1643181
2023-03-28 21:00:00+00:00,5.1643181
2023-03-28 21:15:00+00:00,5.1643181
2023-03-28 21:30:00+00:00,5.1643181
2023-03-28 21:45:00+00:00,5.1643181
2023-03-28 22:00:00+00:00,5.1643181
2023-03-28 22:15:00+00:00,5.1643181
2023-03-28 22:30:00+00:00,5.1643181
2023-03-28 22:45:00+00:00,5.1643181
2023-03-28 23:00:00+00:00,5.1643181
2023-03-28 23:15:00+00:00,5.1643181
2023-03-28 23:30:00+00:00,5.1643181
2023-03-28 23:45:00+00:00,5.1643181
2023-03-29 00:00:00+00:00,5.1643181
2023-03-29 00:15:00+00:00,5.1643181
2023-03-29 00:30:00+00:00,5.1643181
2023-03-29 00:45:00+00:00,5.1643181
2023-03-29 01:00:00+00:00,5.1643181
2023-03-29 01:15:00+00:00,5.1643181
2023-03-29 01:30:00+00:00,5.1643181
2023-03-29 01:45:00+00:00,5.1643181
2023-03-29 02:00:00+00:00,5.1643181
2023-03-29 02:15:00+00:00,5.1643181
2023-03-29 02:30:00+00:00,5.1643181
2023-03-29 02:45:00+00:00,5.1643181
2023-03-29 03:00:00+00:00,5.1643181
2023-03-29 03:15:00+00:00,5.1643181
2023-03-29 03:30:00+00:00,5.1643181
2023-03-29 03:45:00+00:00,5.1643181
2023-03-29 04:00:00+00:00,5.1643181
2023-03-29 04:15:00+00:00,5.1643181
2023-03-29 04:30:00+00:00,5.1643181
2023-03-29 04:45:00+00:00,5.1643181
2023-03-29 05:00:00+00:00,5.1643181
2023-03-29 05:15:00+00:00,5.1643181
2023-03-29 05:30:00+00:00,5.1643181
2023-03-29 05:45:00+00:00,5.1643181
2023-03-29 06:00:00+00:00,5.1643181
2023-03-29 06:15:00+00:00,5.1643181
2023-03-29 06:30:00+00:00,5.1643181
2023-03-29 06:45:00+00:00,5.1643181
2023-03-29 07:00:00+00:00,5.1643181
2023-03-29 07:15:00+00:00,5.1643181
2023-03-29 07:30:00+00:00,5.1643181
2023-03-29 07:45:00+00:00,5.1643181
2023-03-29 08:00:00+00:00,5.1643181
2023-03-29 08:15:00+00:00,5.1643181
2023-03-29 08:30:00+00:00,5.1643181
2023-03-29 08:45:00+00:00,5.1643181
2023-03-29 09:00:00+00:00,5.1643181
2023-03-29 09:15:00+00:00,5.1643181
2023-03-29 09:30:00+00:00,5.1643181
2023-03-29 09:45:00+00:00,5.1643181
2023-03-29 10:00:00+00:00,5.1643181
2023-03-29 10:15:00+00:00,5.1643181
2023-03-29 10:30:00+00:00,5.1643322000000005
2023-03-29 10:45:00+00:00,5.1643634
2023-03-29 11:00:00+00:00,5.1648365616000005
2023-03-29 11:15:00+00:00,5.1671557
2023-03-29 11:30:00+00:00,5.1679994
2023-03-29 11:45:00+00:00,5.1680018
2023-03-29 12:00:00+00:00,5.1680018
2023-03-29 12:15:00+00:00,5.1680018
2023-03-29 12:30:00+00:00,5.1680018
2023-03-29 12:45:00+00:00,5.1680018
2023-03-29 13:00:00+00:00,5.1680018
2023-03-29 13:15:00+00:00,5.1680018
2023-03-29 13:30:00+00:00,5.1680018
2023-03-29 13:45:00+00:00,5.1680018
2023-03-29 14:00:00+00:00,5.1680018
2023-03-29 14:15:00+00:00,5.1680018
2023-03-29 14:30:00+00:00,5.1680018
2023-03-29 14:45:00+00:00,5.1680018
2023-03-29 15:00:00+00:00,5.1680953
2023-03-29 15:15:00+00:00,5.1680953
2023-03-29 15:30:00+00:00,5.1680953
2023-03-29 15:45:00+00:00,5.1680953
2023-03-29 16:00:00+00:00,5.1680953
2023-03-29 16:15:00+00:00,5.1680953
2023-03-29 16:30:00+00:00,5.1680953
2023-03-29 16:45:00+00:00,5.1680953
2023-03-29 17:00:00+00:00,5.1680953
2023-03-29 17:15:00+00:00,5.1680953
2023-03-29 17:30:00+00:00,5.1680953
2023-03-29 17:45:00+00:00,5.1680953
2023-03-29 18:00:00+00:00,5.1680953
2023-03-29 18:15:00+00:00,5.1680953
2023-03-29 18:30:00+00:00,5.1680953
2023-03-29 18:45:00+00:00,5.1680953
2023-03-29 19:00:00+00:00,5.1680953
2023-03-29 19:15:00+00:00,5.1680953
2023-03-29 19:30:00+00:00,5.1680953
2023-03-29 19:45:00+00:00,5.1680953
2023-03-29 20:00:00+00:00,5.1680953
2023-03-29 20:15:00+00:00,5.1680953
2023-03-29 20:30:00+00:00,5.1680953
2023-03-29 20:45:00+00:00,5.1680953
2023-03-29 21:00:00+00:00,5.1680953
2023-03-29 21:15:00+00:00,5.1680953
2023-03-29 21:30:00+00:00,5.1680953
2023-03-29 21:45:00+00:00,5.1680953
2023-03-29 22:00:00+00:00,5.1680953
2023-03-29 22:15:00+00:00,5.1680953
2023-03-29 22:30:00+00:00,5.1680953
2023-03-29 22:45:00+00:00,5.1680953
2023-03-29 23:00:00+00:00,5.1680953
2023-03-29 23:15:00+00:00,5.1680953
2023-03-29 23:30:00+00:00,5.1680953
2023-03-29 23:45:00+00:00,5.1680953
2023-03-30 00:00:00+00:00,5.1680953
2023-03-30 00:15:00+00:00,5.1680953
2023-03-30 00:30:00+00:00,5.1680953
2023-03-30 00:45:00+00:00,5.1680953
2023-03-30 01:00:00+00:00,5.1680953
2023-03-30 01:15:00+00:00,5.1680953
2023-03-30 01:30:00+00:00,5.1680953
2023-03-30 01:45:00+00:00,5.1680953
2023-03-30 02:00:00+00:00,5.1680953
2023-03-30 02:15:00+00:00,5.1680953
2023-03-30 02:30:00+00:00,5.1680953
2023-03-30 02:45:00+00:00,5.1680953
2023-03-30 03:00:00+00:00,5.1680953
2023-03-30 03:15:00+00:00,5.1680953
2023-03-30 03:30:00+00:00,5.1680953
2023-03-30 03:45:00+00:00,5.1680953
2023-03-30 04:00:00+00:00,5.1680953
2023-03-30 04:15:00+00:00,5.1680953
2023-03-30 04:30:00+00:00,5.1680953
2023-03-30 04:45:00+00:00,5.1680953
2023-03-30 05:00:00+00:00,5.1680953
2023-03-30 05:15:00+00:00,5.1680953
2023-03-30 05:30:00+00:00,5.1680953
2023-03-30 05:45:00+00:00,5.1680953
2023-03-30 06:00:00+00:00,5.1680953
2023-03-30 06:15:00+00:00,5.1680953
2023-03-30 06:30:00+00:00,5.1680953
2023-03-30 06:45:00+00:00,5.1680953
2023-03-30 07:00:00+00:00,5.1680953
2023-03-30 07:15:00+00:00,5.1680953
2023-03-30 07:30:00+00:00,5.1680953
2023-03-30 07:45:00+00:00,5.1680953
2023-03-30 08:00:00+00:00,5.1680953
2023-03-30 08:15:00+00:00,5.1680953
2023-03-30 08:30:00+00:00,5.1680953
2023-03-30 08:45:00+00:00,5.1680953
2023-03-30 09:00:00+00:00,5.1680953
2023-03-30 09:15:00+00:00,5.1680953
2023-03-30 09:30:00+00:00,5.1680953
2023-03-30 09:45:00+00:00,5.1680953
2023-03-30 10:00:00+00:00,5.1680953
2023-03-30 10:15:00+00:00,5.1680953
2023-03-30 10:30:00+00:00,5.1680953
2023-03-30 10:45:00+00:00,5.1680953
2023-03-30 11:00:00+00:00,5.1680953
2023-03-30 11:15:00+00:00,5.1680953
2023-03-30 11:30:00+00:00,5.184416118100001
2023-03-30 11:45:00+00:00,5.1899015
2023-03-30 12:00:00+00:00,5.194201278
2023-03-30 12:15:00+00:00,5.195524
2023-03-30 12:30:00+00:00,5.195524
2023-03-30 12:45:00+00:00,5.1960015
2023-03-30 13:00:00+00:00,5.1960015
2023-03-30 13:15:00+00:00,5.1960015
2023-03-30 13:30:00+00:00,5.2041930466
2023-03-30 13:45:00+00:00,5.210867
2023-03-30 14:00:00+00:00,5.210867
2023-03-30 14:15:00+00:00,5.2394968392
2023-03-30 14:30:00+00:00,5.2651747
2023-03-30 14:45:00+00:00,5.2672806861
2023-03-30 15:00:00+00:00,5.2711959
2023-03-30 15:15:00+00:00,5.2859328
2023-03-30 15:30:00+00:00,5.2898251
2023-03-30 15:45:00+00:00,5.2903617
2023-03-30 16:00:00+00:00,5.2903617
2023-03-30 16:15:00+00:00,5.2903617
2023-03-30 16:30:00+00:00,5.2903617
2023-03-30 16:45:00+00:00,5.2903617
2023-03-30 17:00:00+00:00,5.2903617
2023-03-30 17:15:00+00:00,5.2903617
2023-03-30 17:30:00+00:00,5.2903617
2023-03-30 17:45:00+00:00,5.2903617
2023-03-30 18:00:00+00:00,5.2903617
2023-03-30 18:15:00+00:00,5.2903617
2023-03-30 18:30:00+00:00,5.2903617
2023-03-30 18:45:00+00:00,5.2903617
2023-03-30 19:00:00+00:00,5.2903617
2023-03-30 19:15:00+00:00,5.2903617
2023-03-30 19:30:00+00:00,5.2903617
2023-03-30 19:45:00+00:00,5.2903617
2023-03-30 20:00:00+00:00,5.2903617
2023-03-30 20:15:00+00:00,5.2903617
2023-03-30 20:30:00+00:00,5.2903617
2023-03-30 20:45:00+00:00,5.2903617
2023-03-30 21:00:00+00:00,5.2903617
2023-03-30 21:15:00+00:00,5.2903617
2023-03-30 21:30:00+00:00,5.2903617
2023-03-30 21:45:00+00:00,5.2903617
2023-03-30 22:00:00+00:00,5.2903617
2023-03-30 22:15:00+00:00,5.2903617
2023-03-30 22:30:00+00:00,5.2903617
2023-03-30 22:45:00+00:00,5.2903617
2023-03-30 23:00:00+00:00,5.2903617
2023-03-30 23:15:00+00:00,5.2903617
2023-03-30 23:30:00+00:00,5.2903617
2023-03-30 23:45:00+00:00,5.2903617
2023-03-31 00:00:00+00:00,5.2903617
2023-03-31 00:15:00+00:00,5.2903617
2023-03-31 00:30:00+00:00,5.2903617
2023-03-31 00:45:00+00:00,5.2903617
2023-03-31 01:00:00+00:00,5.2903617
2023-03-31 01:15:00+00:00,5.2903617
2023-03-31 01:30:00+00:00,5.2903617
2023-03-31 01:45:00+00:00,5.2903617
2023-03-31 02:00:00+00:00,5.2903617
2023-03-31 02:15:00+00:00,5.2903617
2023-03-31 02:30:00+00:00,5.2903617
2023-03-31 02:45:00+00:00,5.2903617
2023-03-31 03:00:00+00:00,5.2903617
2023-03-31 03:15:00+00:00,5.2903617
2023-03-31 03:30:00+00:00,5.2903617
2023-03-31 03:45:00+00:00,5.2903617
2023-03-31 04:00:00+00:00,5.2903617
2023-03-31 04:15:00+00:00,5.2903617
2023-03-31 04:30:00+00:00,5.2903617
2023-03-31 04:45:00+00:00,5.2903617
2023-03-31 05:00:00+00:00,5.2903617
2023-03-31 05:15:00+00:00,5.2903617
2023-03-31 05:30:00+00:00,5.2903617
2023-03-31 05:45:00+00:00,5.2903617
2023-03-31 06:00:00+00:00,5.2903617
2023-03-31 06:15:00+00:00,5.2903617
2023-03-31 06:30:00+00:00,5.2903617
2023-03-31 06:45:00+00:00,5.2903617
2023-03-31 07:00:00+00:00,5.2903617
2023-03-31 07:15:00+00:00,5.2903617
2023-03-31 07:30:00+00:00,5.2903617
2023-03-31 07:45:00+00:00,5.2903617
2023-03-31 08:00:00+00:00,5.2903617
2023-03-31 08:15:00+00:00,5.2903617
2023-03-31 08:30:00+00:00,5.2903617
2023-03-31 08:45:00+00:00,5.2903617
2023-03-31 09:00:00+00:00,5.2906419133
2023-03-31 09:15:00+00:00,5.293812756
2023-03-31 09:30:00+00:00,5.3010563
2023-03-31 09:45:00+00:00,5.3010563
2023-03-31 10:00:00+00:00,5.3010563
2023-03-31 10:15:00+00:00,5.3010563
2023-03-31 10:30:00+00:00,5.3010563
2023-03-31 10:45:00+00:00,5.3010563
2023-03-31 11:00:00+00:00,5.3010563
2023-03-31 11:15:00+00:00,5.3010563
2023-03-31 11:30:00+00:00,5.3010563
2023-03-31 11:45:00+00:00,5.3010563
2023-03-31 12:00:00+00:00,5.3049218
2023-03-31 12:15:00+00:00,5.3049407
2023-03-31 12:30:00+00:00,5.3049407
2023-03-31 12:45:00+00:00,5.3050294000000005
2023-03-31 13:00:00+00:00,5.3050294000000005
2023-03-31 13:15:00+00:00,5.321358655
2023-03-31 13:30:00+00:00,5.3331769
2023-03-31 13:45:00+00:00,5.338047700000001
2023-03-31 14:00:00+00:00,5.3381324
2023-03-31 14:15:00+00:00,5.3381324
2023-03-31 14:30:00+00:00,5.3381324
2023-03-31 14:45:00+00:00,5.3381324
2023-03-31 15:00:00+00:00,5.3381324
2023-03-31 15:15:00+00:00,5.3381324
2023-03-31 15:30:00+00:00,5.3381324
2023-03-31 15:45:00+00:00,5.3381324
2023-03-31 16:00:00+00:00,5.3381324
2023-03-31 16:15:00+00:00,5.3381324
2023-03-31 16:30:00+00:00,5.3381324
2023-03-31 16:45:00+00:00,5.3381324
2023-03-31 17:00:00+00:00,5.3381324
2023-03-31 17:15:00+00:00,5.3381324
2023-03-31 17:30:00+00:00,5.3381324
2023-03-31 17:45:00+00:00,5.3381324
2023-03-31 18:00:00+00:00,5.3381324
2023-03-31 18:15:00+00:00,5.3381324
2023-03-31 18:30:00+00:00,5.3381324
2023-03-31 18:45:00+00:00,5.3381324
2023-03-31 19:00:00+00:00,5.3381324
2023-03-31 19:15:00+00:00,5.3381324
2023-03-31 19:30:00+00:00,5.3381324
2023-03-31 19:45:00+00:00,5.3381324
2023-03-31 20:00:00+00:00,5.3381324
2023-03-31 20:15:00+00:00,5.3381324
2023-03-31 20:30:00+00:00,5.3381324
2023-03-31 20:45:00+00:00,5.3381324
2023-03-31 21:00:00+00:00,5.3381324
2023-03-31 21:15:00+00:00,5.3381324
2023-03-31 21:30:00+00:00,5.3381324
2023-03-31 21:45:00+00:00,5.3381324
2023-03-31 22:00:00+00:00,5.3381324
2023-03-31 22:15:00+00:00,5.3381324
2023-03-31 22:30:00+00:00,5.3381324
2023-03-31 22:45:00+00:00,5.3381324
2023-03-31 23:00:00+00:00,5.3381324
2023-03-31 23:15:00+00:00,5.3381324
2023-03-31 23:30:00+00:00,5.3381324
2023-03-31 23:45:00+00:00,5.3381324
2023-04-01 00:00:00+00:00,5.3381324
2023-04-01 00:15:00+00:00,5.3381324
2023-04-01 00:30:00+00:00,5.3381324
2023-04-01 00:45:00+00:00,5.3381324
2023-04-01 01:00:00+00:00,5.3381324
2023-04-01 01:15:00+00:00,5.3381324
2023-04-01 01:30:00+00:00,5.3381324
2023-04-01 01:45:00+00:00,5.3381324
2023-04-01 02:00:00+00:00,5.3381324
2023-04-01 02:15:00+00:00,5.3381324
2023-04-01 02:30:00+00:00,5.3381324
2023-04-01 02:45:00+00:00,5.3381324
2023-04-01 03:00:00+00:00,5.3381324
2023-04-01 03:15:00+00:00,5.3381324
2023-04-01 03:30:00+00:00,5.3381324
2023-04-01 03:45:00+00:00,5.3381324
2023-04-01 04:00:00+00:00,5.3381324
2023-04-01 04:15:00+00:00,5.3381324
2023-04-01 04:30:00+00:00,5.3381324
2023-04-01 04:45:00+00:00,5.3381324
2023-04-01 05:00:00+00:00,5.3381324
2023-04-01 05:15:00+00:00,5.3381324
2023-04-01 05:30:00+00:00,5.3381324
2023-04-01 05:45:00+00:00,5.3381324
2023-04-01 06:00:00+00:00,5.3381324
2023-04-01 06:15:00+00:00,5.3381324
2023-04-01 06:30:00+00:00,5.3381324
2023-04-01 06:45:00+00:00,5.3381324
2023-04-01 07:00:00+00:00,5.3381324
2023-04-01 07:15:00+00:00,5.3381324
2023-04-01 07:30:00+00:00,5.3381324
2023-04-01 07:45:00+00:00,5.3381324
2023-04-01 08:00:00+00:00,5.3381324
2023-04-01 08:15:00+00:00,5.3381324
2023-04-01 08:30:00+00:00,5.3381324
2023-04-01 08:45:00+00:00,5.3381324
2023-04-01 09:00:00+00:00,5.3381324
2023-04-01 09:15:00+00:00,5.3381324
2023-04-01 09:30:00+00:00,5.3381324
2023-04-01 09:45:00+00:00,5.3381324
2023-04-01 10:00:00+00:00,5.3381324
2023-04-01 10:15:00+00:00,5.3381324
2023-04-01 10:30:00+00:00,5.3381324
2023-04-01 10:45:00+00:00,5.3381324
2023-04-01 11:00:00+00:00,5.3381324
2023-04-01 11:15:00+00:00,5.3381324
2023-04-01 11:30:00+00:00,5.3381324
2023-04-01 11:45:00+00:00,5.3381324
2023-04-01 12:00:00+00:00,5.3381324
2023-04-01 12:15:00+00:00,5.3381324
2023-04-01 12:30:00+00:00,5.3381324
2023-04-01 12:45:00+00:00,5.3381324
2023-04-01 13:00:00+00:00,5.3381324
2023-04-01 13:15:00+00:00,5.3381324
2023-04-01 13:30:00+00:00,5.3381324
2023-04-01 13:45:00+00:00,5.3381324
2023-04-01 14:00:00+00:00,5.3381324
2023-04-01 14:15:00+00:00,5.3381324
2023-04-01 14:30:00+00:00,5.3381324
2023-04-01 14:45:00+00:00,5.3381324
2023-04-01 15:00:00+00:00,5.3381324
2023-04-01 15:15:00+00:00,5.3381324
2023-04-01 15:30:00+00:00,5.3381324
2023-04-01 15:45:00+00:00,5.3381324
2023-04-01 16:00:00+00:00,5.3381324
2023-04-01 16:15:00+00:00,5.3381324
2023-04-01 16:30:00+00:00,5.3381324
2023-04-01 16:45:00+00:00,5.3381324
2023-04-01 17:00:00+00:00,5.3381324
2023-04-01 17:15:00+00:00,5.3381324
2023-04-01 17:30:00+00:00,5.3381324
2023-04-01 17:45:00+00:00,5.3381324
2023-04-01 18:00:00+00:00,5.3381324
2023-04-01 18:15:00+00:00,5.3381324
2023-04-01 18:30:00+00:00,5.3381324
2023-04-01 18:45:00+00:00,5.3381324
2023-04-01 19:00:00+00:00,5.3381324
2023-04-01 19:15:00+00:00,5.3381324
2023-04-01 19:30:00+00:00,5.3381324
2023-04-01 19:45:00+00:00,5.3381324
2023-04-01 20:00:00+00:00,5.3381324
2023-04-01 20:15:00+00:00,5.3381324
2023-04-01 20:30:00+00:00,5.3381324
2023-04-01 20:45:00+00:00,5.3381324
2023-04-01 21:00:00+00:00,5.3381324
2023-04-01 21:15:00+00:00,5.3381324
2023-04-01 21:30:00+00:00,5.3381324
2023-04-01 21:45:00+00:00,5.3381324
2023-04-01 22:00:00+00:00,5.3381324
2023-04-01 22:15:00+00:00,5.3381324
2023-04-01 22:30:00+00:00,5.3381324
2023-04-01 22:45:00+00:00,5.3381324
2023-04-01 23:00:00+00:00,5.3381324
2023-04-01 23:15:00+00:00,5.3381324
2023-04-01 23:30:00+00:00,5.3381324
2023-04-01 23:45:00+00:00,5.3381324
2023-04-02 00:00:00+00:00,5.3381324
2023-04-02 00:15:00+00:00,5.3381324
2023-04-02 00:30:00+00:00,5.3381324
2023-04-02 00:45:00+00:00,5.3381324
2023-04-02 01:00:00+00:00,5.3381324
2023-04-02 01:15:00+00:00,5.3381324
2023-04-02 01:30:00+00:00,5.3381324
2023-04-02 01:45:00+00:00,5.3381324
2023-04-02 02:00:00+00:00,5.3381324
2023-04-02 02:15:00+00:00,5.3381324
2023-04-02 02:30:00+00:00,5.3381324
2023-04-02 02:45:00+00:00,5.3381324
2023-04-02 03:00:00+00:00,5.3381324
2023-04-02 03:15:00+00:00,5.3381324
2023-04-02 03:30:00+00:00,5.3381324
2023-04-02 03:45:00+00:00,5.3381324
2023-04-02 04:00:00+00:00,5.3381324
2023-04-02 04:15:00+00:00,5.3381324
2023-04-02 04:30:00+00:00,5.3381324
2023-04-02 04:45:00+00:00,5.3381324
2023-04-02 05:00:00+00:00,5.3381324
2023-04-02 05:15:00+00:00,5.3381324
2023-04-02 05:30:00+00:00,5.3381324
2023-04-02 05:45:00+00:00,5.3381324
2023-04-02 06:00:00+00:00,5.3381324
2023-04-02 06:15:00+00:00,5.3381324
2023-04-02 06:30:00+00:00,5.3381324
2023-04-02 06:45:00+00:00,5.3381324
2023-04-02 07:00:00+00:00,5.3381324
2023-04-02 07:15:00+00:00,5.3381324
2023-04-02 07:30:00+00:00,5.3381324
2023-04-02 07:45:00+00:00,5.3381324
2023-04-02 08:00:00+00:00,5.3381324
2023-04-02 08:15:00+00:00,5.3381324
2023-04-02 08:30:00+00:00,5.3381324
2023-04-02 08:45:00+00:00,5.3381324
2023-04-02 09:00:00+00:00,5.3381324
2023-04-02 09:15:00+00:00,5.3381324
2023-04-02 09:30:00+00:00,5.3381324
2023-04-02 09:45:00+00:00,5.3381324
2023-04-02 10:00:00+00:00,5.3384999
2023-04-02 10:15:00+00:00,5.3389461
2023-04-02 10:30:00+00:00,5.3389461
2023-04-02 10:45:00+00:00,5.3389461
2023-04-02 11:00:00+00:00,5.3389461
2023-04-02 11:15:00+00:00,5.3389461
2023-04-02 11:30:00+00:00,5.3389461
2023-04-02 11:45:00+00:00,5.3399175645
2023-04-02 12:00:00+00:00,5.3535039048
2023-04-02 12:15:00+00:00,5.358049
2023-04-02 12:30:00+00:00,5.358049
2023-04-02 12:45:00+00:00,5.358049
2023-04-02 13:00:00+00:00,5.358049
2023-04-02 13:15:00+00:00,5.358049
2023-04-02 13:30:00+00:00,5.358049
2023-04-02 13:45:00+00:00,5.358049
2023-04-02 14:00:00+00:00,5.358049
2023-04-02 14:15:00+00:00,5.358049
2023-04-02 14:30:00+00:00,5.358049
2023-04-02 14:45:00+00:00,5.358049
2023-04-02 15:00:00+00:00,5.358049
2023-04-02 15:15:00+00:00,5.358049
2023-04-02 15:30:00+00:00,5.358049
2023-04-02 15:45:00+00:00,5.358049
2023-04-02 16:00:00+00:00,5.358049
2023-04-02 16:15:00+00:00,5.358049
2023-04-02 16:30:00+00:00,5.358049
2023-04-02 16:45:00+00:00,5.358049
2023-04-02 17:00:00+00:00,5.358049
2023-04-02 17:15:00+00:00,5.358049
2023-04-02 17:30:00+00:00,5.358049
2023-04-02 17:45:00+00:00,5.358049
2023-04-02 18:00:00+00:00,5.358049
2023-04-02 18:15:00+00:00,5.358049
2023-04-02 18:30:00+00:00,5.358049
2023-04-02 18:45:00+00:00,5.358049
2023-04-02 19:00:00+00:00,5.358049
2023-04-02 19:15:00+00:00,5.358049
2023-04-02 19:30:00+00:00,5.358049
2023-04-02 19:45:00+00:00,5.358049
2023-04-02 20:00:00+00:00,5.358049
2023-04-02 20:15:00+00:00,5.358049
2023-04-02 20:30:00+00:00,5.358049
2023-04-02 20:45:00+00:00,5.358049
2023-04-02 21:00:00+00:00,5.358049
2023-04-02 21:15:00+00:00,5.358049
2023-04-02 21:30:00+00:00,5.358049
2023-04-02 21:45:00+00:00,5.358049
2023-04-02 22:00:00+00:00,5.358049
2023-04-02 22:15:00+00:00,5.358049
2023-04-02 22:30:00+00:00,5.358049
2023-04-02 22:45:00+00:00,5.358049
2023-04-02 23:00:00+00:00,5.358049
2023-04-02 23:15:00+00:00,5.358049
2023-04-02 23:30:00+00:00,5.358049
2023-04-02 23:45:00+00:00,5.358049
2023-04-03 00:00:00+00:00,5.358049
2023-04-03 00:15:00+00:00,5.358049
2023-04-03 00:30:00+00:00,5.358049
2023-04-03 00:45:00+00:00,5.358049
2023-04-03 01:00:00+00:00,5.358049
2023-04-03 01:15:00+00:00,5.358049
2023-04-03 01:30:00+00:00,5.358049
2023-04-03 01:45:00+00:00,5.358049
2023-04-03 02:00:00+00:00,5.358049
2023-04-03 02:15:00+00:00,5.358049
2023-04-03 02:30:00+00:00,5.358049
2023-04-03 02:45:00+00:00,5.358049
2023-04-03 03:00:00+00:00,5.358049
2023-04-03 03:15:00+00:00,5.358049
2023-04-03 03:30:00+00:00,5.358049
2023-04-03 03:45:00+00:00,5.358049
2023-04-03 04:00:00+00:00,5.358049
2023-04-03 04:15:00+00:00,5.358049
2023-04-03 04:30:00+00:00,5.358049
2023-04-03 04:45:00+00:00,5.358049
2023-04-03 05:00:00+00:00,5.358049
2023-04-03 05:15:00+00:00,5.358049
2023-04-03 05:30:00+00:00,5.358049
2023-04-03 05:45:00+00:00,5.358049
2023-04-03 06:00:00+00:00,5.358049
2023-04-03 06:15:00+00:00,5.358049
2023-04-03 06:30:00+00:00,5.358049
2023-04-03 06:45:00+00:00,5.358049
2023-04-03 07:00:00+00:00,5.358049
2023-04-03 07:15:00+00:00,5.358049
2023-04-03 07:30:00+00:00,5.358049
2023-04-03 07:45:00+00:00,5.358049
2023-04-03 08:00:00+00:00,5.358049
2023-04-03 08:15:00+00:00,5.358049
2023-04-03 08:30:00+00:00,5.358049
2023-04-03 08:45:00+00:00,5.3585856141
2023-04-03 09:00:00+00:00,5.3589192
2023-04-03 09:15:00+00:00,5.3589192
2023-04-03 09:30:00+00:00,5.3589263
2023-04-03 09:45:00+00:00,5.3589263
2023-04-03 10:00:00+00:00,5.359862000000001
2023-04-03 10:15:00+00:00,5.3625928
2023-04-03 10:30:00+00:00,5.3640965000000005
2023-04-03 10:45:00+00:00,5.3650554
2023-04-03 11:00:00+00:00,5.3712233000000005
2023-04-03 11:15:00+00:00,5.3759371
2023-04-03 11:30:00+00:00,5.3771797
2023-04-03 11:45:00+00:00,5.3779667
2023-04-03 12:00:00+00:00,5.3779667
2023-04-03 12:15:00+00:00,5.3787636
2023-04-03 12:30:00+00:00,5.3787636
2023-04-03 12:45:00+00:00,5.3787636
2023-04-03 13:00:00+00:00,5.3787636
2023-04-03 13:15:00+00:00,5.3787636
2023-04-03 13:30:00+00:00,5.3787636
2023-04-03 13:45:00+00:00,5.3787636
2023-04-03 14:00:00+00:00,5.3787636
2023-04-03 14:15:00+00:00,5.3787636
2023-04-03 14:30:00+00:00,5.3787636
2023-04-03 14:45:00+00:00,5.3787636
2023-04-03 15:00:00+00:00,5.3787636
2023-04-03 15:15:00+00:00,5.3787636
2023-04-03 15:30:00+00:00,5.3787636
2023-04-03 15:45:00+00:00,5.379287129000001
2023-04-03 16:00:00+00:00,5.3831749
2023-04-03 16:15:00+00:00,5.3831749
2023-04-03 16:30:00+00:00,5.3831749
2023-04-03 16:45:00+00:00,5.3831749
2023-04-03 17:00:00+00:00,5.3831749
2023-04-03 17:15:00+00:00,5.3831749
2023-04-03 17:30:00+00:00,5.3831749
2023-04-03 17:45:00+00:00,5.3831749
2023-04-03 18:00:00+00:00,5.3831749
2023-04-03 18:15:00+00:00,5.3831749
2023-04-03 18:30:00+00:00,5.3831749
2023-04-03 18:45:00+00:00,5.3831749
2023-04-03 19:00:00+00:00,5.3831749
2023-04-03 19:15:00+00:00,5.3831749
2023-04-03 19:30:00+00:00,5.3831749
2023-04-03 19:45:00+00:00,5.3831749
2023-04-03 20:00:00+00:00,5.3831749
2023-04-03 20:15:00+00:00,5.3831749
2023-04-03 20:30:00+00:00,5.3831749
2023-04-03 20:45:00+00:00,5.3831749
2023-04-03 21:00:00+00:00,5.3831749
2023-04-03 21:15:00+00:00,5.3831749
2023-04-03 21:30:00+00:00,5.3831749
2023-04-03 21:45:00+00:00,5.3831749
2023-04-03 22:00:00+00:00,5.3831749
2023-04-03 22:15:00+00:00,5.3831749
2023-04-03 22:30:00+00:00,5.3831749
2023-04-03 22:45:00+00:00,5.3831749
2023-04-03 23:00:00+00:00,5.3831749
2023-04-03 23:15:00+00:00,5.3831749
2023-04-03 23:30:00+00:00,5.3831749
2023-04-03 23:45:00+00:00,5.3831749
2023-04-04 00:00:00+00:00,5.3831749
2023-04-04 00:15:00+00:00,5.3831749
2023-04-04 00:30:00+00:00,5.3831749
2023-04-04 00:45:00+00:00,5.3831749
2023-04-04 01:00:00+00:00,5.3831749
2023-04-04 01:15:00+00:00,5.3831749
2023-04-04 01:30:00+00:00,5.3831749
2023-04-04 01:45:00+00:00,5.3831749
2023-04-04 02:00:00+00:00,5.3831749
2023-04-04 02:15:00+00:00,5.3831749
2023-04-04 02:30:00+00:00,5.3831749
2023-04-04 02:45:00+00:00,5.3831749
2023-04-04 03:00:00+00:00,5.3831749
2023-04-04 03:15:00+00:00,5.3831749
2023-04-04 03:30:00+00:00,5.3831749
2023-04-04 03:45:00+00:00,5.3831749
2023-04-04 04:00:00+00:00,5.3831749
2023-04-04 04:15:00+00:00,5.3831749
2023-04-04 04:30:00+00:00,5.3831749
2023-04-04 04:45:00+00:00,5.3831749
2023-04-04 05:00:00+00:00,5.3831749
2023-04-04 05:15:00+00:00,5.3831749
2023-04-04 05:30:00+00:00,5.3831749
2023-04-04 05:45:00+00:00,5.3831749
2023-04-04 06:00:00+00:00,5.3831749
2023-04-04 06:15:00+00:00,5.3831749
2023-04-04 06:30:00+00:00,5.3831749
2023-04-04 06:45:00+00:00,5.3831749
2023-04-04 07:00:00+00:00,5.3831749
2023-04-04 07:15:00+00:00,5.3831749
2023-04-04 07:30:00+00:00,5.3831749
2023-04-04 07:45:00+00:00,5.3831749
2023-04-04 08:00:00+00:00,5.3831749
2023-04-04 08:15:00+00:00,5.3831749
2023-04-04 08:30:00+00:00,5.3831749
2023-04-04 08:45:00+00:00,5.3831749
2023-04-04 09:00:00+00:00,5.3831749
2023-04-04 09:15:00+00:00,5.3831749
2023-04-04 09:30:00+00:00,5.3831749
2023-04-04 09:45:00+00:00,5.3860823
2023-04-04 10:00:00+00:00,5.387346031
2023-04-04 10:15:00+00:00,5.3981647114
2023-04-04 10:30:00+00:00,5.433821168400001
2023-04-04 10:45:00+00:00,5.4814044676
2023-04-04 11:00:00+00:00,5.5358907275
2023-04-04 11:15:00+00:00,5.5728936386
2023-04-04 11:30:00+00:00,5.6028442006
2023-04-04 11:45:00+00:00,5.6636263996
2023-04-04 12:00:00+00:00,5.719244804000001
2023-04-04 12:15:00+00:00,5.7791675728000005
2023-04-04 12:30:00+00:00,5.83443981
2023-04-04 12:45:00+00:00,5.8905834145
2023-04-04 13:00:00+00:00,5.952712941200001
2023-04-04 13:15:00+00:00,6.0164286428
2023-04-04 13:30:00+00:00,6.0780465800000005
2023-04-04 13:45:00+00:00,6.090684400000001
2023-04-04 14:00:00+00:00,6.090684400000001
2023-04-04 14:15:00+00:00,6.090684400000001
2023-04-04 14:30:00+00:00,6.090684400000001
2023-04-04 14:45:00+00:00,6.090684400000001
2023-04-04 15:00:00+00:00,6.090684400000001
2023-04-04 15:15:00+00:00,6.090684400000001
2023-04-04 15:30:00+00:00,6.090684400000001
2023-04-04 15:45:00+00:00,6.0909413
2023-04-04 16:00:00+00:00,6.091690600000001
2023-04-04 16:15:00+00:00,6.091690600000001
2023-04-04 16:30:00+00:00,6.091690600000001
2023-04-04 16:45:00+00:00,6.091690600000001
2023-04-04 17:00:00+00:00,6.091690600000001
2023-04-04 17:15:00+00:00,6.091690600000001
2023-04-04 17:30:00+00:00,6.091690600000001
2023-04-04 17:45:00+00:00,6.091690600000001
2023-04-04 18:00:00+00:00,6.091690600000001
2023-04-04 18:15:00+00:00,6.091690600000001
2023-04-04 18:30:00+00:00,6.091690600000001
2023-04-04 18:45:00+00:00,6.091690600000001
2023-04-04 19:00:00+00:00,6.091690600000001
2023-04-04 19:15:00+00:00,6.091690600000001
2023-04-04 19:30:00+00:00,6.091690600000001
2023-04-04 19:45:00+00:00,6.091690600000001
2023-04-04 20:00:00+00:00,6.091690600000001
2023-04-04 20:15:00+00:00,6.091690600000001
2023-04-04 20:30:00+00:00,6.091690600000001
2023-04-04 20:45:00+00:00,6.091690600000001
2023-04-04 21:00:00+00:00,6.091690600000001
2023-04-04 21:15:00+00:00,6.091690600000001
2023-04-04 21:30:00+00:00,6.091690600000001
2023-04-04 21:45:00+00:00,6.091690600000001
2023-04-04 22:00:00+00:00,6.091690600000001
2023-04-04 22:15:00+00:00,6.091690600000001
2023-04-04 22:30:00+00:00,6.091690600000001
2023-04-04 22:45:00+00:00,6.091690600000001
2023-04-04 23:00:00+00:00,6.091690600000001
2023-04-04 23:15:00+00:00,6.091690600000001
2023-04-04 23:30:00+00:00,6.091690600000001
2023-04-04 23:45:00+00:00,6.091690600000001
2023-04-05 00:00:00+00:00,6.091690600000001
2023-04-05 00:15:00+00:00,6.091690600000001
2023-04-05 00:30:00+00:00,6.091690600000001
2023-04-05 00:45:00+00:00,6.091690600000001
2023-04-05 01:00:00+00:00,6.091690600000001
2023-04-05 01:15:00+00:00,6.091690600000001
2023-04-05 01:30:00+00:00,6.091690600000001
2023-04-05 01:45:00+00:00,6.091690600000001
2023-04-05 02:00:00+00:00,6.091690600000001
2023-04-05 02:15:00+00:00,6.091690600000001
2023-04-05 02:30:00+00:00,6.091690600000001
2023-04-05 02:45:00+00:00,6.091690600000001
2023-04-05 03:00:00+00:00,6.091690600000001
2023-04-05 03:15:00+00:00,6.091690600000001
2023-04-05 03:30:00+00:00,6.091690600000001
2023-04-05 03:45:00+00:00,6.091690600000001
2023-04-05 04:00:00+00:00,6.091690600000001
2023-04-05 04:15:00+00:00,6.091690600000001
2023-04-05 04:30:00+00:00,6.091690600000001
2023-04-05 04:45:00+00:00,6.091690600000001
2023-04-05 05:00:00+00:00,6.091690600000001
2023-04-05 05:15:00+00:00,6.091690600000001
2023-04-05 05:30:00+00:00,6.091690600000001
2023-04-05 05:45:00+00:00,6.091690600000001
2023-04-05 06:00:00+00:00,6.091690600000001
2023-04-05 06:15:00+00:00,6.091690600000001
2023-04-05 06:30:00+00:00,6.091690600000001
2023-04-05 06:45:00+00:00,6.091690600000001
2023-04-05 07:00:00+00:00,6.091690600000001
2023-04-05 07:15:00+00:00,6.091690600000001
2023-04-05 07:30:00+00:00,6.091690600000001
2023-04-05 07:45:00+00:00,6.091690600000001
2023-04-05 08:00:00+00:00,6.091690600000001
2023-04-05 08:15:00+00:00,6.091690600000001
2023-04-05 08:30:00+00:00,6.091690600000001
2023-04-05 08:45:00+00:00,6.091690600000001
2023-04-05 09:00:00+00:00,6.0917017068
2023-04-05 09:15:00+00:00,6.09974196
2023-04-05 09:30:00+00:00,6.1230982433
2023-04-05 09:45:00+00:00,6.159456441800001
2023-04-05 10:00:00+00:00,6.188994383
2023-04-05 10:15:00+00:00,6.2278915480000006
2023-04-05 10:30:00+00:00,6.2602455656
2023-04-05 10:45:00+00:00,6.302763001100001
2023-04-05 11:00:00+00:00,6.3518225096
2023-04-05 11:15:00+00:00,6.4081742832
2023-04-05 11:30:00+00:00,6.4491550072
2023-04-05 11:45:00+00:00,6.4879893235
2023-04-05 12:00:00+00:00,6.5302373648000005
2023-04-05 12:15:00+00:00,6.573411618600001
2023-04-05 12:30:00+00:00,6.6242675009
2023-04-05 12:45:00+00:00,6.6603636712
2023-04-05 13:00:00+00:00,6.688176492
2023-04-05 13:15:00+00:00,6.7182240068
2023-04-05 13:30:00+00:00,6.748513361400001
2023-04-05 13:45:00+00:00,6.7996205626
2023-04-05 14:00:00+00:00,6.8459392050000005
2023-04-05 14:15:00+00:00,6.8896413336
2023-04-05 14:30:00+00:00,6.9242566949
2023-04-05 14:45:00+00:00,6.9647532136
2023-04-05 15:00:00+00:00,6.9967089796
2023-04-05 15:15:00+00:00,7.0200830468
2023-04-05 15:30:00+00:00,7.0316429000000005
2023-04-05 15:45:00+00:00,7.0316429000000005
2023-04-05 16:00:00+00:00,7.0316429000000005
2023-04-05 16:15:00+00:00,7.0316429000000005
2023-04-05 16:30:00+00:00,7.0316429000000005
2023-04-05 16:45:00+00:00,7.0316429000000005
2023-04-05 17:00:00+00:00,7.0316429000000005
2023-04-05 17:15:00+00:00,7.0316429000000005
2023-04-05 17:30:00+00:00,7.0316429000000005
2023-04-05 17:45:00+00:00,7.0316429000000005
2023-04-05 18:00:00+00:00,7.0316429000000005
2023-04-05 18:15:00+00:00,7.0316429000000005
2023-04-05 18:30:00+00:00,7.0316429000000005
2023-04-05 18:45:00+00:00,7.0316429000000005
2023-04-05 19:00:00+00:00,7.0316429000000005
2023-04-05 19:15:00+00:00,7.0316429000000005
2023-04-05 19:30:00+00:00,7.0316429000000005
2023-04-05 19:45:00+00:00,7.0316429000000005
2023-04-05 20:00:00+00:00,7.0316429000000005
2023-04-05 20:15:00+00:00,7.0316429000000005
2023-04-05 20:30:00+00:00,7.0316429000000005
2023-04-05 20:45:00+00:00,7.0316429000000005
2023-04-05 21:00:00+00:00,7.0316429000000005
2023-04-05 21:15:00+00:00,7.0316429000000005
2023-04-05 21:30:00+00:00,7.0316429000000005
2023-04-05 21:45:00+00:00,7.0316429000000005
2023-04-05 22:00:00+00:00,7.0316429000000005
2023-04-05 22:15:00+00:00,7.0316429000000005
2023-04-05 22:30:00+00:00,7.0316429000000005
2023-04-05 22:45:00+00:00,7.0316429000000005
2023-04-05 23:00:00+00:00,7.0316429000000005
2023-04-05 23:15:00+00:00,7.0316429000000005
2023-04-05 23:30:00+00:00,7.0316429000000005
2023-04-05 23:45:00+00:00,7.0316429000000005
2023-04-06 00:00:00+00:00,7.0316429000000005
2023-04-06 00:15:00+00:00,7.0316429000000005
2023-04-06 00:30:00+00:00,7.0316429000000005
2023-04-06 00:45:00+00:00,7.0316429000000005
2023-04-06 01:00:00+00:00,7.0316429000000005
2023-04-06 01:15:00+00:00,7.0316429000000005
2023-04-06 01:30:00+00:00,7.0316429000000005
2023-04-06 01:45:00+00:00,7.0316429000000005
2023-04-06 02:00:00+00:00,7.0316429000000005
2023-04-06 02:15:00+00:00,7.0316429000000005
2023-04-06 02:30:00+00:00,7.0316429000000005
2023-04-06 02:45:00+00:00,7.0316429000000005
2023-04-06 03:00:00+00:00,7.0316429000000005
2023-04-06 03:15:00+00:00,7.0316429000000005
2023-04-06 03:30:00+00:00,7.0316429000000005
2023-04-06 03:45:00+00:00,7.0316429000000005
2023-04-06 04:00:00+00:00,7.0316429000000005
2023-04-06 04:15:00+00:00,7.0316429000000005
2023-04-06 04:30:00+00:00,7.0316429000000005
2023-04-06 04:45:00+00:00,7.0316429000000005
2023-04-06 05:00:00+00:00,7.0316429000000005
2023-04-06 05:15:00+00:00,7.0316429000000005
2023-04-06 05:30:00+00:00,7.0316429000000005
2023-04-06 05:45:00+00:00,7.0316429000000005
2023-04-06 06:00:00+00:00,7.0316429000000005
2023-04-06 06:15:00+00:00,7.0316429000000005
2023-04-06 06:30:00+00:00,7.0316429000000005
2023-04-06 06:45:00+00:00,7.0316429000000005
2023-04-06 07:00:00+00:00,7.0316429000000005
2023-04-06 07:15:00+00:00,7.0316429000000005
2023-04-06 07:30:00+00:00,7.0316429000000005
2023-04-06 07:45:00+00:00,7.0316429000000005
2023-04-06 08:00:00+00:00,7.0316429000000005
2023-04-06 08:15:00+00:00,7.0316429000000005
2023-04-06 08:30:00+00:00,7.0316429000000005
2023-04-06 08:45:00+00:00,7.0316429000000005
2023-04-06 09:00:00+00:00,7.0316429000000005
2023-04-06 09:15:00+00:00,7.0316429000000005
2023-04-06 09:30:00+00:00,7.0316429000000005
2023-04-06 09:45:00+00:00,7.0316429000000005
2023-04-06 10:00:00+00:00,7.0316429000000005
2023-04-06 10:15:00+00:00,7.0316429000000005
2023-04-06 10:30:00+00:00,7.0316429000000005
2023-04-06 10:45:00+00:00,7.0316429000000005
2023-04-06 11:00:00+00:00,7.0316488
2023-04-06 11:15:00+00:00,7.0316506
2023-04-06 11:30:00+00:00,7.032460400000001
2023-04-06 11:45:00+00:00,7.032850300000001
2023-04-06 12:00:00+00:00,7.032850300000001
2023-04-06 12:15:00+00:00,7.032850300000001
2023-04-06 12:30:00+00:00,7.032850300000001
2023-04-06 12:45:00+00:00,7.0340545802
2023-04-06 13:00:00+00:00,7.035697600000001
2023-04-06 13:15:00+00:00,7.040489200000001
2023-04-06 13:30:00+00:00,7.0413446
2023-04-06 13:45:00+00:00,7.0414239
2023-04-06 14:00:00+00:00,7.0414239
2023-04-06 14:15:00+00:00,7.0414239
2023-04-06 14:30:00+00:00,7.0414239
2023-04-06 14:45:00+00:00,7.0414239
2023-04-06 15:00:00+00:00,7.0414239
2023-04-06 15:15:00+00:00,7.0414239
2023-04-06 15:30:00+00:00,7.0414239
2023-04-06 15:45:00+00:00,7.0414239
2023-04-06 16:00:00+00:00,7.0414239
2023-04-06 16:15:00+00:00,7.0414239
2023-04-06 16:30:00+00:00,7.0414239
2023-04-06 16:45:00+00:00,7.0414239
2023-04-06 17:00:00+00:00,7.0414239
2023-04-06 17:15:00+00:00,7.0414239
2023-04-06 17:30:00+00:00,7.0414239
2023-04-06 17:45:00+00:00,7.0414239
2023-04-06 18:00:00+00:00,7.0414239
2023-04-06 18:15:00+00:00,7.0414239
2023-04-06 18:30:00+00:00,7.0414239
2023-04-06 18:45:00+00:00,7.0414239
2023-04-06 19:00:00+00:00,7.0414239
2023-04-06 19:15:00+00:00,7.0414239
2023-04-06 19:30:00+00:00,7.0414239
2023-04-06 19:45:00+00:00,7.0414239
2023-04-06 20:00:00+00:00,7.0414239
2023-04-06 20:15:00+00:00,7.0414239
2023-04-06 20:30:00+00:00,7.0414239
2023-04-06 20:45:00+00:00,7.0414239
2023-04-06 21:00:00+00:00,7.0414239
2023-04-06 21:15:00+00:00,7.0414239
2023-04-06 21:30:00+00:00,7.0414239
2023-04-06 21:45:00+00:00,7.0414239
2023-04-06 22:00:00+00:00,7.0414239
2023-04-06 22:15:00+00:00,7.0414239
2023-04-06 22:30:00+00:00,7.0414239
2023-04-06 22:45:00+00:00,7.0414239
2023-04-06 23:00:00+00:00,7.0414239
2023-04-06 23:15:00+00:00,7.0414239
2023-04-06 23:30:00+00:00,7.0414239
2023-04-06 23:45:00+00:00,7.0414239
2023-04-07 00:00:00+00:00,7.0414239
2023-04-07 00:15:00+00:00,7.0414239
2023-04-07 00:30:00+00:00,7.0414239
2023-04-07 00:45:00+00:00,7.0414239
2023-04-07 01:00:00+00:00,7.0414239
2023-04-07 01:15:00+00:00,7.0414239
2023-04-07 01:30:00+00:00,7.0414239
2023-04-07 01:45:00+00:00,7.0414239
2023-04-07 02:00:00+00:00,7.0414239
2023-04-07 02:15:00+00:00,7.0414239
2023-04-07 02:30:00+00:00,7.0414239
2023-04-07 02:45:00+00:00,7.0414239
2023-04-07 03:00:00+00:00,7.0414239
2023-04-07 03:15:00+00:00,7.0414239
2023-04-07 03:30:00+00:00,7.0414239
2023-04-07 03:45:00+00:00,7.0414239
2023-04-07 04:00:00+00:00,7.0414239
2023-04-07 04:15:00+00:00,7.0414239
2023-04-07 04:30:00+00:00,7.0414239
2023-04-07 04:45:00+00:00,7.0414239
2023-04-07 05:00:00+00:00,7.0414239
2023-04-07 05:15:00+00:00,7.0414239
2023-04-07 05:30:00+00:00,7.0414239
2023-04-07 05:45:00+00:00,7.0414239
2023-04-07 06:00:00+00:00,7.0414239
2023-04-07 06:15:00+00:00,7.0414239
2023-04-07 06:30:00+00:00,7.0414239
2023-04-07 06:45:00+00:00,7.0414239
2023-04-07 07:00:00+00:00,7.0414239
2023-04-07 07:15:00+00:00,7.0414239
2023-04-07 07:30:00+00:00,7.0414239
2023-04-07 07:45:00+00:00,7.0414239
2023-04-07 08:00:00+00:00,7.0414239
2023-04-07 08:15:00+00:00,7.0414239
2023-04-07 08:30:00+00:00,7.0414239
2023-04-07 08:45:00+00:00,7.041496700000001
2023-04-07 09:00:00+00:00,7.0418282699
2023-04-07 09:15:00+00:00,7.0516537
2023-04-07 09:30:00+00:00,7.0516537
2023-04-07 09:45:00+00:00,7.063354400000001
2023-04-07 10:00:00+00:00,7.0768659000000005
2023-04-07 10:15:00+00:00,7.0964975
2023-04-07 10:30:00+00:00,7.1080928896
2023-04-07 10:45:00+00:00,7.1187681000000005
2023-04-07 11:00:00+00:00,7.119826600000001
2023-04-07 11:15:00+00:00,7.119826600000001
2023-04-07 11:30:00+00:00,7.119826600000001
2023-04-07 11:45:00+00:00,7.1224824488000005
2023-04-07 12:00:00+00:00,7.1429462
2023-04-07 12:15:00+00:00,7.1842515304
2023-04-07 12:30:00+00:00,7.2229137
2023-04-07 12:45:00+00:00,7.229012
2023-04-07 13:00:00+00:00,7.229012
2023-04-07 13:15:00+00:00,7.229012
2023-04-07 13:30:00+00:00,7.229012
2023-04-07 13:45:00+00:00,7.229012
2023-04-07 14:00:00+00:00,7.229012
2023-04-07 14:15:00+00:00,7.229012
2023-04-07 14:30:00+00:00,7.255576400000001
2023-04-07 14:45:00+00:00,7.270978
2023-04-07 15:00:00+00:00,7.2711638
2023-04-07 15:15:00+00:00,7.2719344979
2023-04-07 15:30:00+00:00,7.2757041000000005
2023-04-07 15:45:00+00:00,7.2757041000000005
2023-04-07 16:00:00+00:00,7.2757041000000005
2023-04-07 16:15:00+00:00,7.2757041000000005
2023-04-07 16:30:00+00:00,7.2757041000000005
2023-04-07 16:45:00+00:00,7.2757041000000005
2023-04-07 17:00:00+00:00,7.2757041000000005
2023-04-07 17:15:00+00:00,7.2757041000000005
2023-04-07 17:30:00+00:00,7.2757041000000005
2023-04-07 17:45:00+00:00,7.2757041000000005
2023-04-07 18:00:00+00:00,7.2757041000000005
2023-04-07 18:15:00+00:00,7.2757041000000005
2023-04-07 18:30:00+00:00,7.2757041000000005
2023-04-07 18:45:00+00:00,7.2757041000000005
2023-04-07 19:00:00+00:00,7.2757041000000005
2023-04-07 19:15:00+00:00,7.2757041000000005
2023-04-07 19:30:00+00:00,7.2757041000000005
2023-04-07 19:45:00+00:00,7.2757041000000005
2023-04-07 20:00:00+00:00,7.2757041000000005
2023-04-07 20:15:00+00:00,7.2757041000000005
2023-04-07 20:30:00+00:00,7.2757041000000005
2023-04-07 20:45:00+00:00,7.2757041000000005
2023-04-07 21:00:00+00:00,7.2757041000000005
2023-04-07 21:15:00+00:00,7.2757041000000005
2023-04-07 21:30:00+00:00,7.2757041000000005
2023-04-07 21:45:00+00:00,7.2757041000000005
2023-04-07 22:00:00+00:00,7.2757041000000005
2023-04-07 22:15:00+00:00,7.2757041000000005
2023-04-07 22:30:00+00:00,7.2757041000000005
2023-04-07 22:45:00+00:00,7.2757041000000005
2023-04-07 23:00:00+00:00,7.2757041000000005
2023-04-07 23:15:00+00:00,7.2757041000000005
2023-04-07 23:30:00+00:00,7.2757041000000005
2023-04-07 23:45:00+00:00,7.2757041000000005
2023-04-08 00:00:00+00:00,7.2757041000000005
2023-04-08 00:15:00+00:00,7.2757041000000005
2023-04-08 00:30:00+00:00,7.2757041000000005
2023-04-08 00:45:00+00:00,7.2757041000000005
2023-04-08 01:00:00+00:00,7.2757041000000005
2023-04-08 01:15:00+00:00,7.2757041000000005
2023-04-08 01:30:00+00:00,7.2757041000000005
2023-04-08 01:45:00+00:00,7.2757041000000005
2023-04-08 02:00:00+00:00,7.2757041000000005
2023-04-08 02:15:00+00:00,7.2757041000000005
2023-04-08 02:30:00+00:00,7.2757041000000005
2023-04-08 02:45:00+00:00,7.2757041000000005
2023-04-08 03:00:00+00:00,7.2757041000000005
2023-04-08 03:15:00+00:00,7.2757041000000005
2023-04-08 03:30:00+00:00,7.2757041000000005
2023-04-08 03:45:00+00:00,7.2757041000000005
2023-04-08 04:00:00+00:00,7.2757041000000005
2023-04-08 04:15:00+00:00,7.2757041000000005
2023-04-08 04:30:00+00:00,7.2757041000000005
2023-04-08 04:45:00+00:00,7.2757041000000005
2023-04-08 05:00:00+00:00,7.2757041000000005
2023-04-08 05:15:00+00:00,7.2757041000000005
2023-04-08 05:30:00+00:00,7.2757041000000005
2023-04-08 05:45:00+00:00,7.2757041000000005
2023-04-08 06:00:00+00:00,7.2757041000000005
2023-04-08 06:15:00+00:00,7.2757041000000005
2023-04-08 06:30:00+00:00,7.2757041000000005
2023-04-08 06:45:00+00:00,7.2757041000000005
2023-04-08 07:00:00+00:00,7.2757041000000005
2023-04-08 07:15:00+00:00,7.2757041000000005
2023-04-08 07:30:00+00:00,7.2757041000000005
2023-04-08 07:45:00+00:00,7.2757041000000005
2023-04-08 08:00:00+00:00,7.2757041000000005
2023-04-08 08:15:00+00:00,7.2757041000000005
2023-04-08 08:30:00+00:00,7.2757041000000005
2023-04-08 08:45:00+00:00,7.2757041000000005
2023-04-08 09:00:00+00:00,7.2757041000000005
2023-04-08 09:15:00+00:00,7.2757041000000005
2023-04-08 09:30:00+00:00,7.2757306
2023-04-08 09:45:00+00:00,7.2834453
2023-04-08 10:00:00+00:00,7.2884595
2023-04-08 10:15:00+00:00,7.2884813
2023-04-08 10:30:00+00:00,7.2884813
2023-04-08 10:45:00+00:00,7.2884813
2023-04-08 11:00:00+00:00,7.2884813
2023-04-08 11:15:00+00:00,7.2884813
2023-04-08 11:30:00+00:00,7.2884813
2023-04-08 11:45:00+00:00,7.2884813
2023-04-08 12:00:00+00:00,7.2884813
2023-04-08 12:15:00+00:00,7.2884813
2023-04-08 12:30:00+00:00,7.2884813
2023-04-08 12:45:00+00:00,7.2884813
2023-04-08 13:00:00+00:00,7.2884813
2023-04-08 13:15:00+00:00,7.2886975095
2023-04-08 13:30:00+00:00,7.289522300000001
2023-04-08 13:45:00+00:00,7.289522300000001
2023-04-08 14:00:00+00:00,7.289522300000001
2023-04-08 14:15:00+00:00,7.289522300000001
2023-04-08 14:30:00+00:00,7.296135700000001
2023-04-08 14:45:00+00:00,7.301481102
2023-04-08 15:00:00+00:00,7.3045206
2023-04-08 15:15:00+00:00,7.3045206
2023-04-08 15:30:00+00:00,7.3045206
2023-04-08 15:45:00+00:00,7.3045206
2023-04-08 16:00:00+00:00,7.3045206
2023-04-08 16:15:00+00:00,7.3045206
2023-04-08 16:30:00+00:00,7.3045206
2023-04-08 16:45:00+00:00,7.3045206
2023-04-08 17:00:00+00:00,7.3045206
2023-04-08 17:15:00+00:00,7.3045206
2023-04-08 17:30:00+00:00,7.3045206
2023-04-08 17:45:00+00:00,7.3045206
2023-04-08 18:00:00+00:00,7.3045206
2023-04-08 18:15:00+00:00,7.3045206
2023-04-08 18:30:00+00:00,7.3045206
2023-04-08 18:45:00+00:00,7.3045206
2023-04-08 19:00:00+00:00,7.3045206
2023-04-08 19:15:00+00:00,7.3045206
2023-04-08 19:30:00+00:00,7.3045206
2023-04-08 19:45:00+00:00,7.3045206
2023-04-08 20:00:00+00:00,7.3045206
2023-04-08 20:15:00+00:00,7.3045206
2023-04-08 20:30:00+00:00,7.3045206
2023-04-08 20:45:00+00:00,7.3045206
2023-04-08 21:00:00+00:00,7.3045206
2023-04-08 21:15:00+00:00,7.3045206
2023-04-08 21:30:00+00:00,7.3045206
2023-04-08 21:45:00+00:00,7.3045206
2023-04-08 22:00:00+00:00,7.3045206
2023-04-08 22:15:00+00:00,7.3045206
2023-04-08 22:30:00+00:00,7.3045206
2023-04-08 22:45:00+00:00,7.3045206
2023-04-08 23:00:00+00:00,7.3045206
2023-04-08 23:15:00+00:00,7.3045206
2023-04-08 23:30:00+00:00,7.3045206
2023-04-08 23:45:00+00:00,7.3045206
2023-04-09 00:00:00+00:00,7.3045206
2023-04-09 00:15:00+00:00,7.3045206
2023-04-09 00:30:00+00:00,7.3045206
2023-04-09 00:45:00+00:00,7.3045206
2023-04-09 01:00:00+00:00,7.3045206
2023-04-09 01:15:00+00:00,7.3045206
2023-04-09 01:30:00+00:00,7.3045206
2023-04-09 01:45:00+00:00,7.3045206
2023-04-09 02:00:00+00:00,7.3045206
2023-04-09 02:15:00+00:00,7.3045206
2023-04-09 02:30:00+00:00,7.3045206
2023-04-09 02:45:00+00:00,7.3045206
2023-04-09 03:00:00+00:00,7.3045206
2023-04-09 03:15:00+00:00,7.3045206
2023-04-09 03:30:00+00:00,7.3045206
2023-04-09 03:45:00+00:00,7.3045206
2023-04-09 04:00:00+00:00,7.3045206
2023-04-09 04:15:00+00:00,7.3045206
2023-04-09 04:30:00+00:00,7.3045206
2023-04-09 04:45:00+00:00,7.3045206
2023-04-09 05:00:00+00:00,7.3045206
2023-04-16 05:15:00+00:00,8.7919093
2023-04-16 05:30:00+00:00,8.7919093
2023-04-16 05:45:00+00:00,8.7919093
2023-04-16 06:00:00+00:00,8.7919093
2023-04-16 06:15:00+00:00,8.7919093
2023-04-16 06:30:00+00:00,8.7919093
2023-04-16 06:45:00+00:00,8.7919093
2023-04-16 07:00:00+00:00,8.7919093
2023-04-16 07:15:00+00:00,8.7919093
2023-04-16 07:30:00+00:00,8.7919093
2023-04-16 07:45:00+00:00,8.7919093
2023-04-16 08:00:00+00:00,8.7919093
2023-04-16 08:15:00+00:00,8.7919093
2023-04-16 08:30:00+00:00,8.7919093
2023-04-16 08:45:00+00:00,8.7919093
2023-04-16 09:00:00+00:00,8.7919093
2023-04-16 09:15:00+00:00,8.7919093
2023-04-16 09:30:00+00:00,8.7919093
2023-04-16 09:45:00+00:00,8.7919093
2023-04-16 10:00:00+00:00,8.7919093
2023-04-16 10:15:00+00:00,8.7919093
2023-04-16 10:30:00+00:00,8.7919093
2023-04-16 10:45:00+00:00,8.7919093
2023-04-16 11:00:00+00:00,8.7919093
2023-04-16 11:15:00+00:00,8.7919093
2023-04-16 11:30:00+00:00,8.7919093
2023-04-16 11:45:00+00:00,8.7919093
2023-04-16 12:00:00+00:00,8.7919093
2023-04-16 12:15:00+00:00,8.7919093
2023-04-16 12:30:00+00:00,8.7919093
2023-04-16 12:45:00+00:00,8.7919093
2023-04-16 13:00:00+00:00,8.7919093
2023-04-16 13:15:00+00:00,8.7919093
2023-04-16 13:30:00+00:00,8.7919093
2023-04-16 13:45:00+00:00,8.7919093
2023-04-16 14:00:00+00:00,8.7919093
2023-04-16 14:15:00+00:00,8.7919093
2023-04-16 14:30:00+00:00,8.7919093
2023-04-16 14:45:00+00:00,8.7919093
2023-04-16 15:00:00+00:00,8.7919093
2023-04-16 15:15:00+00:00,8.7919093
2023-04-16 15:30:00+00:00,8.7919093
2023-04-16 15:45:00+00:00,8.7919093
2023-04-16 16:00:00+00:00,8.7919093
2023-04-16 16:15:00+00:00,8.7919093
2023-04-16 16:30:00+00:00,8.7919093
2023-04-16 16:45:00+00:00,8.7919093
2023-04-16 17:00:00+00:00,8.7919093
2023-04-16 17:15:00+00:00,8.7919093
2023-04-16 17:30:00+00:00,8.7919093
2023-04-16 17:45:00+00:00,8.7919093
2023-04-16 18:00:00+00:00,8.7919093
2023-04-16 18:15:00+00:00,8.7919093
2023-04-16 18:30:00+00:00,8.7919093
2023-04-16 18:45:00+00:00,8.7919093
2023-04-16 19:00:00+00:00,8.7919093
2023-04-16 19:15:00+00:00,8.7919093
2023-04-16 19:30:00+00:00,8.7919093
2023-04-16 19:45:00+00:00,8.7919093
2023-04-16 20:00:00+00:00,8.7919093
2023-04-16 20:15:00+00:00,8.7919093
2023-04-16 20:30:00+00:00,8.7919093
2023-04-16 20:45:00+00:00,8.7919093
2023-04-16 21:00:00+00:00,8.7919093
2023-04-16 21:15:00+00:00,8.7919093
2023-04-16 21:30:00+00:00,8.7919093
2023-04-16 21:45:00+00:00,8.7919093
2023-04-16 22:00:00+00:00,8.7919093
2023-04-16 22:15:00+00:00,8.7919093
2023-04-16 22:30:00+00:00,8.7919093
2023-04-16 22:45:00+00:00,8.7919093
2023-04-16 23:00:00+00:00,8.7919093
2023-04-16 23:15:00+00:00,8.7919093
2023-04-16 23:30:00+00:00,8.7919093
2023-04-16 23:45:00+00:00,8.7919093
2023-04-17 00:00:00+00:00,8.7919093
2023-04-17 00:15:00+00:00,8.7919093
2023-04-17 00:30:00+00:00,8.7919093
2023-04-17 00:45:00+00:00,8.7919093
2023-04-17 01:00:00+00:00,8.7919093
2023-04-17 01:15:00+00:00,8.7919093
2023-04-17 01:30:00+00:00,8.7919093
2023-04-17 01:45:00+00:00,8.7919093
2023-04-17 02:00:00+00:00,8.7919093
2023-04-17 02:15:00+00:00,8.7919093
2023-04-17 02:30:00+00:00,8.7919093
2023-04-17 02:45:00+00:00,8.7919093
2023-04-17 03:00:00+00:00,8.7919093
2023-04-17 03:15:00+00:00,8.7919093
2023-04-17 03:30:00+00:00,8.7919093
2023-04-17 03:45:00+00:00,8.7919093
2023-04-17 04:00:00+00:00,8.7919093
2023-04-17 04:15:00+00:00,8.7919093
2023-04-17 04:30:00+00:00,8.7919093
2023-04-17 04:45:00+00:00,8.7919093
2023-04-17 05:00:00+00:00,8.7919093
2023-04-17 05:15:00+00:00,8.7919093
2023-04-17 05:30:00+00:00,8.7919093
2023-04-17 05:45:00+00:00,8.7919093
2023-04-17 06:00:00+00:00,8.7919093
2023-04-17 06:15:00+00:00,8.7919093
2023-04-17 06:30:00+00:00,8.7919093
2023-04-17 06:45:00+00:00,8.7919093
2023-04-17 07:00:00+00:00,8.7919093
2023-04-17 07:15:00+00:00,8.7919093
2023-04-17 07:30:00+00:00,8.7919093
2023-04-17 07:45:00+00:00,8.7919093
2023-04-17 08:00:00+00:00,8.7919093
2023-04-17 08:15:00+00:00,8.7919093
2023-04-17 08:30:00+00:00,8.7919093
2023-04-17 08:45:00+00:00,8.7919093
2023-04-17 09:00:00+00:00,8.7919093
2023-04-17 09:15:00+00:00,8.7919093
2023-04-17 09:30:00+00:00,8.7919093
2023-04-17 09:45:00+00:00,8.7919093
2023-04-17 10:00:00+00:00,8.7919093
2023-04-17 10:15:00+00:00,8.7919093
2023-04-17 10:30:00+00:00,8.7919093
2023-04-17 10:45:00+00:00,8.7919093
2023-04-17 11:00:00+00:00,8.7919093
2023-04-17 11:15:00+00:00,8.7919093
2023-04-17 11:30:00+00:00,8.7919093
2023-04-17 11:45:00+00:00,8.7919093
2023-04-17 12:00:00+00:00,8.7919093
2023-04-17 12:15:00+00:00,8.7919093
2023-04-17 12:30:00+00:00,8.7919093
2023-04-17 12:45:00+00:00,8.7919093
2023-04-17 13:00:00+00:00,8.7919093
2023-04-17 13:15:00+00:00,8.7919093
2023-04-17 13:30:00+00:00,8.7919093
2023-04-17 13:45:00+00:00,8.7919093
2023-04-17 14:00:00+00:00,8.7919093
2023-04-17 14:15:00+00:00,8.7919093
2023-04-17 14:30:00+00:00,8.7919093
2023-04-17 14:45:00+00:00,8.7919093
2023-04-17 15:00:00+00:00,8.7919093
2023-04-17 15:15:00+00:00,8.7919093
2023-04-17 15:30:00+00:00,8.7919093
2023-04-17 15:45:00+00:00,8.7919093
2023-04-17 16:00:00+00:00,8.7919093
2023-04-17 16:15:00+00:00,8.7919093
2023-04-17 16:30:00+00:00,8.7919093
2023-04-17 16:45:00+00:00,8.7919093
2023-04-17 17:00:00+00:00,8.7919093
2023-04-17 17:15:00+00:00,8.7919093
2023-04-17 17:30:00+00:00,8.7919093
2023-04-17 17:45:00+00:00,8.7919093
2023-04-17 18:00:00+00:00,8.7919093
2023-04-17 18:15:00+00:00,8.7919093
2023-04-17 18:30:00+00:00,8.7919093
2023-04-17 18:45:00+00:00,8.7919093
2023-04-17 19:00:00+00:00,8.7919093
2023-04-17 19:15:00+00:00,8.7919093
2023-04-17 19:30:00+00:00,8.7919093
2023-04-17 19:45:00+00:00,8.7919093
2023-04-17 20:00:00+00:00,8.7919093
2023-04-17 20:15:00+00:00,8.7919093
2023-04-17 20:30:00+00:00,8.7919093
2023-04-17 20:45:00+00:00,8.7919093
2023-04-17 21:00:00+00:00,8.7919093
2023-04-17 21:15:00+00:00,8.7919093
2023-04-17 21:30:00+00:00,8.7919093
2023-04-17 21:45:00+00:00,8.7919093
2023-04-17 22:00:00+00:00,8.7919093
2023-04-17 22:15:00+00:00,8.7919093
2023-04-17 22:30:00+00:00,8.7919093
2023-04-17 22:45:00+00:00,8.7919093
2023-04-17 23:00:00+00:00,8.7919093
2023-04-17 23:15:00+00:00,8.7919093
2023-04-17 23:30:00+00:00,8.7919093
2023-04-17 23:45:00+00:00,8.7919093
2023-04-18 00:00:00+00:00,8.7919093
2023-04-18 00:15:00+00:00,8.7919093
2023-04-18 00:30:00+00:00,8.7919093
2023-04-23 05:15:00+00:00,9.456531100000001
2023-04-23 05:30:00+00:00,9.456531100000001
2023-04-23 05:45:00+00:00,9.456531100000001
2023-04-23 06:00:00+00:00,9.456531100000001
2023-04-23 06:15:00+00:00,9.456531100000001
2023-04-23 06:30:00+00:00,9.456531100000001
2023-04-23 06:45:00+00:00,9.456531100000001
2023-04-23 07:00:00+00:00,9.456531100000001
2023-04-23 07:15:00+00:00,9.456531100000001
2023-04-23 07:30:00+00:00,9.456531100000001
2023-04-23 07:45:00+00:00,9.456531100000001
2023-04-23 08:00:00+00:00,9.456531100000001
2023-04-23 08:15:00+00:00,9.456531100000001
2023-04-23 08:30:00+00:00,9.4572900558
2023-04-23 08:45:00+00:00,9.4595419264
2023-04-23 09:00:00+00:00,9.4780271406
2023-04-23 09:15:00+00:00,9.4910361115
2023-04-23 09:30:00+00:00,9.4964983092
2023-04-23 09:45:00+00:00,9.5146941928
2023-04-23 10:00:00+00:00,9.5194895
2023-04-23 10:15:00+00:00,9.5194895
2023-04-23 10:30:00+00:00,9.5194895
2023-04-23 10:45:00+00:00,9.5194895
2023-04-23 11:00:00+00:00,9.5194895
2023-04-23 11:15:00+00:00,9.5194895
2023-04-23 11:30:00+00:00,9.5194895
2023-04-23 11:45:00+00:00,9.5195
2023-04-23 12:00:00+00:00,9.5195
2023-04-23 12:15:00+00:00,9.5195
2023-04-23 12:30:00+00:00,9.5195
2023-04-23 12:45:00+00:00,9.5195
2023-04-23 13:00:00+00:00,9.5195
2023-04-23 13:15:00+00:00,9.5195
2023-04-23 13:30:00+00:00,9.5195
2023-04-23 13:45:00+00:00,9.5243381645
2023-04-23 14:00:00+00:00,9.532876700000001
2023-04-23 14:15:00+00:00,9.532876700000001
2023-04-23 14:30:00+00:00,9.532876700000001
2023-04-23 14:45:00+00:00,9.532876700000001
2023-04-23 15:00:00+00:00,9.532876700000001
2023-04-23 15:15:00+00:00,9.532876700000001
2023-04-23 15:30:00+00:00,9.532876700000001
2023-04-23 15:45:00+00:00,9.532876700000001
2023-04-23 16:00:00+00:00,9.532876700000001
2023-04-23 16:15:00+00:00,9.532876700000001
2023-04-23 16:30:00+00:00,9.532876700000001
2023-04-23 16:45:00+00:00,9.532876700000001
2023-04-23 17:00:00+00:00,9.532876700000001
2023-04-23 17:15:00+00:00,9.532876700000001
2023-04-23 17:30:00+00:00,9.532876700000001
2023-04-23 17:45:00+00:00,9.532876700000001
2023-04-23 18:00:00+00:00,9.532876700000001
2023-04-23 18:15:00+00:00,9.532876700000001
2023-04-23 18:30:00+00:00,9.532876700000001
2023-04-23 18:45:00+00:00,9.532876700000001
2023-04-23 19:00:00+00:00,9.532876700000001
2023-04-23 19:15:00+00:00,9.532876700000001
2023-04-23 19:30:00+00:00,9.532876700000001
2023-04-23 19:45:00+00:00,9.532876700000001
2023-04-23 20:00:00+00:00,9.532876700000001
2023-04-23 20:15:00+00:00,9.532876700000001
2023-04-23 20:30:00+00:00,9.532876700000001
2023-04-23 20:45:00+00:00,9.532876700000001
2023-04-23 21:00:00+00:00,9.532876700000001
2023-04-23 21:15:00+00:00,9.532876700000001
2023-04-23 21:30:00+00:00,9.532876700000001
2023-04-23 21:45:00+00:00,9.532876700000001
2023-04-23 22:00:00+00:00,9.532876700000001
2023-04-23 22:15:00+00:00,9.532876700000001
2023-04-23 22:30:00+00:00,9.532876700000001
2023-04-23 22:45:00+00:00,9.532876700000001
2023-04-23 23:00:00+00:00,9.532876700000001
2023-04-23 23:15:00+00:00,9.532876700000001
2023-04-23 23:30:00+00:00,9.532876700000001
2023-04-23 23:45:00+00:00,9.532876700000001
2023-04-24 00:00:00+00:00,9.532876700000001
2023-04-24 00:15:00+00:00,9.532876700000001
2023-04-24 00:30:00+00:00,9.532876700000001
2023-04-24 00:45:00+00:00,9.532876700000001
2023-04-24 01:00:00+00:00,9.532876700000001
2023-04-24 01:15:00+00:00,9.532876700000001
2023-04-24 01:30:00+00:00,9.532876700000001
2023-04-24 01:45:00+00:00,9.532876700000001
2023-04-24 02:00:00+00:00,9.532876700000001
2023-04-24 02:15:00+00:00,9.532876700000001
2023-04-24 02:30:00+00:00,9.532876700000001
2023-04-24 02:45:00+00:00,9.532876700000001
2023-04-24 03:00:00+00:00,9.532876700000001
2023-04-24 03:15:00+00:00,9.532876700000001
2023-04-24 03:30:00+00:00,9.532876700000001
2023-04-24 03:45:00+00:00,9.532876700000001
2023-04-24 04:00:00+00:00,9.532876700000001
2023-04-24 04:15:00+00:00,9.532876700000001
2023-04-24 04:30:00+00:00,9.532876700000001
2023-04-24 04:45:00+00:00,9.532876700000001
2023-04-24 05:00:00+00:00,9.532876700000001
2023-04-24 05:15:00+00:00,9.532876700000001
2023-04-24 05:30:00+00:00,9.532876700000001
2023-04-24 05:45:00+00:00,9.532876700000001
2023-04-24 06:00:00+00:00,9.532876700000001
2023-04-24 06:15:00+00:00,9.532876700000001
2023-04-24 06:30:00+00:00,9.532876700000001
2023-04-24 06:45:00+00:00,9.532876700000001
2023-04-24 07:00:00+00:00,9.532876700000001
2023-04-24 07:15:00+00:00,9.532876700000001
2023-04-24 07:30:00+00:00,9.532876700000001
2023-04-24 07:45:00+00:00,9.5330913
2023-04-24 08:00:00+00:00,9.5330913
2023-04-24 08:15:00+00:00,9.5330913
2023-04-24 08:30:00+00:00,9.5330913
2023-04-24 08:45:00+00:00,9.5330913
2023-04-24 09:00:00+00:00,9.5363159724
2023-04-24 09:15:00+00:00,9.556968
2023-04-24 09:30:00+00:00,9.556968
2023-04-24 09:45:00+00:00,9.556968
2023-04-24 10:00:00+00:00,9.556968
2023-04-24 10:15:00+00:00,9.556968
2023-04-24 10:30:00+00:00,9.556968
2023-04-24 10:45:00+00:00,9.556968
2023-04-24 11:00:00+00:00,9.556968
2023-04-24 11:15:00+00:00,9.556968
2023-04-24 11:30:00+00:00,9.556968
2023-04-24 11:45:00+00:00,9.556968
2023-04-24 12:00:00+00:00,9.556968
2023-04-24 12:15:00+00:00,9.569458632
2023-04-24 12:30:00+00:00,9.5882267
2023-04-24 12:45:00+00:00,9.5893274
2023-04-24 13:00:00+00:00,9.5893274
2023-04-24 13:15:00+00:00,9.5893274
2023-04-24 13:30:00+00:00,9.5893274
2023-04-24 13:45:00+00:00,9.5893274
2023-04-24 14:00:00+00:00,9.5893274
2023-04-24 14:15:00+00:00,9.5893274
2023-04-24 14:30:00+00:00,9.5893274
2023-04-24 14:45:00+00:00,9.5908086
2023-04-24 15:00:00+00:00,9.5909039
2023-04-24 15:15:00+00:00,9.5953253
2023-04-24 15:30:00+00:00,9.5953253
2023-04-24 15:45:00+00:00,9.5953253
2023-04-24 16:00:00+00:00,9.5953253
2023-04-24 16:15:00+00:00,9.5953253
2023-04-24 16:30:00+00:00,9.5953253
2023-04-24 16:45:00+00:00,9.5953253
2023-04-24 17:00:00+00:00,9.5953253
2023-04-24 17:15:00+00:00,9.5953253
2023-04-24 17:30:00+00:00,9.5953253
2023-04-24 17:45:00+00:00,9.5953253
2023-04-24 18:00:00+00:00,9.5953253
2023-04-24 18:15:00+00:00,9.5953253
2023-04-24 18:30:00+00:00,9.5953253
2023-04-24 18:45:00+00:00,9.5953253
2023-04-24 19:00:00+00:00,9.5953253
2023-04-24 19:15:00+00:00,9.5953253
2023-04-24 19:30:00+00:00,9.5953253
2023-04-24 19:45:00+00:00,9.5953253
2023-04-24 20:00:00+00:00,9.5953253
2023-04-24 20:15:00+00:00,9.5953253
2023-04-24 20:30:00+00:00,9.5953253
2023-04-24 20:45:00+00:00,9.5953253
2023-04-24 21:00:00+00:00,9.5953253
2023-04-24 21:15:00+00:00,9.5953253
2023-04-24 21:30:00+00:00,9.5953253
2023-04-24 21:45:00+00:00,9.5953253
2023-04-24 22:00:00+00:00,9.5953253
2023-04-24 22:15:00+00:00,9.5953253
2023-04-24 22:30:00+00:00,9.5953253
2023-04-24 22:45:00+00:00,9.5953253
2023-04-24 23:00:00+00:00,9.5953253
2023-04-24 23:15:00+00:00,9.5953253
2023-04-24 23:30:00+00:00,9.5953253
2023-04-24 23:45:00+00:00,9.5953253
2023-04-25 00:00:00+00:00,9.5953253
2023-04-25 00:15:00+00:00,9.5953253
2023-04-25 00:30:00+00:00,9.5953253
2023-04-25 00:45:00+00:00,9.5953253
2023-04-25 01:00:00+00:00,9.5953253
2023-04-25 01:15:00+00:00,9.5953253
2023-04-25 01:30:00+00:00,9.5953253
2023-04-25 01:45:00+00:00,9.5953253
2023-04-25 02:00:00+00:00,9.5953253
2023-04-25 02:15:00+00:00,9.5953253
2023-04-25 02:30:00+00:00,9.5953253
2023-04-25 02:45:00+00:00,9.5953253
2023-04-25 03:00:00+00:00,9.5953253
2023-04-25 03:15:00+00:00,9.5953253
2023-04-25 03:30:00+00:00,9.5953253
2023-04-25 03:45:00+00:00,9.5953253
2023-04-25 04:00:00+00:00,9.5953253
2023-04-25 04:15:00+00:00,9.5953253
2023-04-25 04:30:00+00:00,9.5953253
2023-04-25 04:45:00+00:00,9.5953253
2023-04-25 05:00:00+00:00,9.5953253
2023-04-25 05:15:00+00:00,9.5953253
2023-04-25 05:30:00+00:00,9.5953253
2023-04-25 05:45:00+00:00,9.5953253
2023-04-25 06:00:00+00:00,9.5953253
2023-04-25 06:15:00+00:00,9.5953253
2023-04-25 06:30:00+00:00,9.5953253
2023-04-25 06:45:00+00:00,9.5953253
2023-04-25 07:00:00+00:00,9.5953253
2023-04-25 07:15:00+00:00,9.5953253
2023-04-25 07:30:00+00:00,9.5953253
2023-04-25 07:45:00+00:00,9.5953253
2023-04-25 08:00:00+00:00,9.5953253
2023-04-25 08:15:00+00:00,9.5953253
2023-04-25 08:30:00+00:00,9.5953253
2023-04-25 08:45:00+00:00,9.5953253
2023-04-25 09:00:00+00:00,9.5953253
2023-04-25 09:15:00+00:00,9.5953253
2023-04-25 09:30:00+00:00,9.5953253
2023-04-25 09:45:00+00:00,9.5953253
2023-04-25 10:00:00+00:00,9.5953253
2023-04-25 10:15:00+00:00,9.5953253
2023-04-25 10:30:00+00:00,9.5953253
2023-04-25 10:45:00+00:00,9.5953253
2023-04-25 11:00:00+00:00,9.5953253
2023-04-25 11:15:00+00:00,9.5953253
2023-04-25 11:30:00+00:00,9.5953253
2023-04-25 11:45:00+00:00,9.5953253
2023-04-25 12:00:00+00:00,9.5953253
2023-04-25 12:15:00+00:00,9.5953253
2023-04-25 12:30:00+00:00,9.5953253
2023-04-25 12:45:00+00:00,9.5953253
2023-04-25 13:00:00+00:00,9.5953253
2023-04-25 13:15:00+00:00,9.5953253
2023-04-25 13:30:00+00:00,9.5953253
2023-04-25 13:45:00+00:00,9.5953253
2023-04-25 14:00:00+00:00,9.6048478
2023-04-25 14:15:00+00:00,9.606298500000001
2023-04-25 14:30:00+00:00,9.6068984
2023-04-25 14:45:00+00:00,9.6080395
2023-04-25 15:00:00+00:00,9.6080395
2023-04-25 15:15:00+00:00,9.6080395
2023-04-25 15:30:00+00:00,9.6080395
2023-04-25 15:45:00+00:00,9.6080395
2023-04-25 16:00:00+00:00,9.6080395
2023-04-25 16:15:00+00:00,9.6080395
2023-04-25 16:30:00+00:00,9.6080395
2023-04-25 16:45:00+00:00,9.6080395
2023-04-25 17:00:00+00:00,9.6080395
2023-04-25 17:15:00+00:00,9.6080395
2023-04-25 17:30:00+00:00,9.6080395
2023-04-25 17:45:00+00:00,9.6080395
2023-04-25 18:00:00+00:00,9.6080395
2023-04-25 18:15:00+00:00,9.6080395
2023-04-25 18:30:00+00:00,9.6080395
2023-04-25 18:45:00+00:00,9.6080395
2023-04-25 19:00:00+00:00,9.6080395
2023-04-25 19:15:00+00:00,9.6080395
2023-04-25 19:30:00+00:00,9.6080395
2023-04-25 19:45:00+00:00,9.6080395
2023-04-25 20:00:00+00:00,9.6080395
2023-04-25 20:15:00+00:00,9.6080395
2023-04-25 20:30:00+00:00,9.6080395
2023-04-25 20:45:00+00:00,9.6080395
2023-04-25 21:00:00+00:00,9.6080395
2023-04-25 21:15:00+00:00,9.6080395
2023-04-25 21:30:00+00:00,9.6080395
2023-04-25 21:45:00+00:00,9.6080395
2023-04-25 22:00:00+00:00,9.6080395
2023-04-25 22:15:00+00:00,9.6080395
2023-04-25 22:30:00+00:00,9.6080395
2023-04-25 22:45:00+00:00,9.6080395
2023-04-25 23:00:00+00:00,9.6080395
2023-04-25 23:15:00+00:00,9.6080395
2023-04-25 23:30:00+00:00,9.6080395
2023-04-25 23:45:00+00:00,9.6080395
2023-04-26 00:00:00+00:00,9.6080395
2023-04-26 00:15:00+00:00,9.6080395
2023-04-26 00:30:00+00:00,9.6080395
2023-04-26 00:45:00+00:00,9.6080395
2023-04-26 01:00:00+00:00,9.6080395
2023-04-26 01:15:00+00:00,9.6080395
2023-04-26 01:30:00+00:00,9.6080395
2023-04-26 01:45:00+00:00,9.6080395
2023-04-26 02:00:00+00:00,9.6080395
2023-04-26 02:15:00+00:00,9.6080395
2023-04-26 02:30:00+00:00,9.6080395
2023-04-26 02:45:00+00:00,9.6080395
2023-04-26 03:00:00+00:00,9.6080395
2023-04-26 03:15:00+00:00,9.6080395
2023-04-26 03:30:00+00:00,9.6080395
2023-04-26 03:45:00+00:00,9.6080395
2023-04-26 04:00:00+00:00,9.6080395
2023-04-26 04:15:00+00:00,9.6080395
2023-04-26 04:30:00+00:00,9.6080395
2023-04-26 04:45:00+00:00,9.6080395
2023-04-26 05:00:00+00:00,9.6080395
2023-04-26 05:15:00+00:00,9.6080395
2023-04-26 05:30:00+00:00,9.6080395
2023-04-26 05:45:00+00:00,9.6080395
2023-04-26 06:00:00+00:00,9.6080395
2023-04-26 06:15:00+00:00,9.6080395
2023-04-26 06:30:00+00:00,9.6080395
2023-04-26 06:45:00+00:00,9.6080395
2023-04-26 07:00:00+00:00,9.6080395
2023-04-26 07:15:00+00:00,9.6080395
2023-04-26 07:30:00+00:00,9.6080395
2023-04-26 07:45:00+00:00,9.6080395
2023-04-26 08:00:00+00:00,9.6080395
2023-04-26 08:15:00+00:00,9.6080395
2023-04-26 08:30:00+00:00,9.609103899900001
2023-04-26 08:45:00+00:00,9.613002
2023-04-26 09:00:00+00:00,9.6141137
2023-04-26 09:15:00+00:00,9.6141137
2023-04-26 09:30:00+00:00,9.6141137
2023-04-26 09:45:00+00:00,9.6141137
2023-04-26 10:00:00+00:00,9.6141137
2023-04-26 10:15:00+00:00,9.6144707
2023-04-26 10:30:00+00:00,9.618866200000001
2023-04-26 10:45:00+00:00,9.618866200000001
2023-04-26 11:00:00+00:00,9.618866200000001
2023-04-26 11:15:00+00:00,9.6206981
2023-04-26 11:30:00+00:00,9.622466600000001
2023-04-26 11:45:00+00:00,9.6275565
2023-04-26 12:00:00+00:00,9.6278066318
2023-04-26 12:15:00+00:00,9.637555090800001
2023-04-26 12:30:00+00:00,9.654151800000001
2023-04-26 12:45:00+00:00,9.679620213
2023-04-26 13:00:00+00:00,9.715919854000001
2023-04-26 13:15:00+00:00,9.724533000000001
2023-04-26 13:30:00+00:00,9.7248982
2023-04-26 13:45:00+00:00,9.7287782652
2023-04-26 14:00:00+00:00,9.7304932
2023-04-26 14:15:00+00:00,9.7423135
2023-04-26 14:30:00+00:00,9.756075709600001
2023-04-26 14:45:00+00:00,9.779394400000001
2023-04-26 15:00:00+00:00,9.779438
2023-04-26 15:15:00+00:00,9.779438
2023-04-26 15:30:00+00:00,9.779438
2023-04-26 15:45:00+00:00,9.779438
2023-04-26 16:00:00+00:00,9.779438
2023-04-26 16:15:00+00:00,9.779438
2023-04-26 16:30:00+00:00,9.779438
2023-04-26 16:45:00+00:00,9.779438
2023-04-26 17:00:00+00:00,9.779438
2023-04-26 17:15:00+00:00,9.779438
2023-04-26 17:30:00+00:00,9.779438
2023-04-26 17:45:00+00:00,9.779438
2023-04-26 18:00:00+00:00,9.779438
2023-04-26 18:15:00+00:00,9.779438
2023-04-26 18:30:00+00:00,9.779438
2023-04-26 18:45:00+00:00,9.779438
2023-04-26 19:00:00+00:00,9.779438
2023-04-26 19:15:00+00:00,9.779438
2023-04-26 19:30:00+00:00,9.779438
2023-04-26 19:45:00+00:00,9.779438
2023-04-26 20:00:00+00:00,9.779438
2023-04-26 20:15:00+00:00,9.779438
2023-04-26 20:30:00+00:00,9.779438
2023-04-26 20:45:00+00:00,9.779438
2023-04-26 21:00:00+00:00,9.779438
2023-04-26 21:15:00+00:00,9.779438
2023-04-26 21:30:00+00:00,9.779438
2023-04-26 21:45:00+00:00,9.779438
2023-04-26 22:00:00+00:00,9.779438
2023-04-26 22:15:00+00:00,9.779438
2023-04-26 22:30:00+00:00,9.779438
2023-04-26 22:45:00+00:00,9.779438
2023-04-26 23:00:00+00:00,9.779438
2023-04-26 23:15:00+00:00,9.779438
2023-04-26 23:30:00+00:00,9.779438
2023-04-26 23:45:00+00:00,9.779438
2023-04-27 00:00:00+00:00,9.779438
2023-04-27 00:15:00+00:00,9.779438
2023-04-27 00:30:00+00:00,9.779438
2023-04-27 00:45:00+00:00,9.779438
2023-04-27 01:00:00+00:00,9.779438
2023-04-27 01:15:00+00:00,9.779438
2023-04-27 01:30:00+00:00,9.779438
2023-04-27 01:45:00+00:00,9.779438
2023-04-27 02:00:00+00:00,9.779438
2023-04-27 02:15:00+00:00,9.779438
2023-04-27 02:30:00+00:00,9.779438
2023-04-27 02:45:00+00:00,9.779438
2023-04-27 03:00:00+00:00,9.779438
2023-04-27 03:15:00+00:00,9.779438
2023-04-27 03:30:00+00:00,9.779438
2023-04-27 03:45:00+00:00,9.779438
2023-04-27 04:00:00+00:00,9.779438
2023-04-27 04:15:00+00:00,9.779438
2023-04-27 04:30:00+00:00,9.779438
2023-04-27 04:45:00+00:00,9.779438
2023-04-27 05:00:00+00:00,9.779438
2023-04-27 05:15:00+00:00,9.779438
2023-04-27 05:30:00+00:00,9.779438
2023-04-27 05:45:00+00:00,9.779438
2023-04-27 06:00:00+00:00,9.779438
2023-04-27 06:15:00+00:00,9.779438
2023-04-27 06:30:00+00:00,9.779438
2023-04-27 06:45:00+00:00,9.779438
2023-04-27 07:00:00+00:00,9.781095500000001
2023-04-27 07:15:00+00:00,9.781095500000001
2023-04-27 07:30:00+00:00,9.7833942
2023-04-27 07:45:00+00:00,9.7837152
2023-04-27 08:00:00+00:00,9.7837928
2023-04-27 08:15:00+00:00,9.7837928
2023-04-27 08:30:00+00:00,9.784110975900001
2023-04-27 08:45:00+00:00,9.789805600000001
2023-04-27 09:00:00+00:00,9.7989499266
2023-04-27 09:15:00+00:00,9.8047335718
2023-04-27 09:30:00+00:00,9.844248241
2023-04-27 09:45:00+00:00,9.889780592000001
2023-04-27 10:00:00+00:00,9.9362204905
2023-04-27 10:15:00+00:00,9.9436532
2023-04-27 10:30:00+00:00,9.9449033
2023-04-27 10:45:00+00:00,9.960946100000001
2023-04-27 11:00:00+00:00,9.965722016
2023-04-27 11:15:00+00:00,9.9843639497
2023-04-27 11:30:00+00:00,9.9931564
2023-04-27 11:45:00+00:00,9.9962502
2023-04-27 12:00:00+00:00,10.001868100000001
2023-04-27 12:15:00+00:00,10.0026963374
2023-04-27 12:30:00+00:00,10.0036340416
2023-04-27 12:45:00+00:00,10.0121711964
2023-04-27 13:00:00+00:00,10.041823473200001
2023-04-27 13:15:00+00:00,10.0506197
2023-04-27 13:30:00+00:00,10.0555508
2023-04-27 13:45:00+00:00,10.056205182400001
2023-04-27 14:00:00+00:00,10.0667721
2023-04-27 14:15:00+00:00,10.067531500000001
2023-04-27 14:30:00+00:00,10.0692223
2023-04-27 14:45:00+00:00,10.070907700000001
2023-04-27 15:00:00+00:00,10.0736273
2023-04-27 15:15:00+00:00,10.0757328
2023-04-27 15:30:00+00:00,10.075822500000001
2023-04-27 15:45:00+00:00,10.0758975
2023-04-27 16:00:00+00:00,10.0758975
2023-04-27 16:15:00+00:00,10.0758975
2023-04-27 16:30:00+00:00,10.0758975
2023-04-27 16:45:00+00:00,10.0758975
2023-04-27 17:00:00+00:00,10.0758975
2023-04-27 17:15:00+00:00,10.0758975
2023-04-27 17:30:00+00:00,10.0758975
2023-04-27 17:45:00+00:00,10.0758975
2023-04-27 18:00:00+00:00,10.0758975
2023-04-27 18:15:00+00:00,10.0758975
2023-04-27 18:30:00+00:00,10.0758975
2023-04-27 18:45:00+00:00,10.0758975
2023-04-27 19:00:00+00:00,10.0758975
2023-04-27 19:15:00+00:00,10.0758975
2023-04-27 19:30:00+00:00,10.0758975
2023-04-27 19:45:00+00:00,10.0758975
2023-04-27 20:00:00+00:00,10.0758975
2023-04-27 20:15:00+00:00,10.0758975
2023-04-27 20:30:00+00:00,10.0758975
2023-04-27 20:45:00+00:00,10.0758975
2023-04-27 21:00:00+00:00,10.0758975
2023-04-27 21:15:00+00:00,10.0758975
2023-04-27 21:30:00+00:00,10.0758975
2023-04-27 21:45:00+00:00,10.0758975
2023-04-27 22:00:00+00:00,10.0758975
2023-04-27 22:15:00+00:00,10.0758975
2023-04-27 22:30:00+00:00,10.0758975
2023-04-27 22:45:00+00:00,10.0758975
2023-04-27 23:00:00+00:00,10.0758975
2023-04-27 23:15:00+00:00,10.0758975
2023-04-27 23:30:00+00:00,10.0758975
2023-04-27 23:45:00+00:00,10.0758975
2023-04-28 00:00:00+00:00,10.0758975
2023-04-28 00:15:00+00:00,10.0758975
2023-04-28 00:30:00+00:00,10.0758975
2023-04-28 00:45:00+00:00,10.0758975
2023-04-28 01:00:00+00:00,10.0758975
2023-04-28 01:15:00+00:00,10.0758975
2023-04-28 01:30:00+00:00,10.0758975
2023-04-28 01:45:00+00:00,10.0758975
2023-04-28 02:00:00+00:00,10.0758975
2023-04-28 02:15:00+00:00,10.0758975
2023-04-28 02:30:00+00:00,10.0758975
2023-04-28 02:45:00+00:00,10.0758975
2023-04-28 03:00:00+00:00,10.0758975
2023-04-28 03:15:00+00:00,10.0758975
2023-04-28 03:30:00+00:00,10.0758975
2023-04-28 03:45:00+00:00,10.0758975
2023-04-28 04:00:00+00:00,10.0758975
2023-04-28 04:15:00+00:00,10.0758975
2023-04-28 04:30:00+00:00,10.0758975
2023-04-28 04:45:00+00:00,10.0758975
2023-04-28 05:00:00+00:00,10.0758975
2023-04-28 05:15:00+00:00,10.0758975
2023-04-28 05:30:00+00:00,10.0758975
2023-04-28 05:45:00+00:00,10.0758975
2023-04-28 06:00:00+00:00,10.0758975
2023-04-28 06:15:00+00:00,10.0758975
2023-04-28 06:30:00+00:00,10.0758975
2023-04-28 06:45:00+00:00,10.0758975
2023-04-28 07:00:00+00:00,10.0758975
2023-04-28 07:15:00+00:00,10.0758975
2023-04-28 07:30:00+00:00,10.0758975
2023-04-28 07:45:00+00:00,10.0758975
2023-04-28 08:00:00+00:00,10.0758975
2023-04-28 08:15:00+00:00,10.0758975
2023-04-28 08:30:00+00:00,10.0758975
2023-04-28 08:45:00+00:00,10.0758975
2023-04-28 09:00:00+00:00,10.0758975
2023-04-28 09:15:00+00:00,10.0758975
2023-04-28 09:30:00+00:00,10.0758975
2023-04-28 09:45:00+00:00,10.0758975
2023-04-28 10:00:00+00:00,10.0758975
2023-04-28 10:15:00+00:00,10.0758975
2023-04-28 10:30:00+00:00,10.0758975
2023-04-28 10:45:00+00:00,10.0758975
2023-04-28 11:00:00+00:00,10.0758975
2023-04-28 11:15:00+00:00,10.0758975
2023-04-28 11:30:00+00:00,10.0758975
2023-04-28 11:45:00+00:00,10.0758975
2023-04-28 12:00:00+00:00,10.0758975
2023-04-28 12:15:00+00:00,10.0758975
2023-04-28 12:30:00+00:00,10.0758975
2023-04-28 12:45:00+00:00,10.0758975
2023-04-28 13:00:00+00:00,10.0758975
2023-04-28 13:15:00+00:00,10.0758975
2023-04-28 13:30:00+00:00,10.0758975
2023-04-28 13:45:00+00:00,10.0758975
2023-04-28 14:00:00+00:00,10.0758975
2023-04-28 14:15:00+00:00,10.0758975
2023-04-28 14:30:00+00:00,10.0758975
2023-04-28 14:45:00+00:00,10.0758975
2023-04-28 15:00:00+00:00,10.0822112
2023-04-28 15:15:00+00:00,10.0822112
2023-04-28 15:30:00+00:00,10.0822112
2023-04-28 15:45:00+00:00,10.0822112
2023-04-28 16:00:00+00:00,10.0822112
2023-04-28 16:15:00+00:00,10.0822112
2023-04-28 16:30:00+00:00,10.0822112
2023-04-28 16:45:00+00:00,10.0822112
2023-04-28 17:00:00+00:00,10.0822112
2023-04-28 17:15:00+00:00,10.0822112
2023-04-28 17:30:00+00:00,10.0822112
2023-04-28 17:45:00+00:00,10.0822112
2023-04-28 18:00:00+00:00,10.0822112
2023-04-28 18:15:00+00:00,10.0822112
2023-04-28 18:30:00+00:00,10.0822112
2023-04-28 18:45:00+00:00,10.0822112
2023-04-28 19:00:00+00:00,10.0822112
2023-04-28 19:15:00+00:00,10.0822112
2023-04-28 19:30:00+00:00,10.0822112
2023-04-28 19:45:00+00:00,10.0822112
2023-04-28 20:00:00+00:00,10.0822112
2023-04-28 20:15:00+00:00,10.0822112
2023-04-28 20:30:00+00:00,10.0822112
2023-04-28 20:45:00+00:00,10.0822112
2023-04-28 21:00:00+00:00,10.0822112
2023-04-28 21:15:00+00:00,10.0822112
2023-04-28 21:30:00+00:00,10.0822112
2023-04-28 21:45:00+00:00,10.0822112
2023-04-28 22:00:00+00:00,10.0822112
2023-04-28 22:15:00+00:00,10.0822112
2023-04-28 22:30:00+00:00,10.0822112
2023-04-28 22:45:00+00:00,10.0822112
2023-04-28 23:00:00+00:00,10.0822112
2023-04-28 23:15:00+00:00,10.0822112
2023-04-28 23:30:00+00:00,10.0822112
2023-04-28 23:45:00+00:00,10.0822112
2023-04-29 00:00:00+00:00,10.0822112
2023-04-29 00:15:00+00:00,10.0822112
2023-04-29 00:30:00+00:00,10.0822112
2023-04-29 00:45:00+00:00,10.0822112
2023-04-29 01:00:00+00:00,10.0822112
2023-04-29 01:15:00+00:00,10.0822112
2023-04-29 01:30:00+00:00,10.0822112
2023-04-29 01:45:00+00:00,10.0822112
2023-04-29 02:00:00+00:00,10.0822112
2023-04-29 02:15:00+00:00,10.0822112
2023-04-29 02:30:00+00:00,10.0822112
2023-04-29 02:45:00+00:00,10.0822112
2023-04-29 03:00:00+00:00,10.0822112
2023-04-29 03:15:00+00:00,10.0822112
2023-04-29 03:30:00+00:00,10.0822112
2023-04-29 03:45:00+00:00,10.0822112
2023-04-29 04:00:00+00:00,10.0822112
2023-04-29 04:15:00+00:00,10.0822112
2023-04-29 04:30:00+00:00,10.0822112
2023-04-29 04:45:00+00:00,10.0822112
2023-04-29 05:00:00+00:00,10.0822112
2023-04-29 05:15:00+00:00,10.0822112
2023-04-29 05:30:00+00:00,10.0822112
2023-04-29 05:45:00+00:00,10.0822112
2023-04-29 06:00:00+00:00,10.0822112
2023-04-29 06:15:00+00:00,10.0822112
2023-04-29 06:30:00+00:00,10.0822112
2023-04-29 06:45:00+00:00,10.0822112
2023-04-29 07:00:00+00:00,10.0822112
2023-04-29 07:15:00+00:00,10.0822112
2023-04-29 07:30:00+00:00,10.0822112
2023-04-29 07:45:00+00:00,10.0822112
2023-04-29 08:00:00+00:00,10.0822112
2023-04-29 08:15:00+00:00,10.0822112
2023-04-29 08:30:00+00:00,10.082283200000001
2023-04-29 08:45:00+00:00,10.082283200000001
2023-04-29 09:00:00+00:00,10.0927148
2023-04-29 09:15:00+00:00,10.0942599
2023-04-29 09:30:00+00:00,10.0942599
2023-04-29 09:45:00+00:00,10.0942599
2023-04-29 10:00:00+00:00,10.0942599
2023-04-29 10:15:00+00:00,10.0942599
2023-04-29 10:30:00+00:00,10.0942599
2023-04-29 10:45:00+00:00,10.0942599
2023-04-29 11:00:00+00:00,10.0942599
2023-04-29 11:15:00+00:00,10.0978705
2023-04-29 11:30:00+00:00,10.0978705
2023-04-29 11:45:00+00:00,10.0978705
2023-04-29 12:00:00+00:00,10.0978705
2023-04-29 12:15:00+00:00,10.0978705
2023-04-29 12:30:00+00:00,10.0978705
2023-04-29 12:45:00+00:00,10.0978705
2023-04-29 13:00:00+00:00,10.0978705
2023-04-29 13:15:00+00:00,10.0978705
2023-04-29 13:30:00+00:00,10.0978705
2023-04-29 13:45:00+00:00,10.0978705
2023-04-29 14:00:00+00:00,10.0978705
2023-04-29 14:15:00+00:00,10.0978705
2023-04-29 14:30:00+00:00,10.0978705
2023-04-29 14:45:00+00:00,10.0978705
2023-04-29 15:00:00+00:00,10.0978705
2023-04-29 15:15:00+00:00,10.0978705
2023-04-29 15:30:00+00:00,10.0978705
2023-04-29 15:45:00+00:00,10.0978705
2023-04-29 16:00:00+00:00,10.0978705
2023-04-29 16:15:00+00:00,10.0978705
2023-04-29 16:30:00+00:00,10.0978705
2023-04-29 16:45:00+00:00,10.0978705
2023-04-29 17:00:00+00:00,10.0978705
2023-04-29 17:15:00+00:00,10.0978705
2023-04-29 17:30:00+00:00,10.0978705
2023-04-29 17:45:00+00:00,10.0978705
2023-04-29 18:00:00+00:00,10.0978705
2023-04-29 18:15:00+00:00,10.0978705
2023-04-29 18:30:00+00:00,10.0978705
2023-04-29 18:45:00+00:00,10.0978705
2023-04-29 19:00:00+00:00,10.0978705
2023-04-29 19:15:00+00:00,10.0978705
2023-04-29 19:30:00+00:00,10.0978705
2023-04-29 19:45:00+00:00,10.0978705
2023-04-29 20:00:00+00:00,10.0978705
2023-04-29 20:15:00+00:00,10.0978705
2023-04-29 20:30:00+00:00,10.0978705
2023-04-29 20:45:00+00:00,10.0978705
2023-04-29 21:00:00+00:00,10.0978705
2023-04-29 21:15:00+00:00,10.0978705
2023-04-29 21:30:00+00:00,10.0978705
2023-04-29 21:45:00+00:00,10.0978705
2023-04-29 22:00:00+00:00,10.0978705
2023-04-29 22:15:00+00:00,10.0978705
2023-04-29 22:30:00+00:00,10.0978705
2023-04-29 22:45:00+00:00,10.0978705
2023-04-29 23:00:00+00:00,10.0978705
2023-04-29 23:15:00+00:00,10.0978705
2023-04-29 23:30:00+00:00,10.0978705
2023-04-29 23:45:00+00:00,10.0978705
2023-04-30 00:00:00+00:00,10.0978705
2023-04-30 00:15:00+00:00,10.0978705
2023-04-30 00:30:00+00:00,10.0978705
2023-04-30 00:45:00+00:00,10.0978705
2023-04-30 01:00:00+00:00,10.0978705
2023-04-30 01:15:00+00:00,10.0978705
2023-04-30 01:30:00+00:00,10.0978705
2023-04-30 01:45:00+00:00,10.0978705
2023-04-30 02:00:00+00:00,10.0978705
2023-04-30 02:15:00+00:00,10.0978705
2023-04-30 02:30:00+00:00,10.0978705
2023-04-30 02:45:00+00:00,10.0978705
2023-04-30 03:00:00+00:00,10.0978705
2023-04-30 03:15:00+00:00,10.0978705
2023-04-30 03:30:00+00:00,10.0978705
2023-04-30 03:45:00+00:00,10.0978705
2023-04-30 04:00:00+00:00,10.0978705
2023-04-30 04:15:00+00:00,10.0978705
2023-04-30 04:30:00+00:00,10.0978705
2023-04-30 04:45:00+00:00,10.0978705
2023-04-30 05:00:00+00:00,10.0978705
2023-04-09 05:15:00+00:00,7.3045206
2023-04-09 05:30:00+00:00,7.3045206
2023-04-09 05:45:00+00:00,7.3045206
2023-04-09 06:00:00+00:00,7.3045206
2023-04-09 06:15:00+00:00,7.3045206
2023-04-09 06:30:00+00:00,7.3045206
2023-04-09 06:45:00+00:00,7.3045206
2023-04-09 07:00:00+00:00,7.3045206
2023-04-09 07:15:00+00:00,7.3045206
2023-04-09 07:30:00+00:00,7.3045206
2023-04-09 07:45:00+00:00,7.3045206
2023-04-09 08:00:00+00:00,7.3045206
2023-04-09 08:15:00+00:00,7.3045206
2023-04-09 08:30:00+00:00,7.3045206
2023-04-09 08:45:00+00:00,7.3045206
2023-04-09 09:00:00+00:00,7.3045206
2023-04-09 09:15:00+00:00,7.307173237000001
2023-04-09 09:30:00+00:00,7.311806788
2023-04-09 09:45:00+00:00,7.3144119000000005
2023-04-09 10:00:00+00:00,7.3144119000000005
2023-04-09 10:15:00+00:00,7.3230613
2023-04-09 10:30:00+00:00,7.329701200000001
2023-04-09 10:45:00+00:00,7.330265900000001
2023-04-09 11:00:00+00:00,7.330265900000001
2023-04-09 11:15:00+00:00,7.330265900000001
2023-04-09 11:30:00+00:00,7.330265900000001
2023-04-09 11:45:00+00:00,7.3313211
2023-04-09 12:00:00+00:00,7.332795
2023-04-09 12:15:00+00:00,7.3342183
2023-04-09 12:30:00+00:00,7.3342183
2023-04-09 12:45:00+00:00,7.3381405496
2023-04-09 13:00:00+00:00,7.3687692103
2023-04-09 13:15:00+00:00,7.413525451
2023-04-09 13:30:00+00:00,7.447884842400001
2023-04-09 13:45:00+00:00,7.4943011826
2023-04-09 14:00:00+00:00,7.5451062006
2023-04-09 14:15:00+00:00,7.586383237800001
2023-04-09 14:30:00+00:00,7.626122867
2023-04-09 14:45:00+00:00,7.6475309000000005
2023-04-09 15:00:00+00:00,7.677522000000001
2023-04-09 15:15:00+00:00,7.695730005400001
2023-04-09 15:30:00+00:00,7.7024008715
2023-04-09 15:45:00+00:00,7.7238388439
2023-04-09 16:00:00+00:00,7.7338833000000005
2023-04-09 16:15:00+00:00,7.7338833000000005
2023-04-09 16:30:00+00:00,7.7338833000000005
2023-04-09 16:45:00+00:00,7.7338833000000005
2023-04-09 17:00:00+00:00,7.7338833000000005
2023-04-09 17:15:00+00:00,7.7338833000000005
2023-04-09 17:30:00+00:00,7.7338833000000005
2023-04-09 17:45:00+00:00,7.7338833000000005
2023-04-09 18:00:00+00:00,7.7338833000000005
2023-04-09 18:15:00+00:00,7.7338833000000005
2023-04-09 18:30:00+00:00,7.7338833000000005
2023-04-09 18:45:00+00:00,7.7338833000000005
2023-04-09 19:00:00+00:00,7.7338833000000005
2023-04-09 19:15:00+00:00,7.7338833000000005
2023-04-09 19:30:00+00:00,7.7338833000000005
2023-04-09 19:45:00+00:00,7.7338833000000005
2023-04-09 20:00:00+00:00,7.7338833000000005
2023-04-09 20:15:00+00:00,7.7338833000000005
2023-04-09 20:30:00+00:00,7.7338833000000005
2023-04-09 20:45:00+00:00,7.7338833000000005
2023-04-09 21:00:00+00:00,7.7338833000000005
2023-04-09 21:15:00+00:00,7.7338833000000005
2023-04-09 21:30:00+00:00,7.7338833000000005
2023-04-09 21:45:00+00:00,7.7338833000000005
2023-04-09 22:00:00+00:00,7.7338833000000005
2023-04-09 22:15:00+00:00,7.7338833000000005
2023-04-09 22:30:00+00:00,7.7338833000000005
2023-04-09 22:45:00+00:00,7.7338833000000005
2023-04-09 23:00:00+00:00,7.7338833000000005
2023-04-09 23:15:00+00:00,7.7338833000000005
2023-04-09 23:30:00+00:00,7.7338833000000005
2023-04-09 23:45:00+00:00,7.7338833000000005
2023-04-10 00:00:00+00:00,7.7338833000000005
2023-04-10 00:15:00+00:00,7.7338833000000005
2023-04-10 00:30:00+00:00,7.7338833000000005
2023-04-10 00:45:00+00:00,7.7338833000000005
2023-04-10 01:00:00+00:00,7.7338833000000005
2023-04-10 01:15:00+00:00,7.7338833000000005
2023-04-10 01:30:00+00:00,7.7338833000000005
2023-04-10 01:45:00+00:00,7.7338833000000005
2023-04-10 02:00:00+00:00,7.7338833000000005
2023-04-10 02:15:00+00:00,7.7338833000000005
2023-04-10 02:30:00+00:00,7.7338833000000005
2023-04-10 02:45:00+00:00,7.7338833000000005
2023-04-10 03:00:00+00:00,7.7338833000000005
2023-04-10 03:15:00+00:00,7.7338833000000005
2023-04-10 03:30:00+00:00,7.7338833000000005
2023-04-10 03:45:00+00:00,7.7338833000000005
2023-04-10 04:00:00+00:00,7.7338833000000005
2023-04-10 04:15:00+00:00,7.7338833000000005
2023-04-10 04:30:00+00:00,7.7338833000000005
2023-04-10 04:45:00+00:00,7.7338833000000005
2023-04-10 05:00:00+00:00,7.7338833000000005
2023-04-10 05:15:00+00:00,7.7338833000000005
2023-04-10 05:30:00+00:00,7.7338833000000005
2023-04-10 05:45:00+00:00,7.7338833000000005
2023-04-10 06:00:00+00:00,7.7338833000000005
2023-04-10 06:15:00+00:00,7.7338833000000005
2023-04-10 06:30:00+00:00,7.7338833000000005
2023-04-10 06:45:00+00:00,7.7338833000000005
2023-04-10 07:00:00+00:00,7.7338833000000005
2023-04-10 07:15:00+00:00,7.7338833000000005
2023-04-10 07:30:00+00:00,7.7338833000000005
2023-04-10 07:45:00+00:00,7.7338833000000005
2023-04-10 08:00:00+00:00,7.7338833000000005
2023-04-10 08:15:00+00:00,7.7338833000000005
2023-04-10 08:30:00+00:00,7.7338833000000005
2023-04-10 08:45:00+00:00,7.7338833000000005
2023-04-10 09:00:00+00:00,7.7338833000000005
2023-04-10 09:15:00+00:00,7.7338833000000005
2023-04-10 09:30:00+00:00,7.7338833000000005
2023-04-10 09:45:00+00:00,7.7338833000000005
2023-04-10 10:00:00+00:00,7.7338833000000005
2023-04-10 10:15:00+00:00,7.7338833000000005
2023-04-10 10:30:00+00:00,7.7338833000000005
2023-04-10 10:45:00+00:00,7.7338833000000005
2023-04-10 11:00:00+00:00,7.7338833000000005
2023-04-10 11:15:00+00:00,7.766909
2023-04-10 11:30:00+00:00,7.8103489435
2023-04-10 11:45:00+00:00,7.8425858025
2023-04-10 12:00:00+00:00,7.8548442568
2023-04-10 12:15:00+00:00,7.863324962
2023-04-10 12:30:00+00:00,7.8687152952
2023-04-10 12:45:00+00:00,7.8891475808000004
2023-04-10 13:00:00+00:00,7.9077989339000005
2023-04-10 13:15:00+00:00,7.916998
2023-04-10 13:30:00+00:00,7.9170081
2023-04-10 13:45:00+00:00,7.9182997472
2023-04-10 14:00:00+00:00,7.920296434
2023-04-10 14:15:00+00:00,7.9219368
2023-04-10 14:30:00+00:00,7.922195067300001
2023-04-10 14:45:00+00:00,7.9229854
2023-04-10 15:00:00+00:00,7.9229854
2023-04-10 15:15:00+00:00,7.9229854
2023-04-10 15:30:00+00:00,7.9229854
2023-04-10 15:45:00+00:00,7.9229854
2023-04-10 16:00:00+00:00,7.9229854
2023-04-10 16:15:00+00:00,7.9229854
2023-04-10 16:30:00+00:00,7.9229854
2023-04-10 16:45:00+00:00,7.9229854
2023-04-10 17:00:00+00:00,7.9229854
2023-04-10 17:15:00+00:00,7.9229854
2023-04-10 17:30:00+00:00,7.9229854
2023-04-10 17:45:00+00:00,7.9229854
2023-04-10 18:00:00+00:00,7.9229854
2023-04-10 18:15:00+00:00,7.9229854
2023-04-10 18:30:00+00:00,7.9229854
2023-04-10 18:45:00+00:00,7.9229854
2023-04-10 19:00:00+00:00,7.9229854
2023-04-10 19:15:00+00:00,7.9229854
2023-04-10 19:30:00+00:00,7.9229854
2023-04-10 19:45:00+00:00,7.9229854
2023-04-10 20:00:00+00:00,7.9229854
2023-04-10 20:15:00+00:00,7.9229854
2023-04-10 20:30:00+00:00,7.9229854
2023-04-10 20:45:00+00:00,7.9229854
2023-04-10 21:00:00+00:00,7.9229854
2023-04-10 21:15:00+00:00,7.9229854
2023-04-10 21:30:00+00:00,7.9229854
2023-04-10 21:45:00+00:00,7.9229854
2023-04-10 22:00:00+00:00,7.9229854
2023-04-10 22:15:00+00:00,7.9229854
2023-04-10 22:30:00+00:00,7.9229854
2023-04-10 22:45:00+00:00,7.9229854
2023-04-10 23:00:00+00:00,7.9229854
2023-04-10 23:15:00+00:00,7.9229854
2023-04-10 23:30:00+00:00,7.9229854
2023-04-10 23:45:00+00:00,7.9229854
2023-04-11 00:00:00+00:00,7.9229854
2023-04-11 00:15:00+00:00,7.9229854
2023-04-11 00:30:00+00:00,7.9229854
2023-04-11 00:45:00+00:00,7.9229854
2023-04-11 01:00:00+00:00,7.9229854
2023-04-11 01:15:00+00:00,7.9229854
2023-04-11 01:30:00+00:00,7.9229854
2023-04-11 01:45:00+00:00,7.9229854
2023-04-11 02:00:00+00:00,7.9229854
2023-04-11 02:15:00+00:00,7.9229854
2023-04-11 02:30:00+00:00,7.9229854
2023-04-11 02:45:00+00:00,7.9229854
2023-04-11 03:00:00+00:00,7.9229854
2023-04-11 03:15:00+00:00,7.9229854
2023-04-11 03:30:00+00:00,7.9229854
2023-04-11 03:45:00+00:00,7.9229854
2023-04-11 04:00:00+00:00,7.9229854
2023-04-11 04:15:00+00:00,7.9229854
2023-04-11 04:30:00+00:00,7.9229854
2023-04-11 04:45:00+00:00,7.9229854
2023-04-11 05:00:00+00:00,7.9229854
2023-04-11 05:15:00+00:00,7.9229854
2023-04-11 05:30:00+00:00,7.9229854
2023-04-11 05:45:00+00:00,7.9229854
2023-04-11 06:00:00+00:00,7.9229854
2023-04-11 06:15:00+00:00,7.9229854
2023-04-11 06:30:00+00:00,7.9229854
2023-04-11 06:45:00+00:00,7.9229854
2023-04-11 07:00:00+00:00,7.9229854
2023-04-11 07:15:00+00:00,7.9229854
2023-04-11 07:30:00+00:00,7.9229854
2023-04-11 07:45:00+00:00,7.9229854
2023-04-11 08:00:00+00:00,7.9229854
2023-04-11 08:15:00+00:00,7.9229854
2023-04-11 08:30:00+00:00,7.9229854
2023-04-11 08:45:00+00:00,7.9229854
2023-04-11 09:00:00+00:00,7.9229854
2023-04-11 09:15:00+00:00,7.9229854
2023-04-11 09:30:00+00:00,7.9229854
2023-04-11 09:45:00+00:00,7.9229854
2023-04-11 10:00:00+00:00,7.925929200000001
2023-04-11 10:15:00+00:00,7.9259428000000005
2023-04-11 10:30:00+00:00,7.9259428000000005
2023-04-11 10:45:00+00:00,7.9259428000000005
2023-04-11 11:00:00+00:00,7.9259428000000005
2023-04-11 11:15:00+00:00,7.9264286
2023-04-11 11:30:00+00:00,7.9413975
2023-04-11 11:45:00+00:00,7.9413975
2023-04-11 12:00:00+00:00,7.9413975
2023-04-11 12:15:00+00:00,7.9413975
2023-04-11 12:30:00+00:00,7.9413975
2023-04-11 12:45:00+00:00,7.9413975
2023-04-11 13:00:00+00:00,7.9413975
2023-04-11 13:15:00+00:00,7.9413975
2023-04-11 13:30:00+00:00,7.9413975
2023-04-11 13:45:00+00:00,7.9415636006
2023-04-11 14:00:00+00:00,7.958407456600001
2023-04-11 14:15:00+00:00,7.982358873
2023-04-11 14:30:00+00:00,7.9971521614
2023-04-11 14:45:00+00:00,8.0035272181
2023-04-11 15:00:00+00:00,8.0045932649
2023-04-11 15:15:00+00:00,8.00627
2023-04-11 15:30:00+00:00,8.0062747
2023-04-11 15:45:00+00:00,8.0062947
2023-04-11 16:00:00+00:00,8.0062947
2023-04-11 16:15:00+00:00,8.0062947
2023-04-11 16:30:00+00:00,8.0062947
2023-04-11 16:45:00+00:00,8.0062947
2023-04-11 17:00:00+00:00,8.0062947
2023-04-11 17:15:00+00:00,8.0062947
2023-04-11 17:30:00+00:00,8.0062947
2023-04-11 17:45:00+00:00,8.0062947
2023-04-11 18:00:00+00:00,8.0062947
2023-04-11 18:15:00+00:00,8.0062947
2023-04-11 18:30:00+00:00,8.0062947
2023-04-11 18:45:00+00:00,8.0062947
2023-04-11 19:00:00+00:00,8.0062947
2023-04-11 19:15:00+00:00,8.0062947
2023-04-11 19:30:00+00:00,8.0062947
2023-04-11 19:45:00+00:00,8.0062947
2023-04-11 20:00:00+00:00,8.0062947
2023-04-11 20:15:00+00:00,8.0062947
2023-04-11 20:30:00+00:00,8.0062947
2023-04-11 20:45:00+00:00,8.0062947
2023-04-11 21:00:00+00:00,8.0062947
2023-04-11 21:15:00+00:00,8.0062947
2023-04-11 21:30:00+00:00,8.0062947
2023-04-11 21:45:00+00:00,8.0062947
2023-04-11 22:00:00+00:00,8.0062947
2023-04-11 22:15:00+00:00,8.0062947
2023-04-11 22:30:00+00:00,8.0062947
2023-04-11 22:45:00+00:00,8.0062947
2023-04-11 23:00:00+00:00,8.0062947
2023-04-11 23:15:00+00:00,8.0062947
2023-04-11 23:30:00+00:00,8.0062947
2023-04-11 23:45:00+00:00,8.0062947
2023-04-12 00:00:00+00:00,8.0062947
2023-04-12 00:15:00+00:00,8.0062947
2023-04-12 00:30:00+00:00,8.0062947
2023-04-12 00:45:00+00:00,8.0062947
2023-04-12 01:00:00+00:00,8.0062947
2023-04-12 01:15:00+00:00,8.0062947
2023-04-12 01:30:00+00:00,8.0062947
2023-04-12 01:45:00+00:00,8.0062947
2023-04-12 02:00:00+00:00,8.0062947
2023-04-12 02:15:00+00:00,8.0062947
2023-04-12 02:30:00+00:00,8.0062947
2023-04-12 02:45:00+00:00,8.0062947
2023-04-12 03:00:00+00:00,8.0062947
2023-04-12 03:15:00+00:00,8.0062947
2023-04-12 03:30:00+00:00,8.0062947
2023-04-12 03:45:00+00:00,8.0062947
2023-04-12 04:00:00+00:00,8.0062947
2023-04-12 04:15:00+00:00,8.0062947
2023-04-12 04:30:00+00:00,8.0062947
2023-04-12 04:45:00+00:00,8.0062947
2023-04-12 05:00:00+00:00,8.0062947
2023-04-12 05:15:00+00:00,8.0062947
2023-04-12 05:30:00+00:00,8.0062947
2023-04-12 05:45:00+00:00,8.0062947
2023-04-12 06:00:00+00:00,8.0062947
2023-04-12 06:15:00+00:00,8.0062947
2023-04-12 06:30:00+00:00,8.0062947
2023-04-12 06:45:00+00:00,8.0062947
2023-04-12 07:00:00+00:00,8.0062947
2023-04-12 07:15:00+00:00,8.0062947
2023-04-12 07:30:00+00:00,8.0062947
2023-04-12 07:45:00+00:00,8.0062947
2023-04-12 08:00:00+00:00,8.0062947
2023-04-12 08:15:00+00:00,8.0062947
2023-04-12 08:30:00+00:00,8.0062947
2023-04-12 08:45:00+00:00,8.0062947
2023-04-12 09:00:00+00:00,8.0062947
2023-04-12 09:15:00+00:00,8.0062947
2023-04-12 09:30:00+00:00,8.0062947
2023-04-12 09:45:00+00:00,8.0062947
2023-04-12 10:00:00+00:00,8.0062947
2023-04-12 10:15:00+00:00,8.0062947
2023-04-12 10:30:00+00:00,8.0062947
2023-04-12 10:45:00+00:00,8.0062947
2023-04-12 11:00:00+00:00,8.0062947
2023-04-12 11:15:00+00:00,8.0062947
2023-04-12 11:30:00+00:00,8.0104281
2023-04-12 11:45:00+00:00,8.010996
2023-04-12 12:00:00+00:00,8.0142222
2023-04-12 12:15:00+00:00,8.016468039000001
2023-04-12 12:30:00+00:00,8.0181566788
2023-04-12 12:45:00+00:00,8.0210715
2023-04-12 13:00:00+00:00,8.0211237
2023-04-12 13:15:00+00:00,8.0211237
2023-04-12 13:30:00+00:00,8.0228422
2023-04-12 13:45:00+00:00,8.0389695879
2023-04-12 14:00:00+00:00,8.0407346
2023-04-12 14:15:00+00:00,8.0407346
2023-04-12 14:30:00+00:00,8.0407346
2023-04-12 14:45:00+00:00,8.0407346
2023-04-12 15:00:00+00:00,8.0407346
2023-04-12 15:15:00+00:00,8.0407346
2023-04-12 15:30:00+00:00,8.0407346
2023-04-12 15:45:00+00:00,8.0407346
2023-04-12 16:00:00+00:00,8.0407346
2023-04-12 16:15:00+00:00,8.0407346
2023-04-12 16:30:00+00:00,8.0407346
2023-04-12 16:45:00+00:00,8.0407346
2023-04-12 17:00:00+00:00,8.0407346
2023-04-12 17:15:00+00:00,8.0407346
2023-04-12 17:30:00+00:00,8.0407346
2023-04-12 17:45:00+00:00,8.0407346
2023-04-12 18:00:00+00:00,8.0407346
2023-04-12 18:15:00+00:00,8.0407346
2023-04-12 18:30:00+00:00,8.0407346
2023-04-12 18:45:00+00:00,8.0407346
2023-04-12 19:00:00+00:00,8.0407346
2023-04-12 19:15:00+00:00,8.0407346
2023-04-12 19:30:00+00:00,8.0407346
2023-04-12 19:45:00+00:00,8.0407346
2023-04-12 20:00:00+00:00,8.0407346
2023-04-12 20:15:00+00:00,8.0407346
2023-04-12 20:30:00+00:00,8.0407346
2023-04-12 20:45:00+00:00,8.0407346
2023-04-12 21:00:00+00:00,8.0407346
2023-04-12 21:15:00+00:00,8.0407346
2023-04-12 21:30:00+00:00,8.0407346
2023-04-12 21:45:00+00:00,8.0407346
2023-04-12 22:00:00+00:00,8.0407346
2023-04-12 22:15:00+00:00,8.0407346
2023-04-12 22:30:00+00:00,8.0407346
2023-04-12 22:45:00+00:00,8.0407346
2023-04-12 23:00:00+00:00,8.0407346
2023-04-12 23:15:00+00:00,8.0407346
2023-04-12 23:30:00+00:00,8.0407346
2023-04-12 23:45:00+00:00,8.0407346
2023-04-13 00:00:00+00:00,8.0407346
2023-04-13 00:15:00+00:00,8.0407346
2023-04-13 00:30:00+00:00,8.0407346
2023-04-13 00:45:00+00:00,8.0407346
2023-04-13 01:00:00+00:00,8.0407346
2023-04-13 01:15:00+00:00,8.0407346
2023-04-13 01:30:00+00:00,8.0407346
2023-04-13 01:45:00+00:00,8.0407346
2023-04-13 02:00:00+00:00,8.0407346
2023-04-13 02:15:00+00:00,8.0407346
2023-04-13 02:30:00+00:00,8.0407346
2023-04-13 02:45:00+00:00,8.0407346
2023-04-13 03:00:00+00:00,8.0407346
2023-04-13 03:15:00+00:00,8.0407346
2023-04-13 03:30:00+00:00,8.0407346
2023-04-13 03:45:00+00:00,8.0407346
2023-04-13 04:00:00+00:00,8.0407346
2023-04-13 04:15:00+00:00,8.0407346
2023-04-13 04:30:00+00:00,8.0407346
2023-04-13 04:45:00+00:00,8.0407346
2023-04-13 05:00:00+00:00,8.0407346
2023-04-13 05:15:00+00:00,8.0407346
2023-04-13 05:30:00+00:00,8.0407346
2023-04-13 05:45:00+00:00,8.0407346
2023-04-13 06:00:00+00:00,8.0407346
2023-04-13 06:15:00+00:00,8.0407346
2023-04-13 06:30:00+00:00,8.0407346
2023-04-13 06:45:00+00:00,8.0407346
2023-04-13 07:00:00+00:00,8.0407346
2023-04-13 07:15:00+00:00,8.0407346
2023-04-13 07:30:00+00:00,8.0407346
2023-04-13 07:45:00+00:00,8.0407346
2023-04-13 08:00:00+00:00,8.0407346
2023-04-13 08:15:00+00:00,8.0407346
2023-04-13 08:30:00+00:00,8.0407346
2023-04-13 08:45:00+00:00,8.0407346
2023-04-13 09:00:00+00:00,8.0407346
2023-04-13 09:15:00+00:00,8.0407346
2023-04-13 09:30:00+00:00,8.0407346
2023-04-13 09:45:00+00:00,8.0407346
2023-04-13 10:00:00+00:00,8.0410235
2023-04-13 10:15:00+00:00,8.0437741
2023-04-13 10:30:00+00:00,8.044814500000001
2023-04-13 10:45:00+00:00,8.044814500000001
2023-04-13 11:00:00+00:00,8.044814500000001
2023-04-13 11:15:00+00:00,8.044814500000001
2023-04-13 11:30:00+00:00,8.044814500000001
2023-04-13 11:45:00+00:00,8.044814500000001
2023-04-13 12:00:00+00:00,8.044814500000001
2023-04-13 12:15:00+00:00,8.044814500000001
2023-04-13 12:30:00+00:00,8.044814500000001
2023-04-13 12:45:00+00:00,8.044814500000001
2023-04-13 13:00:00+00:00,8.045128311500001
2023-04-13 13:15:00+00:00,8.0622875
2023-04-13 13:30:00+00:00,8.0631909
2023-04-13 13:45:00+00:00,8.0631909
2023-04-13 14:00:00+00:00,8.082813402900001
2023-04-13 14:15:00+00:00,8.1045475
2023-04-13 14:30:00+00:00,8.1309018458
2023-04-13 14:45:00+00:00,8.1413086624
2023-04-13 15:00:00+00:00,8.1413087
2023-04-13 15:15:00+00:00,8.1413095
2023-04-13 15:30:00+00:00,8.1413095
2023-04-13 15:45:00+00:00,8.1413095
2023-04-13 16:00:00+00:00,8.1413095
2023-04-13 16:15:00+00:00,8.1413095
2023-04-13 16:30:00+00:00,8.1413095
2023-04-13 16:45:00+00:00,8.1413095
2023-04-13 17:00:00+00:00,8.1413095
2023-04-13 17:15:00+00:00,8.1413095
2023-04-13 17:30:00+00:00,8.1413095
2023-04-13 17:45:00+00:00,8.1413095
2023-04-13 18:00:00+00:00,8.1413095
2023-04-13 18:15:00+00:00,8.1413095
2023-04-13 18:30:00+00:00,8.1413095
2023-04-13 18:45:00+00:00,8.1413095
2023-04-13 19:00:00+00:00,8.1413095
2023-04-13 19:15:00+00:00,8.1413095
2023-04-13 19:30:00+00:00,8.1413095
2023-04-13 19:45:00+00:00,8.1413095
2023-04-13 20:00:00+00:00,8.1413095
2023-04-13 20:15:00+00:00,8.1413095
2023-04-13 20:30:00+00:00,8.1413095
2023-04-13 20:45:00+00:00,8.1413095
2023-04-13 21:00:00+00:00,8.1413095
2023-04-13 21:15:00+00:00,8.1413095
2023-04-13 21:30:00+00:00,8.1413095
2023-04-13 21:45:00+00:00,8.1413095
2023-04-13 22:00:00+00:00,8.1413095
2023-04-13 22:15:00+00:00,8.1413095
2023-04-13 22:30:00+00:00,8.1413095
2023-04-13 22:45:00+00:00,8.1413095
2023-04-13 23:00:00+00:00,8.1413095
2023-04-13 23:15:00+00:00,8.1413095
2023-04-13 23:30:00+00:00,8.1413095
2023-04-13 23:45:00+00:00,8.1413095
2023-04-14 00:00:00+00:00,8.1413095
2023-04-14 00:15:00+00:00,8.1413095
2023-04-14 00:30:00+00:00,8.1413095
2023-04-14 00:45:00+00:00,8.1413095
2023-04-14 01:00:00+00:00,8.1413095
2023-04-14 01:15:00+00:00,8.1413095
2023-04-14 01:30:00+00:00,8.1413095
2023-04-14 01:45:00+00:00,8.1413095
2023-04-14 02:00:00+00:00,8.1413095
2023-04-14 02:15:00+00:00,8.1413095
2023-04-14 02:30:00+00:00,8.1413095
2023-04-14 02:45:00+00:00,8.1413095
2023-04-14 03:00:00+00:00,8.1413095
2023-04-14 03:15:00+00:00,8.1413095
2023-04-14 03:30:00+00:00,8.1413095
2023-04-14 03:45:00+00:00,8.1413095
2023-04-14 04:00:00+00:00,8.1413095
2023-04-14 04:15:00+00:00,8.1413095
2023-04-14 04:30:00+00:00,8.1413095
2023-04-14 04:45:00+00:00,8.1413095
2023-04-14 05:00:00+00:00,8.1413095
2023-04-14 05:15:00+00:00,8.1413095
2023-04-14 05:30:00+00:00,8.1413095
2023-04-14 05:45:00+00:00,8.1413095
2023-04-14 06:00:00+00:00,8.1413095
2023-04-14 06:15:00+00:00,8.1413095
2023-04-14 06:30:00+00:00,8.1413095
2023-04-14 06:45:00+00:00,8.1413095
2023-04-14 07:00:00+00:00,8.1413095
2023-04-14 07:15:00+00:00,8.1413095
2023-04-14 07:30:00+00:00,8.1413095
2023-04-14 07:45:00+00:00,8.1413095
2023-04-14 08:00:00+00:00,8.1413095
2023-04-14 08:15:00+00:00,8.1413095
2023-04-14 08:30:00+00:00,8.1413095
2023-04-14 08:45:00+00:00,8.1414732
2023-04-14 09:00:00+00:00,8.143314328
2023-04-14 09:15:00+00:00,8.1498789317
2023-04-14 09:30:00+00:00,8.156879592300001
2023-04-14 09:45:00+00:00,8.1763477096
2023-04-14 10:00:00+00:00,8.2028636636
2023-04-14 10:15:00+00:00,8.2324523462
2023-04-14 10:30:00+00:00,8.26971136
2023-04-14 10:45:00+00:00,8.305753525
2023-04-14 11:00:00+00:00,8.3365043642
2023-04-14 11:15:00+00:00,8.37382139
2023-04-14 11:30:00+00:00,8.424133024
2023-04-14 11:45:00+00:00,8.456056202400001
2023-04-14 12:00:00+00:00,8.4704433
2023-04-14 12:15:00+00:00,8.4705101
2023-04-14 12:30:00+00:00,8.5083730125
2023-04-14 12:45:00+00:00,8.5483713708
2023-04-14 13:00:00+00:00,8.5757152338
2023-04-14 13:15:00+00:00,8.6280832855
2023-04-14 13:30:00+00:00,8.6691042921
2023-04-14 13:45:00+00:00,8.701622448
2023-04-14 14:00:00+00:00,8.732347616
2023-04-14 14:15:00+00:00,8.7540691184
2023-04-14 14:30:00+00:00,8.7556147284
2023-04-14 14:45:00+00:00,8.7630228
2023-04-14 15:00:00+00:00,8.7682162
2023-04-14 15:15:00+00:00,8.7682241768
2023-04-14 15:30:00+00:00,8.7689354
2023-04-14 15:45:00+00:00,8.7689354
2023-04-14 16:00:00+00:00,8.7689354
2023-04-14 16:15:00+00:00,8.7689354
2023-04-14 16:30:00+00:00,8.7689354
2023-04-14 16:45:00+00:00,8.7689354
2023-04-14 17:00:00+00:00,8.7689354
2023-04-14 17:15:00+00:00,8.7689354
2023-04-14 17:30:00+00:00,8.7689354
2023-04-14 17:45:00+00:00,8.7689354
2023-04-14 18:00:00+00:00,8.7689354
2023-04-14 18:15:00+00:00,8.7689354
2023-04-14 18:30:00+00:00,8.7689354
2023-04-14 18:45:00+00:00,8.7689354
2023-04-14 19:00:00+00:00,8.7689354
2023-04-14 19:15:00+00:00,8.7689354
2023-04-14 19:30:00+00:00,8.7689354
2023-04-14 19:45:00+00:00,8.7689354
2023-04-14 20:00:00+00:00,8.7689354
2023-04-14 20:15:00+00:00,8.7689354
2023-04-14 20:30:00+00:00,8.7689354
2023-04-14 20:45:00+00:00,8.7689354
2023-04-14 21:00:00+00:00,8.7689354
2023-04-14 21:15:00+00:00,8.7689354
2023-04-14 21:30:00+00:00,8.7689354
2023-04-14 21:45:00+00:00,8.7689354
2023-04-14 22:00:00+00:00,8.7689354
2023-04-14 22:15:00+00:00,8.7689354
2023-04-14 22:30:00+00:00,8.7689354
2023-04-14 22:45:00+00:00,8.7689354
2023-04-14 23:00:00+00:00,8.7689354
2023-04-14 23:15:00+00:00,8.7689354
2023-04-14 23:30:00+00:00,8.7689354
2023-04-14 23:45:00+00:00,8.7689354
2023-04-15 00:00:00+00:00,8.7689354
2023-04-15 00:15:00+00:00,8.7689354
2023-04-15 00:30:00+00:00,8.7689354
2023-04-15 00:45:00+00:00,8.7689354
2023-04-15 01:00:00+00:00,8.7689354
2023-04-15 01:15:00+00:00,8.7689354
2023-04-15 01:30:00+00:00,8.7689354
2023-04-15 01:45:00+00:00,8.7689354
2023-04-15 02:00:00+00:00,8.7689354
2023-04-15 02:15:00+00:00,8.7689354
2023-04-15 02:30:00+00:00,8.7689354
2023-04-15 02:45:00+00:00,8.7689354
2023-04-15 03:00:00+00:00,8.7689354
2023-04-15 03:15:00+00:00,8.7689354
2023-04-15 03:30:00+00:00,8.7689354
2023-04-15 03:45:00+00:00,8.7689354
2023-04-15 04:00:00+00:00,8.7689354
2023-04-15 04:15:00+00:00,8.7689354
2023-04-15 04:30:00+00:00,8.7689354
2023-04-15 04:45:00+00:00,8.7689354
2023-04-15 05:00:00+00:00,8.7689354
2023-04-15 05:15:00+00:00,8.7689354
2023-04-15 05:30:00+00:00,8.7689354
2023-04-15 05:45:00+00:00,8.7689354
2023-04-15 06:00:00+00:00,8.7689354
2023-04-15 06:15:00+00:00,8.7689354
2023-04-15 06:30:00+00:00,8.7689354
2023-04-15 06:45:00+00:00,8.7689354
2023-04-15 07:00:00+00:00,8.7689354
2023-04-15 07:15:00+00:00,8.7689354
2023-04-15 07:30:00+00:00,8.7689354
2023-04-15 07:45:00+00:00,8.7689354
2023-04-15 08:00:00+00:00,8.7689354
2023-04-15 08:15:00+00:00,8.7689354
2023-04-15 08:30:00+00:00,8.7689354
2023-04-15 08:45:00+00:00,8.7689354
2023-04-15 09:00:00+00:00,8.7689354
2023-04-15 09:15:00+00:00,8.7689354
2023-04-15 09:30:00+00:00,8.7689354
2023-04-15 09:45:00+00:00,8.7689354
2023-04-15 10:00:00+00:00,8.7689354
2023-04-15 10:15:00+00:00,8.7689354
2023-04-15 10:30:00+00:00,8.7689412
2023-04-15 10:45:00+00:00,8.7713663
2023-04-15 11:00:00+00:00,8.7726562231
2023-04-15 11:15:00+00:00,8.7753039
2023-04-15 11:30:00+00:00,8.7753039
2023-04-15 11:45:00+00:00,8.7753039
2023-04-15 12:00:00+00:00,8.7796656
2023-04-15 12:15:00+00:00,8.7874859
2023-04-15 12:30:00+00:00,8.7879665
2023-04-15 12:45:00+00:00,8.7879665
2023-04-15 13:00:00+00:00,8.7919093
2023-04-15 13:15:00+00:00,8.7919093
2023-04-15 13:30:00+00:00,8.7919093
2023-04-15 13:45:00+00:00,8.7919093
2023-04-15 14:00:00+00:00,8.7919093
2023-04-15 14:15:00+00:00,8.7919093
2023-04-15 14:30:00+00:00,8.7919093
2023-04-15 14:45:00+00:00,8.7919093
2023-04-15 15:00:00+00:00,8.7919093
2023-04-15 15:15:00+00:00,8.7919093
2023-04-15 15:30:00+00:00,8.7919093
2023-04-15 15:45:00+00:00,8.7919093
2023-04-15 16:00:00+00:00,8.7919093
2023-04-15 16:15:00+00:00,8.7919093
2023-04-15 16:30:00+00:00,8.7919093
2023-04-15 16:45:00+00:00,8.7919093
2023-04-15 17:00:00+00:00,8.7919093
2023-04-15 17:15:00+00:00,8.7919093
2023-04-15 17:30:00+00:00,8.7919093
2023-04-15 17:45:00+00:00,8.7919093
2023-04-15 18:00:00+00:00,8.7919093
2023-04-15 18:15:00+00:00,8.7919093
2023-04-15 18:30:00+00:00,8.7919093
2023-04-15 18:45:00+00:00,8.7919093
2023-04-15 19:00:00+00:00,8.7919093
2023-04-15 19:15:00+00:00,8.7919093
2023-04-15 19:30:00+00:00,8.7919093
2023-04-15 19:45:00+00:00,8.7919093
2023-04-15 20:00:00+00:00,8.7919093
2023-04-15 20:15:00+00:00,8.7919093
2023-04-15 20:30:00+00:00,8.7919093
2023-04-15 20:45:00+00:00,8.7919093
2023-04-15 21:00:00+00:00,8.7919093
2023-04-15 21:15:00+00:00,8.7919093
2023-04-15 21:30:00+00:00,8.7919093
2023-04-15 21:45:00+00:00,8.7919093
2023-04-15 22:00:00+00:00,8.7919093
2023-04-15 22:15:00+00:00,8.7919093
2023-04-15 22:30:00+00:00,8.7919093
2023-04-15 22:45:00+00:00,8.7919093
2023-04-15 23:00:00+00:00,8.7919093
2023-04-15 23:15:00+00:00,8.7919093
2023-04-15 23:30:00+00:00,8.7919093
2023-04-15 23:45:00+00:00,8.7919093
2023-04-16 00:00:00+00:00,8.7919093
2023-04-16 00:15:00+00:00,8.7919093
2023-04-16 00:30:00+00:00,8.7919093
2023-04-16 00:45:00+00:00,8.7919093
2023-04-16 01:00:00+00:00,8.7919093
2023-04-16 01:15:00+00:00,8.7919093
2023-04-16 01:30:00+00:00,8.7919093
2023-04-16 01:45:00+00:00,8.7919093
2023-04-16 02:00:00+00:00,8.7919093
2023-04-16 02:15:00+00:00,8.7919093
2023-04-16 02:30:00+00:00,8.7919093
2023-04-16 02:45:00+00:00,8.7919093
2023-04-16 03:00:00+00:00,8.7919093
2023-04-16 03:15:00+00:00,8.7919093
2023-04-16 03:30:00+00:00,8.7919093
2023-04-16 03:45:00+00:00,8.7919093
2023-04-16 04:00:00+00:00,8.7919093
2023-04-16 04:15:00+00:00,8.7919093
2023-04-16 04:30:00+00:00,8.7919093
2023-04-16 04:45:00+00:00,8.7919093
2023-04-16 05:00:00+00:00,8.7919093
2023-04-18 00:45:00+00:00,8.7919093
2023-04-18 01:00:00+00:00,8.7919093
2023-04-18 01:15:00+00:00,8.7919093
2023-04-18 01:30:00+00:00,8.7919093
2023-04-18 01:45:00+00:00,8.7919093
2023-04-18 02:00:00+00:00,8.7919093
2023-04-18 02:15:00+00:00,8.7919093
2023-04-18 02:30:00+00:00,8.7919093
2023-04-18 02:45:00+00:00,8.7919093
2023-04-18 03:00:00+00:00,8.7919093
2023-04-18 03:15:00+00:00,8.7919093
2023-04-18 03:30:00+00:00,8.7919093
2023-04-18 03:45:00+00:00,8.7919093
2023-04-18 04:00:00+00:00,8.7919093
2023-04-18 04:15:00+00:00,8.7919093
2023-04-18 04:30:00+00:00,8.7919093
2023-04-18 04:45:00+00:00,8.7919093
2023-04-18 05:00:00+00:00,8.7919093
2023-04-18 05:15:00+00:00,8.7919093
2023-04-18 05:30:00+00:00,8.7919093
2023-04-18 05:45:00+00:00,8.7919093
2023-04-18 06:00:00+00:00,8.7919093
2023-04-18 06:15:00+00:00,8.7919093
2023-04-18 06:30:00+00:00,8.7919093
2023-04-18 06:45:00+00:00,8.7919093
2023-04-18 07:00:00+00:00,8.7919093
2023-04-18 07:15:00+00:00,8.7919093
2023-04-18 07:30:00+00:00,8.7919093
2023-04-18 07:45:00+00:00,8.7919093
2023-04-18 08:00:00+00:00,8.7919093
2023-04-18 08:15:00+00:00,8.7919093
2023-04-18 08:30:00+00:00,8.7919093
2023-04-18 08:45:00+00:00,8.7919093
2023-04-18 09:00:00+00:00,8.7919093
2023-04-18 09:15:00+00:00,8.7919093
2023-04-18 09:30:00+00:00,8.7919093
2023-04-18 09:45:00+00:00,8.7919093
2023-04-18 10:00:00+00:00,8.7919093
2023-04-18 10:15:00+00:00,8.7919093
2023-04-18 10:30:00+00:00,8.7919093
2023-04-18 10:45:00+00:00,8.7919093
2023-04-18 11:00:00+00:00,8.7919093
2023-04-18 11:15:00+00:00,8.7919093
2023-04-18 11:30:00+00:00,8.7919093
2023-04-18 11:45:00+00:00,8.7922013
2023-04-18 12:00:00+00:00,8.7922013
2023-04-18 12:15:00+00:00,8.7922805
2023-04-18 12:30:00+00:00,8.7940327
2023-04-18 12:45:00+00:00,8.7940327
2023-04-18 13:00:00+00:00,8.7940919
2023-04-18 13:15:00+00:00,8.7948909
2023-04-18 13:30:00+00:00,8.7948909
2023-04-18 13:45:00+00:00,8.7948909
2023-04-18 14:00:00+00:00,8.79557
2023-04-18 14:15:00+00:00,8.8051279
2023-04-18 14:30:00+00:00,8.8051279
2023-04-18 14:45:00+00:00,8.8051279
2023-04-18 15:00:00+00:00,8.814894800000001
2023-04-18 15:15:00+00:00,8.814894800000001
2023-04-18 15:30:00+00:00,8.8149222
2023-04-18 15:45:00+00:00,8.8195999
2023-04-18 16:00:00+00:00,8.8195999
2023-04-18 16:15:00+00:00,8.8195999
2023-04-18 16:30:00+00:00,8.8195999
2023-04-18 16:45:00+00:00,8.8195999
2023-04-18 17:00:00+00:00,8.8195999
2023-04-18 17:15:00+00:00,8.8195999
2023-04-18 17:30:00+00:00,8.8195999
2023-04-18 17:45:00+00:00,8.8195999
2023-04-18 18:00:00+00:00,8.8195999
2023-04-18 18:15:00+00:00,8.8195999
2023-04-18 18:30:00+00:00,8.8195999
2023-04-18 18:45:00+00:00,8.8195999
2023-04-18 19:00:00+00:00,8.8195999
2023-04-18 19:15:00+00:00,8.8195999
2023-04-18 19:30:00+00:00,8.8195999
2023-04-18 19:45:00+00:00,8.8195999
2023-04-18 20:00:00+00:00,8.8195999
2023-04-18 20:15:00+00:00,8.8195999
2023-04-18 20:30:00+00:00,8.8195999
2023-04-18 20:45:00+00:00,8.8195999
2023-04-18 21:00:00+00:00,8.8195999
2023-04-18 21:15:00+00:00,8.8195999
2023-04-18 21:30:00+00:00,8.8195999
2023-04-18 21:45:00+00:00,8.8195999
2023-04-18 22:00:00+00:00,8.8195999
2023-04-18 22:15:00+00:00,8.8195999
2023-04-18 22:30:00+00:00,8.8195999
2023-04-18 22:45:00+00:00,8.8195999
2023-04-18 23:00:00+00:00,8.8195999
2023-04-18 23:15:00+00:00,8.8195999
2023-04-18 23:30:00+00:00,8.8195999
2023-04-18 23:45:00+00:00,8.8195999
2023-04-19 00:00:00+00:00,8.8195999
2023-04-19 00:15:00+00:00,8.8195999
2023-04-19 00:30:00+00:00,8.8195999
2023-04-19 00:45:00+00:00,8.8195999
2023-04-19 01:00:00+00:00,8.8195999
2023-04-19 01:15:00+00:00,8.8195999
2023-04-19 01:30:00+00:00,8.8195999
2023-04-19 01:45:00+00:00,8.8195999
2023-04-19 02:00:00+00:00,8.8195999
2023-04-19 02:15:00+00:00,8.8195999
2023-04-19 02:30:00+00:00,8.8195999
2023-04-19 02:45:00+00:00,8.8195999
2023-04-19 03:00:00+00:00,8.8195999
2023-04-19 03:15:00+00:00,8.8195999
2023-04-19 03:30:00+00:00,8.8195999
2023-04-19 03:45:00+00:00,8.8195999
2023-04-19 04:00:00+00:00,8.8195999
2023-04-19 04:15:00+00:00,8.8195999
2023-04-19 04:30:00+00:00,8.8195999
2023-04-19 04:45:00+00:00,8.8195999
2023-04-19 05:00:00+00:00,8.8195999
2023-04-19 05:15:00+00:00,8.8195999
2023-04-19 05:30:00+00:00,8.8195999
2023-04-19 05:45:00+00:00,8.8195999
2023-04-19 06:00:00+00:00,8.8195999
2023-04-19 06:15:00+00:00,8.8195999
2023-04-19 06:30:00+00:00,8.8195999
2023-04-19 06:45:00+00:00,8.8195999
2023-04-19 07:00:00+00:00,8.8195999
2023-04-19 07:15:00+00:00,8.8195999
2023-04-19 07:30:00+00:00,8.8195999
2023-04-19 07:45:00+00:00,8.8195999
2023-04-19 08:00:00+00:00,8.8195999
2023-04-19 08:15:00+00:00,8.8195999
2023-04-19 08:30:00+00:00,8.8195999
2023-04-19 08:45:00+00:00,8.819608500000001
2023-04-19 09:00:00+00:00,8.819608500000001
2023-04-19 09:15:00+00:00,8.819608500000001
2023-04-19 09:30:00+00:00,8.819608500000001
2023-04-19 09:45:00+00:00,8.819608500000001
2023-04-19 10:00:00+00:00,8.819608500000001
2023-04-19 10:15:00+00:00,8.8239403
2023-04-19 10:30:00+00:00,8.8239403
2023-04-19 10:45:00+00:00,8.8239403
2023-04-19 11:00:00+00:00,8.8239403
2023-04-19 11:15:00+00:00,8.8239403
2023-04-19 11:30:00+00:00,8.8239403
2023-04-19 11:45:00+00:00,8.8239403
2023-04-19 12:00:00+00:00,8.8239403
2023-04-19 12:15:00+00:00,8.8239403
2023-04-19 12:30:00+00:00,8.8239403
2023-04-19 12:45:00+00:00,8.8239403
2023-04-19 13:00:00+00:00,8.8239403
2023-04-19 13:15:00+00:00,8.8239403
2023-04-19 13:30:00+00:00,8.8239403
2023-04-19 13:45:00+00:00,8.8239403
2023-04-19 14:00:00+00:00,8.8239403
2023-04-19 14:15:00+00:00,8.8239403
2023-04-19 14:30:00+00:00,8.8239403
2023-04-19 14:45:00+00:00,8.8239403
2023-04-19 15:00:00+00:00,8.8251687
2023-04-19 15:15:00+00:00,8.8429446598
2023-04-19 15:30:00+00:00,8.8450532
2023-04-19 15:45:00+00:00,8.8450532
2023-04-19 16:00:00+00:00,8.8450532
2023-04-19 16:15:00+00:00,8.8450532
2023-04-19 16:30:00+00:00,8.8450532
2023-04-19 16:45:00+00:00,8.8450532
2023-04-19 17:00:00+00:00,8.8450532
2023-04-19 17:15:00+00:00,8.8450532
2023-04-19 17:30:00+00:00,8.8450532
2023-04-19 17:45:00+00:00,8.8450532
2023-04-19 18:00:00+00:00,8.8450532
2023-04-19 18:15:00+00:00,8.8450532
2023-04-19 18:30:00+00:00,8.8450532
2023-04-19 18:45:00+00:00,8.8450532
2023-04-19 19:00:00+00:00,8.8450532
2023-04-19 19:15:00+00:00,8.8450532
2023-04-19 19:30:00+00:00,8.8450532
2023-04-19 19:45:00+00:00,8.8450532
2023-04-19 20:00:00+00:00,8.8450532
2023-04-19 20:15:00+00:00,8.8450532
2023-04-19 20:30:00+00:00,8.8450532
2023-04-19 20:45:00+00:00,8.8450532
2023-04-19 21:00:00+00:00,8.8450532
2023-04-19 21:15:00+00:00,8.8450532
2023-04-19 21:30:00+00:00,8.8450532
2023-04-19 21:45:00+00:00,8.8450532
2023-04-19 22:00:00+00:00,8.8450532
2023-04-19 22:15:00+00:00,8.8450532
2023-04-19 22:30:00+00:00,8.8450532
2023-04-19 22:45:00+00:00,8.8450532
2023-04-19 23:00:00+00:00,8.8450532
2023-04-19 23:15:00+00:00,8.8450532
2023-04-19 23:30:00+00:00,8.8450532
2023-04-19 23:45:00+00:00,8.8450532
2023-04-20 00:00:00+00:00,8.8450532
2023-04-20 00:15:00+00:00,8.8450532
2023-04-20 00:30:00+00:00,8.8450532
2023-04-20 00:45:00+00:00,8.8450532
2023-04-20 01:00:00+00:00,8.8450532
2023-04-20 01:15:00+00:00,8.8450532
2023-04-20 01:30:00+00:00,8.8450532
2023-04-20 01:45:00+00:00,8.8450532
2023-04-20 02:00:00+00:00,8.8450532
2023-04-20 02:15:00+00:00,8.8450532
2023-04-20 02:30:00+00:00,8.8450532
2023-04-20 02:45:00+00:00,8.8450532
2023-04-20 03:00:00+00:00,8.8450532
2023-04-20 03:15:00+00:00,8.8450532
2023-04-20 03:30:00+00:00,8.8450532
2023-04-20 03:45:00+00:00,8.8450532
2023-04-20 04:00:00+00:00,8.8450532
2023-04-20 04:15:00+00:00,8.8450532
2023-04-20 04:30:00+00:00,8.8450532
2023-04-20 04:45:00+00:00,8.8450532
2023-04-20 05:00:00+00:00,8.8450532
2023-04-20 05:15:00+00:00,8.8450532
2023-04-20 05:30:00+00:00,8.8450532
2023-04-20 05:45:00+00:00,8.8450532
2023-04-20 06:00:00+00:00,8.8450532
2023-04-20 06:15:00+00:00,8.8450532
2023-04-20 06:30:00+00:00,8.8450532
2023-04-20 06:45:00+00:00,8.8450532
2023-04-20 07:00:00+00:00,8.8450532
2023-04-20 07:15:00+00:00,8.8450532
2023-04-20 07:30:00+00:00,8.8450532
2023-04-20 07:45:00+00:00,8.8450532
2023-04-20 08:00:00+00:00,8.8450532
2023-04-20 08:15:00+00:00,8.8451077944
2023-04-20 08:30:00+00:00,8.8457703174
2023-04-20 08:45:00+00:00,8.8543937832
2023-04-20 09:00:00+00:00,8.867986
2023-04-20 09:15:00+00:00,8.881994341
2023-04-20 09:30:00+00:00,8.886068100000001
2023-04-20 09:45:00+00:00,8.886068100000001
2023-04-20 10:00:00+00:00,8.8903252
2023-04-20 10:15:00+00:00,8.8903745
2023-04-20 10:30:00+00:00,8.8904022
2023-04-20 10:45:00+00:00,8.8904022
2023-04-20 11:00:00+00:00,8.8904022
2023-04-20 11:15:00+00:00,8.8904022
2023-04-20 11:30:00+00:00,8.8904022
2023-04-20 11:45:00+00:00,8.8904022
2023-04-20 12:00:00+00:00,8.8904022
2023-04-20 12:15:00+00:00,8.8904022
2023-04-20 12:30:00+00:00,8.8904022
2023-04-20 12:45:00+00:00,8.8904022
2023-04-20 13:00:00+00:00,8.8904022
2023-04-20 13:15:00+00:00,8.8904022
2023-04-20 13:30:00+00:00,8.8904022
2023-04-20 13:45:00+00:00,8.8904022
2023-04-20 14:00:00+00:00,8.8904022
2023-04-20 14:15:00+00:00,8.8904022
2023-04-20 14:30:00+00:00,8.8904022
2023-04-20 14:45:00+00:00,8.8904022
2023-04-20 15:00:00+00:00,8.8904022
2023-04-20 15:15:00+00:00,8.8904022
2023-04-20 15:30:00+00:00,8.8904022
2023-04-20 15:45:00+00:00,8.8904022
2023-04-20 16:00:00+00:00,8.8904022
2023-04-20 16:15:00+00:00,8.8904022
2023-04-20 16:30:00+00:00,8.8904022
2023-04-20 16:45:00+00:00,8.8904022
2023-04-20 17:00:00+00:00,8.8904022
2023-04-20 17:15:00+00:00,8.8904022
2023-04-20 17:30:00+00:00,8.8904022
2023-04-20 17:45:00+00:00,8.8904022
2023-04-20 18:00:00+00:00,8.8904022
2023-04-20 18:15:00+00:00,8.8904022
2023-04-20 18:30:00+00:00,8.8904022
2023-04-20 18:45:00+00:00,8.8904022
2023-04-20 19:00:00+00:00,8.8904022
2023-04-20 19:15:00+00:00,8.8904022
2023-04-20 19:30:00+00:00,8.8904022
2023-04-20 19:45:00+00:00,8.8904022
2023-04-20 20:00:00+00:00,8.8904022
2023-04-20 20:15:00+00:00,8.8904022
2023-04-20 20:30:00+00:00,8.8904022
2023-04-20 20:45:00+00:00,8.8904022
2023-04-20 21:00:00+00:00,8.8904022
2023-04-20 21:15:00+00:00,8.8904022
2023-04-20 21:30:00+00:00,8.8904022
2023-04-20 21:45:00+00:00,8.8904022
2023-04-20 22:00:00+00:00,8.8904022
2023-04-20 22:15:00+00:00,8.8904022
2023-04-20 22:30:00+00:00,8.8904022
2023-04-20 22:45:00+00:00,8.8904022
2023-04-20 23:00:00+00:00,8.8904022
2023-04-20 23:15:00+00:00,8.8904022
2023-04-20 23:30:00+00:00,8.8904022
2023-04-20 23:45:00+00:00,8.8904022
2023-04-21 00:00:00+00:00,8.8904022
2023-04-21 00:15:00+00:00,8.8904022
2023-04-21 00:30:00+00:00,8.8904022
2023-04-21 00:45:00+00:00,8.8904022
2023-04-21 01:00:00+00:00,8.8904022
2023-04-21 01:15:00+00:00,8.8904022
2023-04-21 01:30:00+00:00,8.8904022
2023-04-21 01:45:00+00:00,8.8904022
2023-04-21 02:00:00+00:00,8.8904022
2023-04-21 02:15:00+00:00,8.8904022
2023-04-21 02:30:00+00:00,8.8904022
2023-04-21 02:45:00+00:00,8.8904022
2023-04-21 03:00:00+00:00,8.8904022
2023-04-21 03:15:00+00:00,8.8904022
2023-04-21 03:30:00+00:00,8.8904022
2023-04-21 03:45:00+00:00,8.8904022
2023-04-21 04:00:00+00:00,8.8904022
2023-04-21 04:15:00+00:00,8.8904022
2023-04-21 04:30:00+00:00,8.8904022
2023-04-21 04:45:00+00:00,8.8904022
2023-04-21 05:00:00+00:00,8.8904022
2023-04-21 05:15:00+00:00,8.8904022
2023-04-21 05:30:00+00:00,8.8904022
2023-04-21 05:45:00+00:00,8.8904022
2023-04-21 06:00:00+00:00,8.8904022
2023-04-21 06:15:00+00:00,8.8904022
2023-04-21 06:30:00+00:00,8.8904022
2023-04-21 06:45:00+00:00,8.8904022
2023-04-21 07:00:00+00:00,8.8904022
2023-04-21 07:15:00+00:00,8.8904022
2023-04-21 07:30:00+00:00,8.8904022
2023-04-21 07:45:00+00:00,8.8904022
2023-04-21 08:00:00+00:00,8.8904022
2023-04-21 08:15:00+00:00,8.8904022
2023-04-21 08:30:00+00:00,8.8904022
2023-04-21 08:45:00+00:00,8.8904022
2023-04-21 09:00:00+00:00,8.8904022
2023-04-21 09:15:00+00:00,8.8904022
2023-04-21 09:30:00+00:00,8.8924937143
2023-04-21 09:45:00+00:00,8.9242084456
2023-04-21 10:00:00+00:00,8.9532787
2023-04-21 10:15:00+00:00,8.9532787
2023-04-21 10:30:00+00:00,8.9532787
2023-04-21 10:45:00+00:00,8.9532787
2023-04-21 11:00:00+00:00,8.9532787
2023-04-21 11:15:00+00:00,8.9532787
2023-04-21 11:30:00+00:00,8.9532787
2023-04-21 11:45:00+00:00,8.9532787
2023-04-21 12:00:00+00:00,8.9532787
2023-04-21 12:15:00+00:00,8.9532787
2023-04-21 12:30:00+00:00,8.9532787
2023-04-21 12:45:00+00:00,8.9532787
2023-04-21 13:00:00+00:00,8.9532787
2023-04-21 13:15:00+00:00,8.955147545500001
2023-04-21 13:30:00+00:00,8.9896780229
2023-04-21 13:45:00+00:00,9.0014185
2023-04-21 14:00:00+00:00,9.038879875800001
2023-04-21 14:15:00+00:00,9.08498714
2023-04-21 14:30:00+00:00,9.0961428
2023-04-21 14:45:00+00:00,9.0961428
2023-04-21 15:00:00+00:00,9.0961428
2023-04-21 15:15:00+00:00,9.0961428
2023-04-21 15:30:00+00:00,9.0961428
2023-04-21 15:45:00+00:00,9.0961428
2023-04-21 16:00:00+00:00,9.0961428
2023-04-21 16:15:00+00:00,9.0961428
2023-04-21 16:30:00+00:00,9.0961428
2023-04-21 16:45:00+00:00,9.0961428
2023-04-21 17:00:00+00:00,9.0961428
2023-04-21 17:15:00+00:00,9.0961428
2023-04-21 17:30:00+00:00,9.0961428
2023-04-21 17:45:00+00:00,9.0961428
2023-04-21 18:00:00+00:00,9.0961428
2023-04-21 18:15:00+00:00,9.0961428
2023-04-21 18:30:00+00:00,9.0961428
2023-04-21 18:45:00+00:00,9.0961428
2023-04-21 19:00:00+00:00,9.0961428
2023-04-21 19:15:00+00:00,9.0961428
2023-04-21 19:30:00+00:00,9.0961428
2023-04-21 19:45:00+00:00,9.0961428
2023-04-21 20:00:00+00:00,9.0961428
2023-04-21 20:15:00+00:00,9.0961428
2023-04-21 20:30:00+00:00,9.0961428
2023-04-21 20:45:00+00:00,9.0961428
2023-04-21 21:00:00+00:00,9.0961428
2023-04-21 21:15:00+00:00,9.0961428
2023-04-21 21:30:00+00:00,9.0961428
2023-04-21 21:45:00+00:00,9.0961428
2023-04-21 22:00:00+00:00,9.0961428
2023-04-21 22:15:00+00:00,9.0961428
2023-04-21 22:30:00+00:00,9.0961428
2023-04-21 22:45:00+00:00,9.0961428
2023-04-21 23:00:00+00:00,9.0961428
2023-04-21 23:15:00+00:00,9.0961428
2023-04-21 23:30:00+00:00,9.0961428
2023-04-21 23:45:00+00:00,9.0961428
2023-04-22 00:00:00+00:00,9.0961428
2023-04-22 00:15:00+00:00,9.0961428
2023-04-22 00:30:00+00:00,9.0961428
2023-04-22 00:45:00+00:00,9.0961428
2023-04-22 01:00:00+00:00,9.0961428
2023-04-22 01:15:00+00:00,9.0961428
2023-04-22 01:30:00+00:00,9.0961428
2023-04-22 01:45:00+00:00,9.0961428
2023-04-22 02:00:00+00:00,9.0961428
2023-04-22 02:15:00+00:00,9.0961428
2023-04-22 02:30:00+00:00,9.0961428
2023-04-22 02:45:00+00:00,9.0961428
2023-04-22 03:00:00+00:00,9.0961428
2023-04-22 03:15:00+00:00,9.0961428
2023-04-22 03:30:00+00:00,9.0961428
2023-04-22 03:45:00+00:00,9.0961428
2023-04-22 04:00:00+00:00,9.0961428
2023-04-22 04:15:00+00:00,9.0961428
2023-04-22 04:30:00+00:00,9.0961428
2023-04-22 04:45:00+00:00,9.0961428
2023-04-22 05:00:00+00:00,9.0961428
2023-04-22 05:15:00+00:00,9.0961428
2023-04-22 05:30:00+00:00,9.0961428
2023-04-22 05:45:00+00:00,9.0961428
2023-04-22 06:00:00+00:00,9.0961428
2023-04-22 06:15:00+00:00,9.0961428
2023-04-22 06:30:00+00:00,9.0961428
2023-04-22 06:45:00+00:00,9.0961428
2023-04-22 07:00:00+00:00,9.0961428
2023-04-22 07:15:00+00:00,9.0961428
2023-04-22 07:30:00+00:00,9.0961428
2023-04-22 07:45:00+00:00,9.0961428
2023-04-22 08:00:00+00:00,9.0961428
2023-04-22 08:15:00+00:00,9.0961428
2023-04-22 08:30:00+00:00,9.0961428
2023-04-22 08:45:00+00:00,9.0961428
2023-04-22 09:00:00+00:00,9.097813428
2023-04-22 09:15:00+00:00,9.0994773
2023-04-22 09:30:00+00:00,9.104564776
2023-04-22 09:45:00+00:00,9.1246996095
2023-04-22 10:00:00+00:00,9.1369370296
2023-04-22 10:15:00+00:00,9.165545338800001
2023-04-22 10:30:00+00:00,9.1886691332
2023-04-22 10:45:00+00:00,9.223666495
2023-04-22 11:00:00+00:00,9.265724930400001
2023-04-22 11:15:00+00:00,9.291950956800001
2023-04-22 11:30:00+00:00,9.340893469500001
2023-04-22 11:45:00+00:00,9.374652000000001
2023-04-22 12:00:00+00:00,9.374652000000001
2023-04-22 12:15:00+00:00,9.384492100000001
2023-04-22 12:30:00+00:00,9.388064906
2023-04-22 12:45:00+00:00,9.3886948481
2023-04-22 13:00:00+00:00,9.398299436
2023-04-22 13:15:00+00:00,9.4314156088
2023-04-22 13:30:00+00:00,9.445603
2023-04-22 13:45:00+00:00,9.445603
2023-04-22 14:00:00+00:00,9.4564827
2023-04-22 14:15:00+00:00,9.4564827
2023-04-22 14:30:00+00:00,9.456531100000001
2023-04-22 14:45:00+00:00,9.456531100000001
2023-04-22 15:00:00+00:00,9.456531100000001
2023-04-22 15:15:00+00:00,9.456531100000001
2023-04-22 15:30:00+00:00,9.456531100000001
2023-04-22 15:45:00+00:00,9.456531100000001
2023-04-22 16:00:00+00:00,9.456531100000001
2023-04-22 16:15:00+00:00,9.456531100000001
2023-04-22 16:30:00+00:00,9.456531100000001
2023-04-22 16:45:00+00:00,9.456531100000001
2023-04-22 17:00:00+00:00,9.456531100000001
2023-04-22 17:15:00+00:00,9.456531100000001
2023-04-22 17:30:00+00:00,9.456531100000001
2023-04-22 17:45:00+00:00,9.456531100000001
2023-04-22 18:00:00+00:00,9.456531100000001
2023-04-22 18:15:00+00:00,9.456531100000001
2023-04-22 18:30:00+00:00,9.456531100000001
2023-04-22 18:45:00+00:00,9.456531100000001
2023-04-22 19:00:00+00:00,9.456531100000001
2023-04-22 19:15:00+00:00,9.456531100000001
2023-04-22 19:30:00+00:00,9.456531100000001
2023-04-22 19:45:00+00:00,9.456531100000001
2023-04-22 20:00:00+00:00,9.456531100000001
2023-04-22 20:15:00+00:00,9.456531100000001
2023-04-22 20:30:00+00:00,9.456531100000001
2023-04-22 20:45:00+00:00,9.456531100000001
2023-04-22 21:00:00+00:00,9.456531100000001
2023-04-22 21:15:00+00:00,9.456531100000001
2023-04-22 21:30:00+00:00,9.456531100000001
2023-04-22 21:45:00+00:00,9.456531100000001
2023-04-22 22:00:00+00:00,9.456531100000001
2023-04-22 22:15:00+00:00,9.456531100000001
2023-04-22 22:30:00+00:00,9.456531100000001
2023-04-22 22:45:00+00:00,9.456531100000001
2023-04-22 23:00:00+00:00,9.456531100000001
2023-04-22 23:15:00+00:00,9.456531100000001
2023-04-22 23:30:00+00:00,9.456531100000001
2023-04-22 23:45:00+00:00,9.456531100000001
2023-04-23 00:00:00+00:00,9.456531100000001
2023-04-23 00:15:00+00:00,9.456531100000001
2023-04-23 00:30:00+00:00,9.456531100000001
2023-04-23 00:45:00+00:00,9.456531100000001
2023-04-23 01:00:00+00:00,9.456531100000001
2023-04-23 01:15:00+00:00,9.456531100000001
2023-04-23 01:30:00+00:00,9.456531100000001
2023-04-23 01:45:00+00:00,9.456531100000001
2023-04-23 02:00:00+00:00,9.456531100000001
2023-04-23 02:15:00+00:00,9.456531100000001
2023-04-23 02:30:00+00:00,9.456531100000001
2023-04-23 02:45:00+00:00,9.456531100000001
2023-04-23 03:00:00+00:00,9.456531100000001
2023-04-23 03:15:00+00:00,9.456531100000001
2023-04-23 03:30:00+00:00,9.456531100000001
2023-04-23 03:45:00+00:00,9.456531100000001
2023-04-23 04:00:00+00:00,9.456531100000001
2023-04-23 04:15:00+00:00,9.456531100000001
2023-04-23 04:30:00+00:00,9.456531100000001
2023-04-23 04:45:00+00:00,9.456531100000001
2023-04-23 05:00:00+00:00,9.456531100000001
2023-04-30 05:15:00+00:00,10.0978705
2023-04-30 05:30:00+00:00,10.0978705
2023-04-30 05:45:00+00:00,10.0978705
2023-04-30 06:00:00+00:00,10.0978705
2023-04-30 06:15:00+00:00,10.0978705
2023-04-30 06:30:00+00:00,10.0978705
2023-04-30 06:45:00+00:00,10.0978705
2023-04-30 07:00:00+00:00,10.097895300000001
2023-04-30 07:15:00+00:00,10.097895300000001
2023-04-30 07:30:00+00:00,10.0993990652
2023-04-30 07:45:00+00:00,10.1053313588
2023-04-30 08:00:00+00:00,10.1077931042
2023-04-30 08:15:00+00:00,10.1117939
2023-04-30 08:30:00+00:00,10.1131974
2023-04-30 08:45:00+00:00,10.1131974
2023-04-30 09:00:00+00:00,10.1147385
2023-04-30 09:15:00+00:00,10.1147385
2023-04-30 09:30:00+00:00,10.1147385
2023-04-30 09:45:00+00:00,10.1147385
2023-04-30 10:00:00+00:00,10.1147385
2023-04-30 10:15:00+00:00,10.1165036
2023-04-30 10:30:00+00:00,10.1165076
2023-04-30 10:45:00+00:00,10.117089100000001
2023-04-30 11:00:00+00:00,10.117089100000001
2023-04-30 11:15:00+00:00,10.117089100000001
2023-04-30 11:30:00+00:00,10.117191
2023-04-30 11:45:00+00:00,10.1292179
2023-04-30 12:00:00+00:00,10.129997600000001
2023-04-30 12:15:00+00:00,10.129997600000001
2023-04-30 12:30:00+00:00,10.1318493
2023-04-30 12:45:00+00:00,10.1318493
2023-04-30 13:00:00+00:00,10.132488500000001
2023-04-30 13:15:00+00:00,10.1331289
2023-04-30 13:30:00+00:00,10.1352818
2023-04-30 13:45:00+00:00,10.1352818
2023-04-30 14:00:00+00:00,10.1401357
2023-04-30 14:15:00+00:00,10.1414323893
2023-04-30 14:30:00+00:00,10.1434843
2023-04-30 14:45:00+00:00,10.144805
2023-04-30 15:00:00+00:00,10.144805
2023-04-30 15:15:00+00:00,10.144805
2023-04-30 15:30:00+00:00,10.144805
2023-04-30 15:45:00+00:00,10.144805
2023-04-30 16:00:00+00:00,10.144805
2023-04-30 16:15:00+00:00,10.144805
2023-04-30 16:30:00+00:00,10.144805
2023-04-30 16:45:00+00:00,10.144805
2023-04-30 17:00:00+00:00,10.144805
2023-04-30 17:15:00+00:00,10.144805
2023-04-30 17:30:00+00:00,10.144805
2023-04-30 17:45:00+00:00,10.144805
2023-04-30 18:00:00+00:00,10.144805
2023-04-30 18:15:00+00:00,10.144805
2023-04-30 18:30:00+00:00,10.144805
2023-04-30 18:45:00+00:00,10.144805
2023-04-30 19:00:00+00:00,10.144805
2023-04-30 19:15:00+00:00,10.144805
2023-04-30 19:30:00+00:00,10.144805
2023-04-30 19:45:00+00:00,10.144805
2023-04-30 20:00:00+00:00,10.144805
2023-04-30 20:15:00+00:00,10.144805
2023-04-30 20:30:00+00:00,10.144805
2023-04-30 20:45:00+00:00,10.144805
2023-04-30 21:00:00+00:00,10.144805
2023-04-30 21:15:00+00:00,10.144805
2023-04-30 21:30:00+00:00,10.144805
2023-04-30 21:45:00+00:00,10.144805
2023-04-30 22:00:00+00:00,10.144805
2023-04-30 22:15:00+00:00,10.144805
2023-04-30 22:30:00+00:00,10.144805
2023-04-30 22:45:00+00:00,10.144805
2023-04-30 23:00:00+00:00,10.144805
2023-04-30 23:15:00+00:00,10.144805
2023-04-30 23:30:00+00:00,10.144805
2023-04-30 23:45:00+00:00,10.144805
2023-05-01 00:00:00+00:00,10.144805
2023-05-01 00:15:00+00:00,10.144805
2023-05-01 00:30:00+00:00,10.144805
2023-05-01 00:45:00+00:00,10.144805
2023-05-01 01:00:00+00:00,10.144805
2023-05-01 01:15:00+00:00,10.144805
2023-05-01 01:30:00+00:00,10.144805
2023-05-01 01:45:00+00:00,10.144805
2023-05-01 02:00:00+00:00,10.144805
2023-05-01 02:15:00+00:00,10.144805
2023-05-01 02:30:00+00:00,10.144805
2023-05-01 02:45:00+00:00,10.144805
2023-05-01 03:00:00+00:00,10.144805
2023-05-01 03:15:00+00:00,10.144805
2023-05-01 03:30:00+00:00,10.144805
2023-05-01 03:45:00+00:00,10.144805
2023-05-01 04:00:00+00:00,10.144805
2023-05-01 04:15:00+00:00,10.144805
2023-05-01 04:30:00+00:00,10.144805
2023-05-01 04:45:00+00:00,10.144805
2023-05-01 05:00:00+00:00,10.144805
2023-05-01 05:15:00+00:00,10.144805
2023-05-01 05:30:00+00:00,10.144805
2023-05-01 05:45:00+00:00,10.144805
2023-05-01 06:00:00+00:00,10.144805
2023-05-01 06:15:00+00:00,10.144805
2023-05-01 06:30:00+00:00,10.144805
2023-05-01 06:45:00+00:00,10.144805
2023-05-01 07:00:00+00:00,10.144805
2023-05-01 07:15:00+00:00,10.144805
2023-05-01 07:30:00+00:00,10.144805
2023-05-01 07:45:00+00:00,10.144805
2023-05-01 08:00:00+00:00,10.144805
2023-05-01 08:15:00+00:00,10.144805
2023-05-01 08:30:00+00:00,10.144805
2023-05-01 08:45:00+00:00,10.144805
2023-05-01 09:00:00+00:00,10.144805
2023-05-01 09:15:00+00:00,10.144805
2023-05-01 09:30:00+00:00,10.14483
2023-05-01 09:45:00+00:00,10.1452965
2023-05-01 10:00:00+00:00,10.1452965
2023-05-01 10:15:00+00:00,10.1452965
2023-05-01 10:30:00+00:00,10.1452965
2023-05-01 10:45:00+00:00,10.1489516
2023-05-01 11:00:00+00:00,10.1572981642
2023-05-01 11:15:00+00:00,10.1652201
2023-05-01 11:30:00+00:00,10.1698681884
2023-05-01 11:45:00+00:00,10.1741926
2023-05-01 12:00:00+00:00,10.180999100000001
2023-05-01 12:15:00+00:00,10.1823981
2023-05-01 12:30:00+00:00,10.1823981
2023-05-01 12:45:00+00:00,10.1823981
2023-05-01 13:00:00+00:00,10.1823981
2023-05-01 13:15:00+00:00,10.1823981
2023-05-01 13:30:00+00:00,10.1823981
2023-05-01 13:45:00+00:00,10.2008519928
2023-05-01 14:00:00+00:00,10.2293595775
2023-05-01 14:15:00+00:00,10.243645517500001
2023-05-01 14:30:00+00:00,10.2602013
2023-05-01 14:45:00+00:00,10.264587200000001
2023-05-01 15:00:00+00:00,10.264587200000001
2023-05-01 15:15:00+00:00,10.264587200000001
2023-05-01 15:30:00+00:00,10.264587200000001
2023-05-01 15:45:00+00:00,10.264616700000001
2023-05-01 16:00:00+00:00,10.264616700000001
2023-05-01 16:15:00+00:00,10.264616700000001
2023-05-01 16:30:00+00:00,10.264616700000001
2023-05-01 16:45:00+00:00,10.264616700000001
2023-05-01 17:00:00+00:00,10.264616700000001
2023-05-01 17:15:00+00:00,10.264616700000001
2023-05-01 17:30:00+00:00,10.264616700000001
2023-05-01 17:45:00+00:00,10.264616700000001
2023-05-01 18:00:00+00:00,10.264616700000001
2023-05-01 18:15:00+00:00,10.264616700000001
2023-05-01 18:30:00+00:00,10.264616700000001
2023-05-01 18:45:00+00:00,10.264616700000001
2023-05-01 19:00:00+00:00,10.264616700000001
2023-05-01 19:15:00+00:00,10.264616700000001
2023-05-01 19:30:00+00:00,10.264616700000001
2023-05-01 19:45:00+00:00,10.264616700000001
2023-05-01 20:00:00+00:00,10.264616700000001
2023-05-01 20:15:00+00:00,10.264616700000001
2023-05-01 20:30:00+00:00,10.264616700000001
2023-05-01 20:45:00+00:00,10.264616700000001
2023-05-01 21:00:00+00:00,10.264616700000001
2023-05-01 21:15:00+00:00,10.264616700000001
2023-05-01 21:30:00+00:00,10.264616700000001
2023-05-01 21:45:00+00:00,10.264616700000001
2023-05-01 22:00:00+00:00,10.264616700000001
2023-05-01 22:15:00+00:00,10.264616700000001
2023-05-01 22:30:00+00:00,10.264616700000001
2023-05-01 22:45:00+00:00,10.264616700000001
2023-05-01 23:00:00+00:00,10.264616700000001
2023-05-01 23:15:00+00:00,10.264616700000001
2023-05-01 23:30:00+00:00,10.264616700000001
2023-05-01 23:45:00+00:00,10.264616700000001
2023-05-02 00:00:00+00:00,10.264616700000001
2023-05-02 00:15:00+00:00,10.264616700000001
2023-05-02 00:30:00+00:00,10.264616700000001
2023-05-02 00:45:00+00:00,10.264616700000001
2023-05-02 01:00:00+00:00,10.264616700000001
2023-05-02 01:15:00+00:00,10.264616700000001
2023-05-02 01:30:00+00:00,10.264616700000001
2023-05-02 01:45:00+00:00,10.264616700000001
2023-05-02 02:00:00+00:00,10.264616700000001
2023-05-02 02:15:00+00:00,10.264616700000001
2023-05-02 02:30:00+00:00,10.264616700000001
2023-05-02 02:45:00+00:00,10.264616700000001
2023-05-02 03:00:00+00:00,10.264616700000001
2023-05-02 03:15:00+00:00,10.264616700000001
2023-05-02 03:30:00+00:00,10.264616700000001
2023-05-02 03:45:00+00:00,10.264616700000001
2023-05-02 04:00:00+00:00,10.264616700000001
2023-05-02 04:15:00+00:00,10.264616700000001
2023-05-02 04:30:00+00:00,10.264616700000001
2023-05-02 04:45:00+00:00,10.264616700000001
2023-05-02 05:00:00+00:00,10.264616700000001
2023-05-02 05:15:00+00:00,10.264616700000001
2023-05-02 05:30:00+00:00,10.264616700000001
2023-05-02 05:45:00+00:00,10.264616700000001
2023-05-02 06:00:00+00:00,10.264616700000001
2023-05-02 06:15:00+00:00,10.264616700000001
2023-05-02 06:30:00+00:00,10.264616700000001
2023-05-02 06:45:00+00:00,10.264616700000001
2023-05-02 07:00:00+00:00,10.264616700000001
2023-05-02 07:15:00+00:00,10.264616700000001
2023-05-02 07:30:00+00:00,10.264616700000001
2023-05-02 07:45:00+00:00,10.2646215
2023-05-02 08:00:00+00:00,10.2646554
2023-05-02 08:15:00+00:00,10.2646554
2023-05-02 08:30:00+00:00,10.2646554
2023-05-02 08:45:00+00:00,10.2646554
2023-05-02 09:00:00+00:00,10.2650991
2023-05-02 09:15:00+00:00,10.2653474
2023-05-02 09:30:00+00:00,10.2653474
2023-05-02 09:45:00+00:00,10.2747693355
2023-05-02 10:00:00+00:00,10.2828753
2023-05-02 10:15:00+00:00,10.2830856
2023-05-02 10:30:00+00:00,10.2830856
2023-05-02 10:45:00+00:00,10.2830856
2023-05-02 11:00:00+00:00,10.2830856
2023-05-02 11:15:00+00:00,10.2830856
2023-05-02 11:30:00+00:00,10.284275000000001
2023-05-02 11:45:00+00:00,10.284275000000001
2023-05-02 12:00:00+00:00,10.284275000000001
2023-05-02 12:15:00+00:00,10.2883302
2023-05-02 12:30:00+00:00,10.2883302
2023-05-02 12:45:00+00:00,10.2883302
2023-05-02 13:00:00+00:00,10.2883302
2023-05-02 13:15:00+00:00,10.2883608
2023-05-02 13:30:00+00:00,10.2884244
2023-05-02 13:45:00+00:00,10.2884244
2023-05-02 14:00:00+00:00,10.29271609
2023-05-02 14:15:00+00:00,10.3006776
2023-05-02 14:30:00+00:00,10.3110845
2023-05-02 14:45:00+00:00,10.3171435776
2023-05-02 15:00:00+00:00,10.3211229
2023-05-02 15:15:00+00:00,10.3211229
2023-05-02 15:30:00+00:00,10.3211229
2023-05-02 15:45:00+00:00,10.3211229
2023-05-02 16:00:00+00:00,10.3211229
2023-05-02 16:15:00+00:00,10.3211229
2023-05-02 16:30:00+00:00,10.3211229
2023-05-02 16:45:00+00:00,10.3211229
2023-05-02 17:00:00+00:00,10.3211229
2023-05-02 17:15:00+00:00,10.3211229
2023-05-02 17:30:00+00:00,10.3211229
2023-05-02 17:45:00+00:00,10.3211229
2023-05-02 18:00:00+00:00,10.3211229
2023-05-02 18:15:00+00:00,10.3211229
2023-05-02 18:30:00+00:00,10.3211229
2023-05-02 18:45:00+00:00,10.3211229
2023-05-02 19:00:00+00:00,10.3211229
2023-05-02 19:15:00+00:00,10.3211229
2023-05-02 19:30:00+00:00,10.3211229
2023-05-02 19:45:00+00:00,10.3211229
2023-05-02 20:00:00+00:00,10.3211229
2023-05-02 20:15:00+00:00,10.3211229
2023-05-02 20:30:00+00:00,10.3211229
2023-05-02 20:45:00+00:00,10.3211229
2023-05-02 21:00:00+00:00,10.3211229
2023-05-02 21:15:00+00:00,10.3211229
2023-05-02 21:30:00+00:00,10.3211229
2023-05-02 21:45:00+00:00,10.3211229
2023-05-02 22:00:00+00:00,10.3211229
2023-05-02 22:15:00+00:00,10.3211229
2023-05-02 22:30:00+00:00,10.3211229
2023-05-02 22:45:00+00:00,10.3211229
2023-05-02 23:00:00+00:00,10.3211229
2023-05-02 23:15:00+00:00,10.3211229
2023-05-02 23:30:00+00:00,10.3211229
2023-05-02 23:45:00+00:00,10.3211229
2023-05-03 00:00:00+00:00,10.3211229
2023-05-03 00:15:00+00:00,10.3211229
2023-05-03 00:30:00+00:00,10.3211229
2023-05-03 00:45:00+00:00,10.3211229
2023-05-03 01:00:00+00:00,10.3211229
2023-05-03 01:15:00+00:00,10.3211229
2023-05-03 01:30:00+00:00,10.3211229
2023-05-03 01:45:00+00:00,10.3211229
2023-05-03 02:00:00+00:00,10.3211229
2023-05-03 02:15:00+00:00,10.3211229
2023-05-03 02:30:00+00:00,10.3211229
2023-05-03 02:45:00+00:00,10.3211229
2023-05-03 03:00:00+00:00,10.3211229
2023-05-03 03:15:00+00:00,10.3211229
2023-05-03 03:30:00+00:00,10.3211229
2023-05-03 03:45:00+00:00,10.3211229
2023-05-03 04:00:00+00:00,10.3211229
2023-05-03 04:15:00+00:00,10.3211229
2023-05-03 04:30:00+00:00,10.3211229
2023-05-03 04:45:00+00:00,10.3211229
2023-05-03 05:00:00+00:00,10.3211229
2023-05-03 05:15:00+00:00,10.3211229
2023-05-03 05:30:00+00:00,10.3211229
2023-05-03 05:45:00+00:00,10.3211229
2023-05-03 06:00:00+00:00,10.3211229
2023-05-03 06:15:00+00:00,10.3211229
2023-05-03 06:30:00+00:00,10.3211229
2023-05-03 06:45:00+00:00,10.3211229
2023-05-03 07:00:00+00:00,10.3211229
2023-05-03 07:15:00+00:00,10.3211242
2023-05-03 07:30:00+00:00,10.3211242
2023-05-03 07:45:00+00:00,10.3212200022
2023-05-03 08:00:00+00:00,10.3221817
2023-05-03 08:15:00+00:00,10.3287637684
2023-05-03 08:30:00+00:00,10.3423953
2023-05-03 08:45:00+00:00,10.3557386
2023-05-03 09:00:00+00:00,10.3898853024
2023-05-03 09:15:00+00:00,10.4079584
2023-05-03 09:30:00+00:00,10.445820277600001
2023-05-03 09:45:00+00:00,10.472824600000001
2023-05-03 10:00:00+00:00,10.4926333986
2023-05-03 10:15:00+00:00,10.5460033
2023-05-03 10:30:00+00:00,10.5498162
2023-05-03 10:45:00+00:00,10.575090685200001
2023-05-03 11:00:00+00:00,10.6148675
2023-05-03 11:15:00+00:00,10.6280242
2023-05-03 11:30:00+00:00,10.6771565
2023-05-03 11:45:00+00:00,10.6977259
2023-05-03 12:00:00+00:00,10.7172403
2023-05-03 12:15:00+00:00,10.7405734748
2023-05-03 12:30:00+00:00,10.7661992
2023-05-03 12:45:00+00:00,10.8118131257
2023-05-03 13:00:00+00:00,10.8598593411
2023-05-03 13:15:00+00:00,10.9207045048
2023-05-03 13:30:00+00:00,10.9711503
2023-05-03 13:45:00+00:00,11.011159982
2023-05-03 14:00:00+00:00,11.0537609608
2023-05-03 14:15:00+00:00,11.0885068055
2023-05-03 14:30:00+00:00,11.115569724
2023-05-03 14:45:00+00:00,11.1469465854
2023-05-03 15:00:00+00:00,11.1668983048
2023-05-03 15:15:00+00:00,11.1741029995
2023-05-03 15:30:00+00:00,11.1842121244
2023-05-03 15:45:00+00:00,11.1863851
2023-05-03 16:00:00+00:00,11.1863851
2023-05-03 16:15:00+00:00,11.1863851
2023-05-03 16:30:00+00:00,11.1863851
2023-05-03 16:45:00+00:00,11.1863851
2023-05-03 17:00:00+00:00,11.1863851
2023-05-03 17:15:00+00:00,11.1863851
2023-05-03 17:30:00+00:00,11.1863851
2023-05-03 17:45:00+00:00,11.1863851
2023-05-03 18:00:00+00:00,11.1863851
2023-05-03 18:15:00+00:00,11.1863851
2023-05-03 18:30:00+00:00,11.1863851
2023-05-03 18:45:00+00:00,11.1863851
2023-05-03 19:00:00+00:00,11.1863851
2023-05-03 19:15:00+00:00,11.1863851
2023-05-03 19:30:00+00:00,11.1863851
2023-05-03 19:45:00+00:00,11.1863851
2023-05-03 20:00:00+00:00,11.1863851
2023-05-03 20:15:00+00:00,11.1863851
2023-05-03 20:30:00+00:00,11.1863851
2023-05-03 20:45:00+00:00,11.1863851
2023-05-03 21:00:00+00:00,11.1863851
2023-05-03 21:15:00+00:00,11.1863851
2023-05-03 21:30:00+00:00,11.1863851
2023-05-03 21:45:00+00:00,11.1863851
2023-05-03 22:00:00+00:00,11.1863851
2023-05-03 22:15:00+00:00,11.1863851
2023-05-03 22:30:00+00:00,11.1863851
2023-05-03 22:45:00+00:00,11.1863851
2023-05-03 23:00:00+00:00,11.1863851
2023-05-03 23:15:00+00:00,11.1863851
2023-05-03 23:30:00+00:00,11.1863851
2023-05-03 23:45:00+00:00,11.1863851
2023-05-04 00:00:00+00:00,11.1863851
2023-05-04 00:15:00+00:00,11.1863851
2023-05-04 00:30:00+00:00,11.1863851
2023-05-04 00:45:00+00:00,11.1863851
2023-05-04 01:00:00+00:00,11.1863851
2023-05-04 01:15:00+00:00,11.1863851
2023-05-04 01:30:00+00:00,11.1863851
2023-05-04 01:45:00+00:00,11.1863851
2023-05-04 02:00:00+00:00,11.1863851
2023-05-04 02:15:00+00:00,11.1863851
2023-05-04 02:30:00+00:00,11.1863851
2023-05-04 02:45:00+00:00,11.1863851
2023-05-04 03:00:00+00:00,11.1863851
2023-05-04 03:15:00+00:00,11.1863851
2023-05-04 03:30:00+00:00,11.1863851
2023-05-04 03:45:00+00:00,11.1863851
2023-05-04 04:00:00+00:00,11.1863851
2023-05-04 04:15:00+00:00,11.1863851
2023-05-04 04:30:00+00:00,11.1863851
2023-05-04 04:45:00+00:00,11.1863851
2023-05-04 05:00:00+00:00,11.1863851
2023-05-04 05:15:00+00:00,11.1863851
2023-05-04 05:30:00+00:00,11.1863851
2023-05-04 05:45:00+00:00,11.1863851
2023-05-04 06:00:00+00:00,11.1863851
2023-05-04 06:15:00+00:00,11.1863851
2023-05-04 06:30:00+00:00,11.1863851
2023-05-04 06:45:00+00:00,11.1863851
2023-05-04 07:00:00+00:00,11.1863851
2023-05-04 07:15:00+00:00,11.1863851
2023-05-04 07:30:00+00:00,11.1864159
2023-05-04 07:45:00+00:00,11.191566100000001
2023-05-04 08:00:00+00:00,11.203946313100001
2023-05-04 08:15:00+00:00,11.2189279983
2023-05-04 08:30:00+00:00,11.2453611
2023-05-04 08:45:00+00:00,11.2841014996
2023-05-04 09:00:00+00:00,11.3167818488
2023-05-04 09:15:00+00:00,11.3493570119
2023-05-04 09:30:00+00:00,11.3872739025
2023-05-04 09:45:00+00:00,11.442832458
2023-05-04 10:00:00+00:00,11.5004391228
2023-05-04 10:15:00+00:00,11.538794600000001
2023-05-04 10:30:00+00:00,11.5743691164
2023-05-04 10:45:00+00:00,11.6046206
2023-05-04 11:00:00+00:00,11.6236315
2023-05-04 11:15:00+00:00,11.6630342
2023-05-04 11:30:00+00:00,11.7241470212
2023-05-04 11:45:00+00:00,11.787446840800001
2023-05-04 12:00:00+00:00,11.8469005668
2023-05-04 12:15:00+00:00,11.900325672000001
2023-05-04 12:30:00+00:00,11.9664559313
2023-05-04 12:45:00+00:00,12.0306220082
2023-05-04 13:00:00+00:00,12.0914141776
2023-05-04 13:15:00+00:00,12.1393219184
2023-05-04 13:30:00+00:00,12.185207351
2023-05-04 13:45:00+00:00,12.2405279017
2023-05-04 14:00:00+00:00,12.2753353283
2023-05-04 14:15:00+00:00,12.3150630592
2023-05-04 14:30:00+00:00,12.3305809064
2023-05-04 14:45:00+00:00,12.353471272
2023-05-04 15:00:00+00:00,12.3801042502
2023-05-04 15:15:00+00:00,12.3871055
2023-05-04 15:30:00+00:00,12.3871055
2023-05-04 15:45:00+00:00,12.3871172
2023-05-04 16:00:00+00:00,12.3871172
2023-05-04 16:15:00+00:00,12.3871172
2023-05-04 16:30:00+00:00,12.3871172
2023-05-04 16:45:00+00:00,12.3871172
2023-05-04 17:00:00+00:00,12.3871172
2023-05-04 17:15:00+00:00,12.3871172
2023-05-04 17:30:00+00:00,12.3871172
2023-05-04 17:45:00+00:00,12.3871172
2023-05-04 18:00:00+00:00,12.3871172
2023-05-04 18:15:00+00:00,12.3871172
2023-05-04 18:30:00+00:00,12.3871172
2023-05-04 18:45:00+00:00,12.3871172
2023-05-04 19:00:00+00:00,12.3871172
2023-05-04 19:15:00+00:00,12.3871172
2023-05-04 19:30:00+00:00,12.3871172
2023-05-04 19:45:00+00:00,12.3871172
2023-05-04 20:00:00+00:00,12.3871172
2023-05-04 20:15:00+00:00,12.3871172
2023-05-04 20:30:00+00:00,12.3871172
2023-05-04 20:45:00+00:00,12.3871172
2023-05-04 21:00:00+00:00,12.3871172
2023-05-04 21:15:00+00:00,12.3871172
2023-05-04 21:30:00+00:00,12.3871172
2023-05-04 21:45:00+00:00,12.3871172
2023-05-04 22:00:00+00:00,12.3871172
2023-05-04 22:15:00+00:00,12.3871172
2023-05-04 22:30:00+00:00,12.3871172
2023-05-04 22:45:00+00:00,12.3871172
2023-05-04 23:00:00+00:00,12.3871172
2023-05-04 23:15:00+00:00,12.3871172
2023-05-04 23:30:00+00:00,12.3871172
2023-05-04 23:45:00+00:00,12.3871172
2023-05-05 00:00:00+00:00,12.3871172
2023-05-05 00:15:00+00:00,12.3871172
2023-05-05 00:30:00+00:00,12.3871172
2023-05-05 00:45:00+00:00,12.3871172
2023-05-05 01:00:00+00:00,12.3871172
2023-05-05 01:15:00+00:00,12.3871172
2023-05-05 01:30:00+00:00,12.3871172
2023-05-05 01:45:00+00:00,12.3871172
2023-05-05 02:00:00+00:00,12.3871172
2023-05-05 02:15:00+00:00,12.3871172
2023-05-05 02:30:00+00:00,12.3871172
2023-05-05 02:45:00+00:00,12.3871172
2023-05-05 03:00:00+00:00,12.3871172
2023-05-05 03:15:00+00:00,12.3871172
2023-05-05 03:30:00+00:00,12.3871172
2023-05-05 03:45:00+00:00,12.3871172
2023-05-05 04:00:00+00:00,12.3871172
2023-05-05 04:15:00+00:00,12.3871172
2023-05-05 04:30:00+00:00,12.3871172
2023-05-05 04:45:00+00:00,12.3871172
2023-05-05 05:00:00+00:00,12.3871172
2023-05-05 05:15:00+00:00,12.3871172
2023-05-05 05:30:00+00:00,12.3871172
2023-05-05 05:45:00+00:00,12.3871172
2023-05-05 06:00:00+00:00,12.3871172
2023-05-05 06:15:00+00:00,12.3871172
2023-05-05 06:30:00+00:00,12.3871172
2023-05-05 06:45:00+00:00,12.3871172
2023-05-05 07:00:00+00:00,12.3871172
2023-05-05 07:15:00+00:00,12.3871172
2023-05-05 07:30:00+00:00,12.3871172
2023-05-05 07:45:00+00:00,12.3871172
2023-05-05 08:00:00+00:00,12.388661710700001
2023-05-05 08:15:00+00:00,12.4012138
2023-05-05 08:30:00+00:00,12.4014097
2023-05-05 08:45:00+00:00,12.4014097
2023-05-05 09:00:00+00:00,12.4014097
2023-05-05 09:15:00+00:00,12.4014097
2023-05-05 09:30:00+00:00,12.4014097
2023-05-05 09:45:00+00:00,12.4014097
2023-05-05 10:00:00+00:00,12.4037927
2023-05-05 10:15:00+00:00,12.4037927
2023-05-05 10:30:00+00:00,12.409438469700001
2023-05-05 10:45:00+00:00,12.436121164000001
2023-05-05 11:00:00+00:00,12.4428464
2023-05-05 11:15:00+00:00,12.4457847
2023-05-05 11:30:00+00:00,12.4457847
2023-05-05 11:45:00+00:00,12.4751629303
2023-05-05 12:00:00+00:00,12.510814623
2023-05-05 12:15:00+00:00,12.5254147
2023-05-05 12:30:00+00:00,12.5342521218
2023-05-05 12:45:00+00:00,12.5748351
2023-05-05 13:00:00+00:00,12.5775871796
2023-05-05 13:15:00+00:00,12.6037011444
2023-05-05 13:30:00+00:00,12.605124700000001
2023-05-05 13:45:00+00:00,12.6052934
2023-05-05 14:00:00+00:00,12.6101682
2023-05-05 14:15:00+00:00,12.6224337032
2023-05-05 14:30:00+00:00,12.6433474
2023-05-05 14:45:00+00:00,12.6433474
2023-05-05 15:00:00+00:00,12.6433474
2023-05-05 15:15:00+00:00,12.6433474
2023-05-05 15:30:00+00:00,12.6433474
2023-05-05 15:45:00+00:00,12.6433474
2023-05-05 16:00:00+00:00,12.6433474
2023-05-05 16:15:00+00:00,12.6433474
2023-05-05 16:30:00+00:00,12.6433474
2023-05-05 16:45:00+00:00,12.6433474
2023-05-05 17:00:00+00:00,12.6433474
2023-05-05 17:15:00+00:00,12.6433474
2023-05-05 17:30:00+00:00,12.6433474
2023-05-05 17:45:00+00:00,12.6433474
2023-05-05 18:00:00+00:00,12.6433474
2023-05-05 18:15:00+00:00,12.6433474
2023-05-05 18:30:00+00:00,12.6433474
2023-05-05 18:45:00+00:00,12.6433474
2023-05-05 19:00:00+00:00,12.6433474
2023-05-05 19:15:00+00:00,12.6433474
2023-05-05 19:30:00+00:00,12.6433474
2023-05-05 19:45:00+00:00,12.6433474
2023-05-05 20:00:00+00:00,12.6433474
2023-05-05 20:15:00+00:00,12.6433474
2023-05-05 20:30:00+00:00,12.6433474
2023-05-05 20:45:00+00:00,12.6433474
2023-05-05 21:00:00+00:00,12.6433474
2023-05-05 21:15:00+00:00,12.6433474
2023-05-05 21:30:00+00:00,12.6433474
2023-05-05 21:45:00+00:00,12.6433474
2023-05-05 22:00:00+00:00,12.6433474
2023-05-05 22:15:00+00:00,12.6433474
2023-05-05 22:30:00+00:00,12.6433474
2023-05-05 22:45:00+00:00,12.6433474
2023-05-05 23:00:00+00:00,12.6433474
2023-05-05 23:15:00+00:00,12.6433474
2023-05-05 23:30:00+00:00,12.6433474
2023-05-05 23:45:00+00:00,12.6433474
2023-05-06 00:00:00+00:00,12.6433474
2023-05-06 00:15:00+00:00,12.6433474
2023-05-06 00:30:00+00:00,12.6433474
2023-05-06 00:45:00+00:00,12.6433474
2023-05-06 01:00:00+00:00,12.6433474
2023-05-06 01:15:00+00:00,12.6433474
2023-05-06 01:30:00+00:00,12.6433474
2023-05-06 01:45:00+00:00,12.6433474
2023-05-06 02:00:00+00:00,12.6433474
2023-05-06 02:15:00+00:00,12.6433474
2023-05-06 02:30:00+00:00,12.6433474
2023-05-06 02:45:00+00:00,12.6433474
2023-05-06 03:00:00+00:00,12.6433474
2023-05-06 03:15:00+00:00,12.6433474
2023-05-06 03:30:00+00:00,12.6433474
2023-05-06 03:45:00+00:00,12.6433474
2023-05-06 04:00:00+00:00,12.6433474
2023-05-06 04:15:00+00:00,12.6433474
2023-05-06 04:30:00+00:00,12.6433474
2023-05-06 04:45:00+00:00,12.6433474
2023-05-06 05:00:00+00:00,12.6433474
2023-05-06 05:15:00+00:00,12.6433474
2023-05-06 05:30:00+00:00,12.6433474
2023-05-06 05:45:00+00:00,12.6433474
2023-05-06 06:00:00+00:00,12.6433474
2023-05-06 06:15:00+00:00,12.6433474
2023-05-06 06:30:00+00:00,12.6433474
2023-05-06 06:45:00+00:00,12.6433474
2023-05-06 07:00:00+00:00,12.6433474
2023-05-06 07:15:00+00:00,12.6433474
2023-05-06 07:30:00+00:00,12.6446866456
2023-05-06 07:45:00+00:00,12.6504452
2023-05-06 08:00:00+00:00,12.6519819291
2023-05-06 08:15:00+00:00,12.6546476
2023-05-06 08:30:00+00:00,12.6546476
2023-05-06 08:45:00+00:00,12.6546476
2023-05-06 09:00:00+00:00,12.657416900000001
2023-05-06 09:15:00+00:00,12.6620237
2023-05-06 09:30:00+00:00,12.6794343437
2023-05-06 09:45:00+00:00,12.702879809
2023-05-06 10:00:00+00:00,12.7046446958
2023-05-06 10:15:00+00:00,12.7359814882
2023-05-06 10:30:00+00:00,12.7540522
2023-05-06 10:45:00+00:00,12.7703064613
2023-05-06 11:00:00+00:00,12.8095024926
2023-05-06 11:15:00+00:00,12.8115339
2023-05-06 11:30:00+00:00,12.8115339
2023-05-06 11:45:00+00:00,12.8116956
2023-05-06 12:00:00+00:00,12.8116956
2023-05-06 12:15:00+00:00,12.8116956
2023-05-06 12:30:00+00:00,12.8116956
2023-05-06 12:45:00+00:00,12.8116956
2023-05-06 13:00:00+00:00,12.816530934800001
2023-05-06 13:15:00+00:00,12.8166445
2023-05-06 13:30:00+00:00,12.8166445
2023-05-06 13:45:00+00:00,12.8166445
2023-05-06 14:00:00+00:00,12.8166445
2023-05-06 14:15:00+00:00,12.8166445
2023-05-06 14:30:00+00:00,12.8166445
2023-05-06 14:45:00+00:00,12.817038249600001
2023-05-06 15:00:00+00:00,12.8268468483
2023-05-06 15:15:00+00:00,12.833481
2023-05-06 15:30:00+00:00,12.833481
2023-05-06 15:45:00+00:00,12.833481
2023-05-06 16:00:00+00:00,12.833481
2023-05-06 16:15:00+00:00,12.833481
2023-05-06 16:30:00+00:00,12.833481
2023-05-06 16:45:00+00:00,12.833481
2023-05-06 17:00:00+00:00,12.833481
2023-05-06 17:15:00+00:00,12.833481
2023-05-06 17:30:00+00:00,12.833481
2023-05-06 17:45:00+00:00,12.833481
2023-05-06 18:00:00+00:00,12.833481
2023-05-06 18:15:00+00:00,12.833481
2023-05-06 18:30:00+00:00,12.833481
2023-05-06 18:45:00+00:00,12.833481
2023-05-06 19:00:00+00:00,12.833481
2023-05-06 19:15:00+00:00,12.833481
2023-05-06 19:30:00+00:00,12.833481
2023-05-06 19:45:00+00:00,12.833481
2023-05-06 20:00:00+00:00,12.833481
2023-05-06 20:15:00+00:00,12.833481
2023-05-06 20:30:00+00:00,12.833481
2023-05-06 20:45:00+00:00,12.833481
2023-05-06 21:00:00+00:00,12.833481
2023-05-06 21:15:00+00:00,12.833481
2023-05-06 21:30:00+00:00,12.833481
2023-05-06 21:45:00+00:00,12.833481
2023-05-06 22:00:00+00:00,12.833481
2023-05-06 22:15:00+00:00,12.833481
2023-05-06 22:30:00+00:00,12.833481
2023-05-06 22:45:00+00:00,12.833481
2023-05-06 23:00:00+00:00,12.833481
2023-05-06 23:15:00+00:00,12.833481
2023-05-06 23:30:00+00:00,12.833481
2023-05-06 23:45:00+00:00,12.833481
2023-05-07 00:00:00+00:00,12.833481
2023-05-07 00:15:00+00:00,12.833481
2023-05-07 00:30:00+00:00,12.833481
2023-05-07 00:45:00+00:00,12.833481
2023-05-07 01:00:00+00:00,12.833481
2023-05-07 01:15:00+00:00,12.833481
2023-05-07 01:30:00+00:00,12.833481
2023-05-07 01:45:00+00:00,12.833481
2023-05-07 02:00:00+00:00,12.833481
2023-05-07 02:15:00+00:00,12.833481
2023-05-07 02:30:00+00:00,12.833481
2023-05-07 02:45:00+00:00,12.833481
2023-05-07 03:00:00+00:00,12.833481
2023-05-07 03:15:00+00:00,12.833481
2023-05-07 03:30:00+00:00,12.833481
2023-05-07 03:45:00+00:00,12.833481
2023-05-07 04:00:00+00:00,12.833481
2023-05-07 04:15:00+00:00,12.833481
2023-05-07 04:30:00+00:00,12.833481
2023-05-07 04:45:00+00:00,12.833481
2023-05-07 05:00:00+00:00,12.833481
2023-05-07 05:15:00+00:00,12.833481
2023-05-07 05:30:00+00:00,12.833481
2023-05-07 05:45:00+00:00,12.833481
2023-05-07 06:00:00+00:00,12.833481
2023-05-07 06:15:00+00:00,12.833481
2023-05-07 06:30:00+00:00,12.833481
2023-05-07 06:45:00+00:00,12.833481
2023-05-07 07:00:00+00:00,12.833481
2023-05-07 07:15:00+00:00,12.833481
2023-05-07 07:30:00+00:00,12.833481
2023-05-07 07:45:00+00:00,12.8334925
2023-05-07 08:00:00+00:00,12.8334925
2023-05-07 08:15:00+00:00,12.8349928
2023-05-07 08:30:00+00:00,12.835406
2023-05-07 08:45:00+00:00,12.8362602
2023-05-07 09:00:00+00:00,12.839120000000001
2023-05-07 09:15:00+00:00,12.8403308
2023-05-07 09:30:00+00:00,12.850551600000001
2023-05-07 09:45:00+00:00,12.8575309981
2023-05-07 10:00:00+00:00,12.8751650768
2023-05-07 10:15:00+00:00,12.901737922
2023-05-07 10:30:00+00:00,12.9430965334
2023-05-07 10:45:00+00:00,12.978359781
2023-05-07 11:00:00+00:00,13.0066348411
2023-05-07 11:15:00+00:00,13.040970627
2023-05-07 11:30:00+00:00,13.069798804000001
2023-05-07 11:45:00+00:00,13.118977559600001
2023-05-07 12:00:00+00:00,13.1773390312
2023-05-07 12:15:00+00:00,13.1994891505
2023-05-07 12:30:00+00:00,13.253757137900001
2023-05-07 12:45:00+00:00,13.2708421569
2023-05-07 13:00:00+00:00,13.2940251603
2023-05-07 13:15:00+00:00,13.2967840318
2023-05-07 13:30:00+00:00,13.3132118456
2023-05-07 13:45:00+00:00,13.321873
2023-05-07 14:00:00+00:00,13.321873
2023-05-07 14:15:00+00:00,13.321873
2023-05-07 14:30:00+00:00,13.3225216
2023-05-07 14:45:00+00:00,13.3225216
2023-05-07 15:00:00+00:00,13.3225216
2023-05-07 15:15:00+00:00,13.3225216
2023-05-07 15:30:00+00:00,13.3225216
2023-05-07 15:45:00+00:00,13.3225216
2023-05-07 16:00:00+00:00,13.3225216
2023-05-07 16:15:00+00:00,13.3225216
2023-05-07 16:30:00+00:00,13.3225216
2023-05-07 16:45:00+00:00,13.3225216
2023-05-07 17:00:00+00:00,13.3225216
2023-05-07 17:15:00+00:00,13.3225216
2023-05-07 17:30:00+00:00,13.3225216
2023-05-07 17:45:00+00:00,13.3225216
2023-05-07 18:00:00+00:00,13.3225216
2023-05-07 18:15:00+00:00,13.3225216
2023-05-07 18:30:00+00:00,13.3225216
2023-05-07 18:45:00+00:00,13.3225216
2023-05-07 19:00:00+00:00,13.3225216
2023-05-07 19:15:00+00:00,13.3225216
2023-05-07 19:30:00+00:00,13.3225216
2023-05-07 19:45:00+00:00,13.3225216
2023-05-07 20:00:00+00:00,13.3225216
2023-05-07 20:15:00+00:00,13.3225216
2023-05-07 20:30:00+00:00,13.3225216
2023-05-07 20:45:00+00:00,13.3225216
2023-05-07 21:00:00+00:00,13.3225216
2023-05-07 21:15:00+00:00,13.3225216
2023-05-07 21:30:00+00:00,13.3225216
2023-05-07 21:45:00+00:00,13.3225216
2023-05-07 22:00:00+00:00,13.3225216
2023-05-07 22:15:00+00:00,13.3225216
2023-05-07 22:30:00+00:00,13.3225216
2023-05-07 22:45:00+00:00,13.3225216
2023-05-07 23:00:00+00:00,13.3225216
2023-05-07 23:15:00+00:00,13.3225216
2023-05-07 23:30:00+00:00,13.3225216
2023-05-07 23:45:00+00:00,13.3225216
2023-05-08 00:00:00+00:00,13.3225216
2023-05-08 00:15:00+00:00,13.3225216
2023-05-08 00:30:00+00:00,13.3225216
2023-05-08 00:45:00+00:00,13.3225216
2023-05-08 01:00:00+00:00,13.3225216
2023-05-08 01:15:00+00:00,13.3225216
2023-05-08 01:30:00+00:00,13.3225216
2023-05-08 01:45:00+00:00,13.3225216
2023-05-08 02:00:00+00:00,13.3225216
2023-05-08 02:15:00+00:00,13.3225216
2023-05-08 02:30:00+00:00,13.3225216
2023-05-08 02:45:00+00:00,13.3225216
2023-05-08 03:00:00+00:00,13.3225216
2023-05-08 03:15:00+00:00,13.3225216
2023-05-08 03:30:00+00:00,13.3225216
2023-05-08 03:45:00+00:00,13.3225216
2023-05-08 04:00:00+00:00,13.3225216
2023-05-08 04:15:00+00:00,13.3225216
2023-05-08 04:30:00+00:00,13.3225216
2023-05-08 04:45:00+00:00,13.3225216
2023-05-08 05:00:00+00:00,13.3225216
2023-05-08 05:15:00+00:00,13.3225216
2023-05-08 05:30:00+00:00,13.3225216
2023-05-08 05:45:00+00:00,13.3225216
2023-05-08 06:00:00+00:00,13.3225216
2023-05-08 06:15:00+00:00,13.3225216
2023-05-08 06:30:00+00:00,13.3225216
2023-05-08 06:45:00+00:00,13.3225216
2023-05-08 07:00:00+00:00,13.3225216
2023-05-08 07:15:00+00:00,13.3225216
2023-05-08 07:30:00+00:00,13.3225216
2023-05-08 07:45:00+00:00,13.3225216
2023-05-08 08:00:00+00:00,13.3225216
2023-05-08 08:15:00+00:00,13.3225216
2023-05-08 08:30:00+00:00,13.3225216
2023-05-08 08:45:00+00:00,13.3225216
2023-05-08 09:00:00+00:00,13.3225216
2023-05-08 09:15:00+00:00,13.3225216
2023-05-08 09:30:00+00:00,13.3225216
2023-05-08 09:45:00+00:00,13.3225216
2023-05-08 10:00:00+00:00,13.3225216
2023-05-08 10:15:00+00:00,13.3225216
2023-05-08 10:30:00+00:00,13.3225216
2023-05-08 10:45:00+00:00,13.3225216
2023-05-08 11:00:00+00:00,13.3225216
2023-05-08 11:15:00+00:00,13.3225216
2023-05-08 11:30:00+00:00,13.3225216
2023-05-08 11:45:00+00:00,13.3225216
2023-05-08 12:00:00+00:00,13.3225216
2023-05-08 12:15:00+00:00,13.3225216
2023-05-08 12:30:00+00:00,13.3225216
2023-05-08 12:45:00+00:00,13.3225216
2023-05-08 13:00:00+00:00,13.3225216
2023-05-08 13:15:00+00:00,13.3225216
2023-05-08 13:30:00+00:00,13.3225216
2023-05-08 13:45:00+00:00,13.3225216
2023-05-08 14:00:00+00:00,13.3225216
2023-05-08 14:15:00+00:00,13.3225216
2023-05-08 14:30:00+00:00,13.3225216
2023-05-08 14:45:00+00:00,13.3225216
2023-05-08 15:00:00+00:00,13.3225216
2023-05-08 15:15:00+00:00,13.3225216
2023-05-08 15:30:00+00:00,13.3225216
2023-05-08 15:45:00+00:00,13.3225216
2023-05-08 16:00:00+00:00,13.3225216
2023-05-08 16:15:00+00:00,13.3225216
2023-05-08 16:30:00+00:00,13.3225216
2023-05-08 16:45:00+00:00,13.3225216
2023-05-08 17:00:00+00:00,13.3225216
2023-05-08 17:15:00+00:00,13.3225216
2023-05-08 17:30:00+00:00,13.3225216
2023-05-08 17:45:00+00:00,13.3225216
2023-05-08 18:00:00+00:00,13.3225216
2023-05-08 18:15:00+00:00,13.3225216
2023-05-08 18:30:00+00:00,13.3225216
2023-05-08 18:45:00+00:00,13.3225216
2023-05-08 19:00:00+00:00,13.3225216
2023-05-08 19:15:00+00:00,13.3225216
2023-05-08 19:30:00+00:00,13.3225216
2023-05-08 19:45:00+00:00,13.3225216
2023-05-08 20:00:00+00:00,13.3225216
2023-05-08 20:15:00+00:00,13.3225216
2023-05-08 20:30:00+00:00,13.3225216
2023-05-08 20:45:00+00:00,13.3225216
2023-05-08 21:00:00+00:00,13.3225216
2023-05-08 21:15:00+00:00,13.3225216
2023-05-08 21:30:00+00:00,13.3225216
2023-05-08 21:45:00+00:00,13.3225216
2023-05-08 22:00:00+00:00,13.3225216
2023-05-08 22:15:00+00:00,13.3225216
2023-05-08 22:30:00+00:00,13.3225216
2023-05-08 22:45:00+00:00,13.3225216
2023-05-08 23:00:00+00:00,13.3225216
2023-05-08 23:15:00+00:00,13.3225216
2023-05-08 23:30:00+00:00,13.3225216
2023-05-08 23:45:00+00:00,13.3225216
2023-05-09 00:00:00+00:00,13.3225216
2023-05-09 00:15:00+00:00,13.3225216
2023-05-09 00:30:00+00:00,13.3225216
2023-05-09 00:45:00+00:00,13.3225216
2023-05-09 01:00:00+00:00,13.3225216
2023-05-09 01:15:00+00:00,13.3225216
2023-05-09 01:30:00+00:00,13.3225216
2023-05-09 01:45:00+00:00,13.3225216
2023-05-09 02:00:00+00:00,13.3225216
2023-05-09 02:15:00+00:00,13.3225216
2023-05-09 02:30:00+00:00,13.3225216
2023-05-09 02:45:00+00:00,13.3225216
2023-05-09 03:00:00+00:00,13.3225216
2023-05-09 03:15:00+00:00,13.3225216
2023-05-09 03:30:00+00:00,13.3225216
2023-05-09 03:45:00+00:00,13.3225216
2023-05-09 04:00:00+00:00,13.3225216
2023-05-09 04:15:00+00:00,13.3225216
2023-05-09 04:30:00+00:00,13.3225216
2023-05-09 04:45:00+00:00,13.3225216
2023-05-09 05:00:00+00:00,13.3225216
2023-05-09 05:15:00+00:00,13.3225216
2023-05-09 05:30:00+00:00,13.3225216
2023-05-09 05:45:00+00:00,13.3225216
2023-05-09 06:00:00+00:00,13.3225216
2023-05-09 06:15:00+00:00,13.3225216
2023-05-09 06:30:00+00:00,13.3225216
2023-05-09 06:45:00+00:00,13.3225216
2023-05-09 07:00:00+00:00,13.3225216
2023-05-09 07:15:00+00:00,13.3225216
2023-05-09 07:30:00+00:00,13.3225216
2023-05-09 07:45:00+00:00,13.3225216
2023-05-09 08:00:00+00:00,13.3225216
2023-05-09 08:15:00+00:00,13.3225216
2023-05-09 08:30:00+00:00,13.3225216
2023-05-09 08:45:00+00:00,13.3225216
2023-05-09 09:00:00+00:00,13.3225216
2023-05-09 09:15:00+00:00,13.3225216
2023-05-09 09:30:00+00:00,13.3225216
2023-05-09 09:45:00+00:00,13.3225216
2023-05-09 10:00:00+00:00,13.3225216
2023-05-09 10:15:00+00:00,13.3225216
2023-05-09 10:30:00+00:00,13.3225216
2023-05-09 10:45:00+00:00,13.3225216
2023-05-09 11:00:00+00:00,13.3225216
2023-05-09 11:15:00+00:00,13.3225216
2023-05-09 11:30:00+00:00,13.3225216
2023-05-09 11:45:00+00:00,13.3225216
2023-05-09 12:00:00+00:00,13.3225216
2023-05-09 12:15:00+00:00,13.3225216
2023-05-09 12:30:00+00:00,13.3225216
2023-05-09 12:45:00+00:00,13.3225216
2023-05-09 13:00:00+00:00,13.3225216
2023-05-09 13:15:00+00:00,13.3225216
2023-05-09 13:30:00+00:00,13.3225216
2023-05-09 13:45:00+00:00,13.3225216
2023-05-09 14:00:00+00:00,13.3225216
2023-05-09 14:15:00+00:00,13.3225216
2023-05-09 14:30:00+00:00,13.3225216
2023-05-09 14:45:00+00:00,13.3225216
2023-05-09 15:00:00+00:00,13.3225216
2023-05-09 15:15:00+00:00,13.3225216
2023-05-09 15:30:00+00:00,13.3225216
2023-05-09 15:45:00+00:00,13.3225216
2023-05-09 16:00:00+00:00,13.3225216
2023-05-09 16:15:00+00:00,13.3225216
2023-05-09 16:30:00+00:00,13.3225216
2023-05-09 16:45:00+00:00,13.3225216
2023-05-09 17:00:00+00:00,13.3225216
2023-05-09 17:15:00+00:00,13.3225216
2023-05-09 17:30:00+00:00,13.3225216
2023-05-09 17:45:00+00:00,13.3225216
2023-05-09 18:00:00+00:00,13.3225216
2023-05-09 18:15:00+00:00,13.3225216
2023-05-09 18:30:00+00:00,13.3225216
2023-05-09 18:45:00+00:00,13.3225216
2023-05-09 19:00:00+00:00,13.3225216
2023-05-09 19:15:00+00:00,13.3225216
2023-05-09 19:30:00+00:00,13.3225216
2023-05-09 19:45:00+00:00,13.3225216
2023-05-09 20:00:00+00:00,13.3225216
2023-05-09 20:15:00+00:00,13.3225216
2023-05-09 20:30:00+00:00,13.3225216
2023-05-09 20:45:00+00:00,13.3225216
2023-05-09 21:00:00+00:00,13.3225216
2023-05-09 21:15:00+00:00,13.3225216
2023-05-09 21:30:00+00:00,13.3225216
2023-05-09 21:45:00+00:00,13.3225216
2023-05-09 22:00:00+00:00,13.3225216
2023-05-09 22:15:00+00:00,13.3225216
2023-05-09 22:30:00+00:00,13.3225216
2023-05-09 22:45:00+00:00,13.3225216
2023-05-09 23:00:00+00:00,13.3225216
2023-05-09 23:15:00+00:00,13.3225216
2023-05-09 23:30:00+00:00,13.3225216
2023-05-09 23:45:00+00:00,13.3225216
2023-05-10 00:00:00+00:00,13.3225216
2023-05-10 00:15:00+00:00,13.3225216
2023-05-10 00:30:00+00:00,13.3225216
2023-05-10 00:45:00+00:00,13.3225216
2023-05-10 01:00:00+00:00,13.3225216
2023-05-10 01:15:00+00:00,13.3225216
2023-05-10 01:30:00+00:00,13.3225216
2023-05-10 01:45:00+00:00,13.3225216
2023-05-10 02:00:00+00:00,13.3225216
2023-05-10 02:15:00+00:00,13.3225216
2023-05-10 02:30:00+00:00,13.3225216
2023-05-10 02:45:00+00:00,13.3225216
2023-05-10 03:00:00+00:00,13.3225216
2023-05-10 03:15:00+00:00,13.3225216
2023-05-10 03:30:00+00:00,13.3225216
2023-05-10 03:45:00+00:00,13.3225216
2023-05-10 04:00:00+00:00,13.3225216
2023-05-10 04:15:00+00:00,13.3225216
2023-05-10 04:30:00+00:00,13.3225216
2023-05-10 04:45:00+00:00,13.3225216
2023-05-10 05:00:00+00:00,13.3225216
2023-05-10 05:15:00+00:00,13.3225216
2023-05-10 05:30:00+00:00,13.3225216
2023-05-10 05:45:00+00:00,13.3225216
2023-05-10 06:00:00+00:00,13.3225216
2023-05-10 06:15:00+00:00,13.3225216
2023-05-10 06:30:00+00:00,13.3225216
2023-05-10 06:45:00+00:00,13.3225216
2023-05-10 07:00:00+00:00,13.3225216
2023-05-10 07:15:00+00:00,13.3225216
2023-05-10 07:30:00+00:00,13.3225216
2023-05-10 07:45:00+00:00,13.3225216
2023-05-10 08:00:00+00:00,13.3225216
2023-05-10 08:15:00+00:00,13.3225216
2023-05-10 08:30:00+00:00,13.3225216
2023-05-10 08:45:00+00:00,13.3265663775
2023-05-10 09:00:00+00:00,13.3365775975
2023-05-10 09:15:00+00:00,13.3397685
2023-05-10 09:30:00+00:00,13.3397685
2023-05-10 09:45:00+00:00,13.3397685
2023-05-10 10:00:00+00:00,13.3397685
2023-05-10 10:15:00+00:00,13.3634795
2023-05-10 10:30:00+00:00,13.3634795
2023-05-10 10:45:00+00:00,13.371328100000001
2023-05-10 11:00:00+00:00,13.3778179
2023-05-10 11:15:00+00:00,13.3778179
2023-05-10 11:30:00+00:00,13.3787541
2023-05-10 11:45:00+00:00,13.3787541
2023-05-10 12:00:00+00:00,13.3787541
2023-05-10 12:15:00+00:00,13.381769700000001
2023-05-10 12:30:00+00:00,13.3859055
2023-05-10 12:45:00+00:00,13.3859055
2023-05-10 13:00:00+00:00,13.3859122
2023-05-10 13:15:00+00:00,13.386797900000001
2023-05-10 13:30:00+00:00,13.386797900000001
2023-05-10 13:45:00+00:00,13.3867996
2023-05-10 14:00:00+00:00,13.3867996
2023-05-10 14:15:00+00:00,13.3867996
2023-05-10 14:30:00+00:00,13.3867996
2023-05-10 14:45:00+00:00,13.3867996
2023-05-10 15:00:00+00:00,13.3867996
2023-05-10 15:15:00+00:00,13.3867996
2023-05-10 15:30:00+00:00,13.3867996
2023-05-10 15:45:00+00:00,13.3867996
2023-05-10 16:00:00+00:00,13.3867996
2023-05-10 16:15:00+00:00,13.3867996
2023-05-10 16:30:00+00:00,13.3867996
2023-05-10 16:45:00+00:00,13.3867996
2023-05-10 17:00:00+00:00,13.3867996
2023-05-10 17:15:00+00:00,13.3867996
2023-05-10 17:30:00+00:00,13.3867996
2023-05-10 17:45:00+00:00,13.3867996
2023-05-10 18:00:00+00:00,13.3867996
2023-05-10 18:15:00+00:00,13.3867996
2023-05-10 18:30:00+00:00,13.3867996
2023-05-10 18:45:00+00:00,13.3867996
2023-05-10 19:00:00+00:00,13.3867996
2023-05-10 19:15:00+00:00,13.3867996
2023-05-10 19:30:00+00:00,13.3867996
2023-05-10 19:45:00+00:00,13.3867996
2023-05-10 20:00:00+00:00,13.3867996
2023-05-10 20:15:00+00:00,13.3867996
2023-05-10 20:30:00+00:00,13.3867996
2023-05-10 20:45:00+00:00,13.3867996
2023-05-10 21:00:00+00:00,13.3867996
2023-05-10 21:15:00+00:00,13.3867996
2023-05-10 21:30:00+00:00,13.3867996
2023-05-10 21:45:00+00:00,13.3867996
2023-05-10 22:00:00+00:00,13.3867996
2023-05-10 22:15:00+00:00,13.3867996
2023-05-10 22:30:00+00:00,13.3867996
2023-05-10 22:45:00+00:00,13.3867996
2023-05-10 23:00:00+00:00,13.3867996
2023-05-10 23:15:00+00:00,13.3867996
2023-05-10 23:30:00+00:00,13.3867996
2023-05-10 23:45:00+00:00,13.3867996
2023-05-11 00:00:00+00:00,13.3867996
2023-05-11 00:15:00+00:00,13.3867996
2023-05-11 00:30:00+00:00,13.3867996
2023-05-11 00:45:00+00:00,13.3867996
2023-05-11 01:00:00+00:00,13.3867996
2023-05-11 01:15:00+00:00,13.3867996
2023-05-11 01:30:00+00:00,13.3867996
2023-05-11 01:45:00+00:00,13.3867996
2023-05-11 02:00:00+00:00,13.3867996
2023-05-11 02:15:00+00:00,13.3867996
2023-05-11 02:30:00+00:00,13.3867996
2023-05-11 02:45:00+00:00,13.3867996
2023-05-11 03:00:00+00:00,13.3867996
2023-05-11 03:15:00+00:00,13.3867996
2023-05-11 03:30:00+00:00,13.3867996
2023-05-11 03:45:00+00:00,13.3867996
2023-05-11 04:00:00+00:00,13.3867996
2023-05-11 04:15:00+00:00,13.3867996
2023-05-11 04:30:00+00:00,13.3867996
2023-05-11 04:45:00+00:00,13.3867996
2023-05-11 05:00:00+00:00,13.3867996
2023-05-11 05:15:00+00:00,13.3867996
2023-05-11 05:30:00+00:00,13.3867996
2023-05-11 05:45:00+00:00,13.3867996
2023-05-11 06:00:00+00:00,13.3867996
2023-05-11 06:15:00+00:00,13.3867996
2023-05-11 06:30:00+00:00,13.3867996
2023-05-11 06:45:00+00:00,13.3867996
2023-05-11 07:00:00+00:00,13.3867996
2023-05-11 07:15:00+00:00,13.3867996
2023-05-11 07:30:00+00:00,13.3867996
2023-05-11 07:45:00+00:00,13.3867996
2023-05-11 08:00:00+00:00,13.3867996
2023-05-11 08:15:00+00:00,13.3867996
2023-05-11 08:30:00+00:00,13.3867996
2023-05-11 08:45:00+00:00,13.3867996
2023-05-11 09:00:00+00:00,13.3867996
2023-05-11 09:15:00+00:00,13.3867996
2023-05-11 09:30:00+00:00,13.3867996
2023-05-11 09:45:00+00:00,13.3867996
2023-05-11 10:00:00+00:00,13.3867996
2023-05-11 10:15:00+00:00,13.3867996
2023-05-11 10:30:00+00:00,13.3867996
2023-05-11 10:45:00+00:00,13.3867996
2023-05-11 11:00:00+00:00,13.3867996
2023-05-11 11:15:00+00:00,13.3867996
2023-05-11 11:30:00+00:00,13.3867996
2023-05-11 11:45:00+00:00,13.3867996
2023-05-11 12:00:00+00:00,13.3867996
2023-05-11 12:15:00+00:00,13.3867996
2023-05-11 12:30:00+00:00,13.3867996
2023-05-11 12:45:00+00:00,13.3867996
2023-05-11 13:00:00+00:00,13.3867996
2023-05-11 13:15:00+00:00,13.3867996
2023-05-11 13:30:00+00:00,13.3867996
2023-05-11 13:45:00+00:00,13.3867996
2023-05-11 14:00:00+00:00,13.3867996
2023-05-11 14:15:00+00:00,13.3867996
2023-05-11 14:30:00+00:00,13.3867996
2023-05-11 14:45:00+00:00,13.3873238
2023-05-11 15:00:00+00:00,13.3873238
2023-05-11 15:15:00+00:00,13.3873238
2023-05-11 15:30:00+00:00,13.3873238
2023-05-11 15:45:00+00:00,13.3873238
2023-05-11 16:00:00+00:00,13.3873238
2023-05-11 16:15:00+00:00,13.3873238
2023-05-11 16:30:00+00:00,13.3873238
2023-05-11 16:45:00+00:00,13.3873238
2023-05-11 17:00:00+00:00,13.3873238
2023-05-11 17:15:00+00:00,13.3873238
2023-05-11 17:30:00+00:00,13.3873238
2023-05-11 17:45:00+00:00,13.3873238
2023-05-11 18:00:00+00:00,13.3873238
2023-05-11 18:15:00+00:00,13.3873238
2023-05-11 18:30:00+00:00,13.3873238
2023-05-11 18:45:00+00:00,13.3873238
2023-05-11 19:00:00+00:00,13.3873238
2023-05-11 19:15:00+00:00,13.3873238
2023-05-11 19:30:00+00:00,13.3873238
2023-05-11 19:45:00+00:00,13.3873238
2023-05-11 20:00:00+00:00,13.3873238
2023-05-11 20:15:00+00:00,13.3873238
2023-05-11 20:30:00+00:00,13.3873238
2023-05-11 20:45:00+00:00,13.3873238
2023-05-11 21:00:00+00:00,13.3873238
2023-05-11 21:15:00+00:00,13.3873238
2023-05-11 21:30:00+00:00,13.3873238
2023-05-11 21:45:00+00:00,13.3873238
2023-05-11 22:00:00+00:00,13.3873238
2023-05-11 22:15:00+00:00,13.3873238
2023-05-11 22:30:00+00:00,13.3873238
2023-05-11 22:45:00+00:00,13.3873238
2023-05-11 23:00:00+00:00,13.3873238
2023-05-11 23:15:00+00:00,13.3873238
2023-05-11 23:30:00+00:00,13.3873238
2023-05-11 23:45:00+00:00,13.3873238
2023-05-12 00:00:00+00:00,13.3873238
2023-05-12 00:15:00+00:00,13.3873238
2023-05-12 00:30:00+00:00,13.3873238
2023-05-12 00:45:00+00:00,13.3873238
2023-05-12 01:00:00+00:00,13.3873238
2023-05-12 01:15:00+00:00,13.3873238
2023-05-12 01:30:00+00:00,13.3873238
2023-05-12 01:45:00+00:00,13.3873238
2023-05-12 02:00:00+00:00,13.3873238
2023-05-12 02:15:00+00:00,13.3873238
2023-05-12 02:30:00+00:00,13.3873238
2023-05-12 02:45:00+00:00,13.3873238
2023-05-12 03:00:00+00:00,13.3873238
2023-05-12 03:15:00+00:00,13.3873238
2023-05-12 03:30:00+00:00,13.3873238
2023-05-12 03:45:00+00:00,13.3873238
2023-05-12 04:00:00+00:00,13.3873238
2023-05-12 04:15:00+00:00,13.3873238
2023-05-12 04:30:00+00:00,13.3873238
2023-05-12 04:45:00+00:00,13.3873238
2023-05-12 05:00:00+00:00,13.3873238
2023-05-12 05:15:00+00:00,13.3873238
2023-05-12 05:30:00+00:00,13.3873238
2023-05-12 05:45:00+00:00,13.3873238
2023-05-12 06:00:00+00:00,13.3873238
2023-05-12 06:15:00+00:00,13.3873238
2023-05-12 06:30:00+00:00,13.3873238
2023-05-12 06:45:00+00:00,13.3873238
2023-05-12 07:00:00+00:00,13.3873238
2023-05-12 07:15:00+00:00,13.3873238
2023-05-12 07:30:00+00:00,13.3873238
2023-05-12 07:45:00+00:00,13.3873238
2023-05-12 08:00:00+00:00,13.3873238
2023-05-12 08:15:00+00:00,13.3873238
2023-05-12 08:30:00+00:00,13.3873238
2023-05-12 08:45:00+00:00,13.3873238
2023-05-12 09:00:00+00:00,13.3873238
2023-05-12 09:15:00+00:00,13.3873238
2023-05-12 09:30:00+00:00,13.3873238
2023-05-12 09:45:00+00:00,13.3873238
2023-05-12 10:00:00+00:00,13.3873238
2023-05-12 10:15:00+00:00,13.3873238
2023-05-12 10:30:00+00:00,13.3873238
2023-05-12 10:45:00+00:00,13.3873238
2023-05-12 11:00:00+00:00,13.3873238
2023-05-12 11:15:00+00:00,13.3873238
2023-05-12 11:30:00+00:00,13.3873238
2023-05-12 11:45:00+00:00,13.3873238
2023-05-12 12:00:00+00:00,13.3873238
2023-05-12 12:15:00+00:00,13.3881551232
2023-05-12 12:30:00+00:00,13.3974375
2023-05-12 12:45:00+00:00,13.397497600000001
2023-05-12 13:00:00+00:00,13.397497600000001
2023-05-12 13:15:00+00:00,13.397497600000001
2023-05-12 13:30:00+00:00,13.397497600000001
2023-05-12 13:45:00+00:00,13.3976041
2023-05-12 14:00:00+00:00,13.4129672
2023-05-12 14:15:00+00:00,13.4129672
2023-05-12 14:30:00+00:00,13.4129672
2023-05-12 14:45:00+00:00,13.4129672
2023-05-12 15:00:00+00:00,13.4129672
2023-05-12 15:15:00+00:00,13.4129672
2023-05-12 15:30:00+00:00,13.4129672
2023-05-12 15:45:00+00:00,13.4129672
2023-05-12 16:00:00+00:00,13.4129672
2023-05-12 16:15:00+00:00,13.4129672
2023-05-12 16:30:00+00:00,13.4129672
2023-05-12 16:45:00+00:00,13.4129672
2023-05-12 17:00:00+00:00,13.4129672
2023-05-12 17:15:00+00:00,13.4129672
2023-05-12 17:30:00+00:00,13.4129672
2023-05-12 17:45:00+00:00,13.4129672
2023-05-12 18:00:00+00:00,13.4129672
2023-05-12 18:15:00+00:00,13.4129672
2023-05-12 18:30:00+00:00,13.4129672
2023-05-12 18:45:00+00:00,13.4129672
2023-05-12 19:00:00+00:00,13.4129672
2023-05-12 19:15:00+00:00,13.4129672
2023-05-12 19:30:00+00:00,13.4129672
2023-05-12 19:45:00+00:00,13.4129672
2023-05-12 20:00:00+00:00,13.4129672
2023-05-12 20:15:00+00:00,13.4129672
2023-05-12 20:30:00+00:00,13.4129672
2023-05-12 20:45:00+00:00,13.4129672
2023-05-12 21:00:00+00:00,13.4129672
2023-05-12 21:15:00+00:00,13.4129672
2023-05-12 21:30:00+00:00,13.4129672
2023-05-12 21:45:00+00:00,13.4129672
2023-05-12 22:00:00+00:00,13.4129672
2023-05-12 22:15:00+00:00,13.4129672
2023-05-12 22:30:00+00:00,13.4129672
2023-05-12 22:45:00+00:00,13.4129672
2023-05-12 23:00:00+00:00,13.4129672
2023-05-12 23:15:00+00:00,13.4129672
2023-05-12 23:30:00+00:00,13.4129672
2023-05-12 23:45:00+00:00,13.4129672
2023-05-13 00:00:00+00:00,13.4129672
2023-05-13 00:15:00+00:00,13.4129672
2023-05-13 00:30:00+00:00,13.4129672
2023-05-13 00:45:00+00:00,13.4129672
2023-05-13 01:00:00+00:00,13.4129672
2023-05-13 01:15:00+00:00,13.4129672
2023-05-13 01:30:00+00:00,13.4129672
2023-05-13 01:45:00+00:00,13.4129672
2023-05-13 02:00:00+00:00,13.4129672
2023-05-13 02:15:00+00:00,13.4129672
2023-05-13 02:30:00+00:00,13.4129672
2023-05-13 02:45:00+00:00,13.4129672
2023-05-13 03:00:00+00:00,13.4129672
2023-05-13 03:15:00+00:00,13.4129672
2023-05-13 03:30:00+00:00,13.4129672
2023-05-13 03:45:00+00:00,13.4129672
2023-05-13 04:00:00+00:00,13.4129672
2023-05-13 04:15:00+00:00,13.4129672
2023-05-13 04:30:00+00:00,13.4129672
2023-05-13 04:45:00+00:00,13.4129672
2023-05-13 05:00:00+00:00,13.4129672
2023-05-13 05:15:00+00:00,13.4129672
2023-05-13 05:30:00+00:00,13.4129672
2023-05-13 05:45:00+00:00,13.4129672
2023-05-13 06:00:00+00:00,13.4129672
2023-05-13 06:15:00+00:00,13.4129672
2023-05-13 06:30:00+00:00,13.4129672
2023-05-13 06:45:00+00:00,13.4129672
2023-05-13 07:00:00+00:00,13.4129672
2023-05-13 07:15:00+00:00,13.413158000000001
2023-05-13 07:30:00+00:00,13.413158000000001
2023-05-13 07:45:00+00:00,13.413158000000001
2023-05-13 08:00:00+00:00,13.413158000000001
2023-05-13 08:15:00+00:00,13.413158000000001
2023-05-13 08:30:00+00:00,13.413158000000001
2023-05-13 08:45:00+00:00,13.413158000000001
2023-05-13 09:00:00+00:00,13.413158000000001
2023-05-13 09:15:00+00:00,13.413158000000001
2023-05-13 09:30:00+00:00,13.4156545673
2023-05-13 09:45:00+00:00,13.416291900000001
2023-05-13 10:00:00+00:00,13.4162925
2023-05-13 10:15:00+00:00,13.4169857
2023-05-13 10:30:00+00:00,13.4169857
2023-05-13 10:45:00+00:00,13.4169857
2023-05-13 11:00:00+00:00,13.4169857
2023-05-13 11:15:00+00:00,13.4169857
2023-05-13 11:30:00+00:00,13.4169857
2023-05-13 11:45:00+00:00,13.418215100000001
2023-05-13 12:00:00+00:00,13.4189297
2023-05-13 12:15:00+00:00,13.4189297
2023-05-13 12:30:00+00:00,13.4189297
2023-05-13 12:45:00+00:00,13.4213981732
2023-05-13 13:00:00+00:00,13.421540400000001
2023-05-13 13:15:00+00:00,13.4238338
2023-05-13 13:30:00+00:00,13.4238338
2023-05-13 13:45:00+00:00,13.4238338
2023-05-13 14:00:00+00:00,13.42561895
2023-05-13 14:15:00+00:00,13.4259615
2023-05-13 14:30:00+00:00,13.4267333
2023-05-13 14:45:00+00:00,13.4477710956
2023-05-13 15:00:00+00:00,13.4733673796
2023-05-13 15:15:00+00:00,13.4866741
2023-05-13 15:30:00+00:00,13.500083400000001
2023-05-13 15:45:00+00:00,13.505652288
2023-05-13 16:00:00+00:00,13.5102353
2023-05-13 16:15:00+00:00,13.5119484
2023-05-13 16:30:00+00:00,13.5119484
2023-05-13 16:45:00+00:00,13.5119484
2023-05-13 17:00:00+00:00,13.5119484
2023-05-13 17:15:00+00:00,13.5119484
2023-05-13 17:30:00+00:00,13.5119484
2023-05-13 17:45:00+00:00,13.5119484
2023-05-13 18:00:00+00:00,13.5119484
2023-05-13 18:15:00+00:00,13.5119484
2023-05-13 18:30:00+00:00,13.5119484
2023-05-13 18:45:00+00:00,13.5119484
2023-05-13 19:00:00+00:00,13.5119484
2023-05-13 19:15:00+00:00,13.5119484
2023-05-13 19:30:00+00:00,13.5119484
2023-05-13 19:45:00+00:00,13.5119484
2023-05-13 20:00:00+00:00,13.5119484
2023-05-13 20:15:00+00:00,13.5119484
2023-05-13 20:30:00+00:00,13.5119484
2023-05-13 20:45:00+00:00,13.5119484
2023-05-13 21:00:00+00:00,13.5119484
2023-05-13 21:15:00+00:00,13.5119484
2023-05-13 21:30:00+00:00,13.5119484
2023-05-13 21:45:00+00:00,13.5119484
2023-05-13 22:00:00+00:00,13.5119484
2023-05-13 22:15:00+00:00,13.5119484
2023-05-13 22:30:00+00:00,13.5119484
2023-05-13 22:45:00+00:00,13.5119484
2023-05-13 23:00:00+00:00,13.5119484
2023-05-13 23:15:00+00:00,13.5119484
2023-05-13 23:30:00+00:00,13.5119484
2023-05-13 23:45:00+00:00,13.5119484
2023-05-14 00:00:00+00:00,13.5119484
2023-05-14 00:15:00+00:00,13.5119484
2023-05-14 00:30:00+00:00,13.5119484
2023-05-14 00:45:00+00:00,13.5119484
2023-05-14 01:00:00+00:00,13.5119484
2023-05-14 01:15:00+00:00,13.5119484
2023-05-14 01:30:00+00:00,13.5119484
2023-05-14 01:45:00+00:00,13.5119484
2023-05-14 02:00:00+00:00,13.5119484
2023-05-14 02:15:00+00:00,13.5119484
2023-05-14 02:30:00+00:00,13.5119484
2023-05-14 02:45:00+00:00,13.5119484
2023-05-14 03:00:00+00:00,13.5119484
2023-05-14 03:15:00+00:00,13.5119484
2023-05-14 03:30:00+00:00,13.5119484
2023-05-14 03:45:00+00:00,13.5119484
2023-05-14 04:00:00+00:00,13.5119484
2023-05-14 04:15:00+00:00,13.5119484
2023-05-14 04:30:00+00:00,13.5119484
2023-05-14 04:45:00+00:00,13.5119484
2023-05-14 05:00:00+00:00,13.5119484
2023-05-14 05:15:00+00:00,13.5119484
2023-05-14 05:30:00+00:00,13.5119484
2023-05-14 05:45:00+00:00,13.5119484
2023-05-14 06:00:00+00:00,13.5119484
2023-05-14 06:15:00+00:00,13.5119484
2023-05-14 06:30:00+00:00,13.5119484
2023-05-14 06:45:00+00:00,13.5119484
2023-05-14 07:00:00+00:00,13.514894700000001
2023-05-14 07:15:00+00:00,13.514931200000001
2023-05-14 07:30:00+00:00,13.514931200000001
2023-05-14 07:45:00+00:00,13.514931200000001
2023-05-14 08:00:00+00:00,13.514931200000001
2023-05-14 08:15:00+00:00,13.5321292474
2023-05-14 08:30:00+00:00,13.571665508
2023-05-14 08:45:00+00:00,13.6106796072
2023-05-14 09:00:00+00:00,13.6546364339
2023-05-14 09:15:00+00:00,13.687401600000001
2023-05-14 09:30:00+00:00,13.7145536835
2023-05-14 09:45:00+00:00,13.7332389
2023-05-14 10:00:00+00:00,13.734060000000001
2023-05-14 10:15:00+00:00,13.734060000000001
2023-05-14 10:30:00+00:00,13.7354326734
2023-05-14 10:45:00+00:00,13.74850187
2023-05-14 11:00:00+00:00,13.7570355
2023-05-14 11:15:00+00:00,13.7579727432
2023-05-14 11:30:00+00:00,13.7968817652
2023-05-14 11:45:00+00:00,13.8040759
2023-05-14 12:00:00+00:00,13.805887095000001
2023-05-14 12:15:00+00:00,13.807879100000001
2023-05-14 12:30:00+00:00,13.814281900100001
2023-05-14 12:45:00+00:00,13.836271856
2023-05-14 13:00:00+00:00,13.887424127200001
2023-05-14 13:15:00+00:00,13.937417700000001
2023-05-14 13:30:00+00:00,13.9506333
2023-05-14 13:45:00+00:00,13.957803555
2023-05-14 14:00:00+00:00,13.969872800000001
2023-05-14 14:15:00+00:00,13.9831630518
2023-05-14 14:30:00+00:00,13.9942794
2023-05-14 14:45:00+00:00,14.007311748600001
2023-05-14 15:00:00+00:00,14.0120372288
2023-05-14 15:15:00+00:00,14.015076800000001
2023-05-14 15:30:00+00:00,14.018377300000001
2023-05-14 15:45:00+00:00,14.018377300000001
2023-05-14 16:00:00+00:00,14.018377300000001
2023-05-14 16:15:00+00:00,14.018377300000001
2023-05-14 16:30:00+00:00,14.018377300000001
2023-05-14 16:45:00+00:00,14.018377300000001
2023-05-14 17:00:00+00:00,14.018377300000001
2023-05-14 17:15:00+00:00,14.018377300000001
2023-05-14 17:30:00+00:00,14.018377300000001
2023-05-14 17:45:00+00:00,14.018377300000001
2023-05-14 18:00:00+00:00,14.018377300000001
2023-05-14 18:15:00+00:00,14.018377300000001
2023-05-14 18:30:00+00:00,14.018377300000001
2023-05-14 18:45:00+00:00,14.018377300000001
2023-05-14 19:00:00+00:00,14.018377300000001
2023-05-14 19:15:00+00:00,14.018377300000001
2023-05-14 19:30:00+00:00,14.018377300000001
2023-05-14 19:45:00+00:00,14.018377300000001
2023-05-14 20:00:00+00:00,14.018377300000001
2023-05-14 20:15:00+00:00,14.018377300000001
2023-05-14 20:30:00+00:00,14.018377300000001
2023-05-14 20:45:00+00:00,14.018377300000001
2023-05-14 21:00:00+00:00,14.018377300000001
2023-05-14 21:15:00+00:00,14.018377300000001
2023-05-14 21:30:00+00:00,14.018377300000001
2023-05-14 21:45:00+00:00,14.018377300000001
2023-05-14 22:00:00+00:00,14.018377300000001
2023-05-14 22:15:00+00:00,14.018377300000001
2023-05-14 22:30:00+00:00,14.018377300000001
2023-05-14 22:45:00+00:00,14.018377300000001
2023-05-14 23:00:00+00:00,14.018377300000001
2023-05-14 23:15:00+00:00,14.018377300000001
2023-05-14 23:30:00+00:00,14.018377300000001
2023-05-14 23:45:00+00:00,14.018377300000001
2023-05-15 00:00:00+00:00,14.018377300000001
2023-05-15 00:15:00+00:00,14.018377300000001
2023-05-15 00:30:00+00:00,14.018377300000001
2023-05-15 00:45:00+00:00,14.018377300000001
2023-05-15 01:00:00+00:00,14.018377300000001
2023-05-15 01:15:00+00:00,14.018377300000001
2023-05-15 01:30:00+00:00,14.018377300000001
2023-05-15 01:45:00+00:00,14.018377300000001
2023-05-15 02:00:00+00:00,14.018377300000001
2023-05-15 02:15:00+00:00,14.018377300000001
2023-05-15 02:30:00+00:00,14.018377300000001
2023-05-15 02:45:00+00:00,14.018377300000001
2023-05-15 03:00:00+00:00,14.018377300000001
2023-05-15 03:15:00+00:00,14.018377300000001
2023-05-15 03:30:00+00:00,14.018377300000001
2023-05-15 03:45:00+00:00,14.018377300000001
2023-05-15 04:00:00+00:00,14.018377300000001
2023-05-15 04:15:00+00:00,14.018377300000001
2023-05-15 04:30:00+00:00,14.018377300000001
2023-05-15 04:45:00+00:00,14.018377300000001
2023-05-15 05:00:00+00:00,14.018377300000001
2023-05-15 05:15:00+00:00,14.018377300000001
2023-05-15 05:30:00+00:00,14.018377300000001
2023-05-15 05:45:00+00:00,14.018377300000001
2023-05-15 06:00:00+00:00,14.018377300000001
2023-05-15 06:15:00+00:00,14.018377300000001
2023-05-15 06:30:00+00:00,14.018377300000001
2023-05-15 06:45:00+00:00,14.018377300000001
2023-05-15 07:00:00+00:00,14.018377300000001
2023-05-15 07:15:00+00:00,14.018377300000001
2023-05-15 07:30:00+00:00,14.018377300000001
2023-05-15 07:45:00+00:00,14.018377300000001
2023-05-15 08:00:00+00:00,14.0184411
2023-05-15 08:15:00+00:00,14.0241422
2023-05-15 08:30:00+00:00,14.0241422
2023-05-15 08:45:00+00:00,14.0249705819
2023-05-15 09:00:00+00:00,14.0266447
2023-05-15 09:15:00+00:00,14.0332770725
2023-05-15 09:30:00+00:00,14.092098617200001
2023-05-15 09:45:00+00:00,14.152125400000001
2023-05-15 10:00:00+00:00,14.2061070768
2023-05-15 10:15:00+00:00,14.2573154447
2023-05-15 10:30:00+00:00,14.293676300000001
2023-05-15 10:45:00+00:00,14.2946335
2023-05-15 11:00:00+00:00,14.3061478
2023-05-15 11:15:00+00:00,14.3129667
2023-05-15 11:30:00+00:00,14.3129667
2023-05-15 11:45:00+00:00,14.3129667
2023-05-15 12:00:00+00:00,14.3129667
2023-05-15 12:15:00+00:00,14.3129667
2023-05-15 12:30:00+00:00,14.3129667
2023-05-15 12:45:00+00:00,14.3129667
2023-05-15 13:00:00+00:00,14.3129667
2023-05-15 13:15:00+00:00,14.3421280371
2023-05-15 13:30:00+00:00,14.3488068
2023-05-15 13:45:00+00:00,14.3638278695
2023-05-15 14:00:00+00:00,14.372855000000001
2023-05-15 14:15:00+00:00,14.372855000000001
2023-05-15 14:30:00+00:00,14.372855000000001
2023-05-15 14:45:00+00:00,14.3728634
2023-05-15 15:00:00+00:00,14.373428800000001
2023-05-15 15:15:00+00:00,14.3736876
2023-05-15 15:30:00+00:00,14.374052500000001
2023-05-15 15:45:00+00:00,14.3770042
2023-05-15 16:00:00+00:00,14.380044850300001
2023-05-15 16:15:00+00:00,14.380189300000001
2023-05-15 16:30:00+00:00,14.380189300000001
2023-05-15 16:45:00+00:00,14.380189300000001
2023-05-15 17:00:00+00:00,14.380189300000001
2023-05-15 17:15:00+00:00,14.380189300000001
2023-05-15 17:30:00+00:00,14.380189300000001
2023-05-15 17:45:00+00:00,14.380189300000001
2023-05-15 18:00:00+00:00,14.380189300000001
2023-05-15 18:15:00+00:00,14.380189300000001
2023-05-15 18:30:00+00:00,14.380189300000001
2023-05-15 18:45:00+00:00,14.380189300000001
2023-05-15 19:00:00+00:00,14.380189300000001
2023-05-15 19:15:00+00:00,14.380189300000001
2023-05-15 19:30:00+00:00,14.380189300000001
2023-05-15 19:45:00+00:00,14.380189300000001
2023-05-15 20:00:00+00:00,14.380189300000001
2023-05-15 20:15:00+00:00,14.380189300000001
2023-05-15 20:30:00+00:00,14.380189300000001
2023-05-15 20:45:00+00:00,14.380189300000001
2023-05-15 21:00:00+00:00,14.380189300000001
2023-05-15 21:15:00+00:00,14.380189300000001
2023-05-15 21:30:00+00:00,14.380189300000001
2023-05-15 21:45:00+00:00,14.380189300000001
2023-05-15 22:00:00+00:00,14.380189300000001
2023-05-15 22:15:00+00:00,14.380189300000001
2023-05-15 22:30:00+00:00,14.380189300000001
2023-05-15 22:45:00+00:00,14.380189300000001
2023-05-15 23:00:00+00:00,14.380189300000001
2023-05-15 23:15:00+00:00,14.380189300000001
2023-05-15 23:30:00+00:00,14.380189300000001
2023-05-15 23:45:00+00:00,14.380189300000001
2023-05-16 00:00:00+00:00,14.380189300000001
2023-05-16 00:15:00+00:00,14.380189300000001
2023-05-16 00:30:00+00:00,14.380189300000001
2023-05-16 00:45:00+00:00,14.380189300000001
2023-05-16 01:00:00+00:00,14.380189300000001
2023-05-16 01:15:00+00:00,14.380189300000001
2023-05-16 01:30:00+00:00,14.380189300000001
2023-05-16 01:45:00+00:00,14.380189300000001
2023-05-16 02:00:00+00:00,14.380189300000001
2023-05-16 02:15:00+00:00,14.380189300000001
2023-05-16 02:30:00+00:00,14.380189300000001
2023-05-16 02:45:00+00:00,14.380189300000001
2023-05-16 03:00:00+00:00,14.380189300000001
2023-05-16 03:15:00+00:00,14.380189300000001
2023-05-16 03:30:00+00:00,14.380189300000001
2023-05-16 03:45:00+00:00,14.380189300000001
2023-05-16 04:00:00+00:00,14.380189300000001
2023-05-16 04:15:00+00:00,14.380189300000001
2023-05-16 04:30:00+00:00,14.380189300000001
2023-05-16 04:45:00+00:00,14.380189300000001
2023-05-16 05:00:00+00:00,14.380189300000001
2023-05-16 05:15:00+00:00,14.380189300000001
2023-05-16 05:30:00+00:00,14.380189300000001
2023-05-16 05:45:00+00:00,14.380189300000001
2023-05-16 06:00:00+00:00,14.380189300000001
2023-05-16 06:15:00+00:00,14.380189300000001
2023-05-16 06:30:00+00:00,14.380189300000001
2023-05-16 06:45:00+00:00,14.380189300000001
2023-05-16 07:00:00+00:00,14.380189300000001
2023-05-16 07:15:00+00:00,14.380189300000001
2023-05-16 07:30:00+00:00,14.380189300000001
2023-05-16 07:45:00+00:00,14.380189300000001
2023-05-16 08:00:00+00:00,14.380189300000001
2023-05-16 08:15:00+00:00,14.380189300000001
2023-05-16 08:30:00+00:00,14.380189300000001
2023-05-16 08:45:00+00:00,14.380189300000001
2023-05-16 09:00:00+00:00,14.380189300000001
2023-05-16 09:15:00+00:00,14.380189300000001
2023-05-16 09:30:00+00:00,14.380189300000001
2023-05-16 09:45:00+00:00,14.380189300000001
2023-05-16 10:00:00+00:00,14.380189300000001
2023-05-16 10:15:00+00:00,14.380189300000001
2023-05-16 10:30:00+00:00,14.380189300000001
2023-05-16 10:45:00+00:00,14.380189300000001
2023-05-16 11:00:00+00:00,14.380189300000001
2023-05-16 11:15:00+00:00,14.380189300000001
2023-05-16 11:30:00+00:00,14.380189300000001
2023-05-16 11:45:00+00:00,14.380189300000001
2023-05-16 12:00:00+00:00,14.380189300000001
2023-05-16 12:15:00+00:00,14.380189300000001
2023-05-16 12:30:00+00:00,14.380189300000001
2023-05-16 12:45:00+00:00,14.380189300000001
2023-05-16 13:00:00+00:00,14.380189300000001
2023-05-16 13:15:00+00:00,14.380189300000001
2023-05-16 13:30:00+00:00,14.380189300000001
2023-05-16 13:45:00+00:00,14.3802755
2023-05-16 14:00:00+00:00,14.3838992
2023-05-16 14:15:00+00:00,14.3838992
2023-05-16 14:30:00+00:00,14.384
2023-05-16 14:45:00+00:00,14.384
2023-05-16 15:00:00+00:00,14.384
2023-05-16 15:15:00+00:00,14.384
2023-05-16 15:30:00+00:00,14.384
2023-05-16 15:45:00+00:00,14.384
2023-05-16 16:00:00+00:00,14.384
2023-05-16 16:15:00+00:00,14.384
2023-05-16 16:30:00+00:00,14.384
2023-05-16 16:45:00+00:00,14.384
2023-05-16 17:00:00+00:00,14.384
2023-05-16 17:15:00+00:00,14.384
2023-05-16 17:30:00+00:00,14.384
2023-05-16 17:45:00+00:00,14.384
2023-05-16 18:00:00+00:00,14.384
2023-05-16 18:15:00+00:00,14.384
2023-05-16 18:30:00+00:00,14.384
2023-05-16 18:45:00+00:00,14.384
2023-05-16 19:00:00+00:00,14.384
2023-05-16 19:15:00+00:00,14.384
2023-05-16 19:30:00+00:00,14.384
2023-05-16 19:45:00+00:00,14.384
2023-05-16 20:00:00+00:00,14.384
2023-05-16 20:15:00+00:00,14.384
2023-05-16 20:30:00+00:00,14.384
2023-05-16 20:45:00+00:00,14.384
2023-05-16 21:00:00+00:00,14.384
2023-05-16 21:15:00+00:00,14.384
2023-05-16 21:30:00+00:00,14.384
2023-05-16 21:45:00+00:00,14.384
2023-05-16 22:00:00+00:00,14.384
2023-05-16 22:15:00+00:00,14.384
2023-05-16 22:30:00+00:00,14.384
2023-05-16 22:45:00+00:00,14.384
2023-05-16 23:00:00+00:00,14.384
2023-05-16 23:15:00+00:00,14.384
2023-05-16 23:30:00+00:00,14.384
2023-05-16 23:45:00+00:00,14.384
2023-05-17 00:00:00+00:00,14.384
2023-05-17 00:15:00+00:00,14.384
2023-05-17 00:30:00+00:00,14.384
2023-05-17 00:45:00+00:00,14.384
2023-05-17 01:00:00+00:00,14.384
2023-05-17 01:15:00+00:00,14.384
2023-05-17 01:30:00+00:00,14.384
2023-05-17 01:45:00+00:00,14.384
2023-05-17 02:00:00+00:00,14.384
2023-05-17 02:15:00+00:00,14.384
2023-05-17 02:30:00+00:00,14.384
2023-05-17 02:45:00+00:00,14.384
2023-05-17 03:00:00+00:00,14.384
2023-05-17 03:15:00+00:00,14.384
2023-05-17 03:30:00+00:00,14.384
2023-05-17 03:45:00+00:00,14.384
2023-05-17 04:00:00+00:00,14.384
2023-05-17 04:15:00+00:00,14.384
2023-05-17 04:30:00+00:00,14.384
2023-05-17 04:45:00+00:00,14.384
2023-05-17 05:00:00+00:00,14.384
2023-05-17 05:15:00+00:00,14.384
2023-05-17 05:30:00+00:00,14.384
2023-05-17 05:45:00+00:00,14.384
2023-05-17 06:00:00+00:00,14.384
2023-05-17 06:15:00+00:00,14.384
2023-05-17 06:30:00+00:00,14.384
2023-05-17 06:45:00+00:00,14.384
2023-05-17 07:00:00+00:00,14.384374586
2023-05-17 07:15:00+00:00,14.3851631
2023-05-17 07:30:00+00:00,14.3906997968
2023-05-17 07:45:00+00:00,14.391262600000001
2023-05-17 08:00:00+00:00,14.3969586263
2023-05-17 08:15:00+00:00,14.397019700000001
2023-05-17 08:30:00+00:00,14.4034328532
2023-05-17 08:45:00+00:00,14.4539243194
2023-05-17 09:00:00+00:00,14.4932227772
2023-05-17 09:15:00+00:00,14.513906500000001
2023-05-17 09:30:00+00:00,14.513906500000001
2023-05-17 09:45:00+00:00,14.513906500000001
2023-05-17 10:00:00+00:00,14.513906500000001
2023-05-17 10:15:00+00:00,14.5277469
2023-05-17 10:30:00+00:00,14.5277469
2023-05-17 10:45:00+00:00,14.5277469
2023-05-17 11:00:00+00:00,14.5277469
2023-05-17 11:15:00+00:00,14.5277469
2023-05-17 11:30:00+00:00,14.5277469
2023-05-17 11:45:00+00:00,14.5277469
2023-05-17 12:00:00+00:00,14.5277469
2023-05-17 12:15:00+00:00,14.5277469
2023-05-17 12:30:00+00:00,14.5277469
2023-05-17 12:45:00+00:00,14.5277469
2023-05-17 13:00:00+00:00,14.527842600000001
2023-05-17 13:15:00+00:00,14.527842600000001
2023-05-17 13:30:00+00:00,14.527842600000001
2023-05-17 13:45:00+00:00,14.527842600000001
2023-05-17 14:00:00+00:00,14.5571284
2023-05-17 14:15:00+00:00,14.5845923456
2023-05-17 14:30:00+00:00,14.6016072
2023-05-17 14:45:00+00:00,14.6115124
2023-05-17 15:00:00+00:00,14.6122533
2023-05-17 15:15:00+00:00,14.612825200000001
2023-05-17 15:30:00+00:00,14.6140209
2023-05-17 15:45:00+00:00,14.6176917648
2023-05-17 16:00:00+00:00,14.6328410965
2023-05-17 16:15:00+00:00,14.6337395
2023-05-17 16:30:00+00:00,14.6337395
2023-05-17 16:45:00+00:00,14.6337395
2023-05-17 17:00:00+00:00,14.6337395
2023-05-17 17:15:00+00:00,14.6337395
2023-05-17 17:30:00+00:00,14.6337395
2023-05-17 17:45:00+00:00,14.6337395
2023-05-17 18:00:00+00:00,14.6337395
2023-05-17 18:15:00+00:00,14.6337395
2023-05-17 18:30:00+00:00,14.6337395
2023-05-17 18:45:00+00:00,14.6337395
2023-05-17 19:00:00+00:00,14.6337395
2023-05-17 19:15:00+00:00,14.6337395
2023-05-17 19:30:00+00:00,14.6337395
2023-05-17 19:45:00+00:00,14.6337395
2023-05-17 20:00:00+00:00,14.6337395
2023-05-17 20:15:00+00:00,14.6337395
2023-05-17 20:30:00+00:00,14.6337395
2023-05-17 20:45:00+00:00,14.6337395
2023-05-17 21:00:00+00:00,14.6337395
2023-05-17 21:15:00+00:00,14.6337395
2023-05-17 21:30:00+00:00,14.6337395
2023-05-17 21:45:00+00:00,14.6337395
2023-05-17 22:00:00+00:00,14.6337395
2023-05-17 22:15:00+00:00,14.6337395
2023-05-17 22:30:00+00:00,14.6337395
2023-05-17 22:45:00+00:00,14.6337395
2023-05-17 23:00:00+00:00,14.6337395
2023-05-17 23:15:00+00:00,14.6337395
2023-05-17 23:30:00+00:00,14.6337395
2023-05-17 23:45:00+00:00,14.6337395
2023-05-18 00:00:00+00:00,14.6337395
2023-05-18 00:15:00+00:00,14.6337395
2023-05-18 00:30:00+00:00,14.6337395
2023-05-18 00:45:00+00:00,14.6337395
2023-05-18 01:00:00+00:00,14.6337395
2023-05-18 01:15:00+00:00,14.6337395
2023-05-18 01:30:00+00:00,14.6337395
2023-05-18 01:45:00+00:00,14.6337395
2023-05-18 02:00:00+00:00,14.6337395
2023-05-18 02:15:00+00:00,14.6337395
2023-05-18 02:30:00+00:00,14.6337395
2023-05-18 02:45:00+00:00,14.6337395
2023-05-18 03:00:00+00:00,14.6337395
2023-05-18 03:15:00+00:00,14.6337395
2023-05-18 03:30:00+00:00,14.6337395
2023-05-18 03:45:00+00:00,14.6337395
2023-05-18 04:00:00+00:00,14.6337395
2023-05-18 04:15:00+00:00,14.6337395
2023-05-18 04:30:00+00:00,14.6337395
2023-05-18 04:45:00+00:00,14.6337395
2023-05-18 05:00:00+00:00,14.6337395
2023-05-18 05:15:00+00:00,14.6337395
2023-05-18 05:30:00+00:00,14.6337395
2023-05-18 05:45:00+00:00,14.6337395
2023-05-18 06:00:00+00:00,14.6337395
2023-05-18 06:15:00+00:00,14.6337395
2023-05-18 06:30:00+00:00,14.6337395
2023-05-18 06:45:00+00:00,14.6337395
2023-05-18 07:00:00+00:00,14.6337395
2023-05-18 07:15:00+00:00,14.6337395
2023-05-18 07:30:00+00:00,14.637139300000001
2023-05-18 07:45:00+00:00,14.643262850700001
2023-05-18 08:00:00+00:00,14.659108400000001
2023-05-18 08:15:00+00:00,14.6662243568
2023-05-18 08:30:00+00:00,14.687079836
2023-05-18 08:45:00+00:00,14.7233400634
2023-05-18 09:00:00+00:00,14.7525527155
2023-05-18 09:15:00+00:00,14.7928413916
2023-05-18 09:30:00+00:00,14.833287015
2023-05-18 09:45:00+00:00,14.8796908
2023-05-18 10:00:00+00:00,14.9340571
2023-05-18 10:15:00+00:00,14.984115647600001
2023-05-18 10:30:00+00:00,15.0065668
2023-05-18 10:45:00+00:00,15.0503381358
2023-05-18 11:00:00+00:00,15.0771569208
2023-05-18 11:15:00+00:00,15.121413082
2023-05-18 11:30:00+00:00,15.158553839200001
2023-05-18 11:45:00+00:00,15.2080452333
2023-05-18 12:00:00+00:00,15.2588373
2023-05-18 12:15:00+00:00,15.3064409027
2023-05-18 12:30:00+00:00,15.367866824
2023-05-18 12:45:00+00:00,15.4089860144
2023-05-18 13:00:00+00:00,15.4598006749
2023-05-18 13:15:00+00:00,15.499072012500001
2023-05-18 13:30:00+00:00,15.5449251
2023-05-18 13:45:00+00:00,15.5633878805
2023-05-18 14:00:00+00:00,15.604392627200001
2023-05-18 14:15:00+00:00,15.6422065
2023-05-18 14:30:00+00:00,15.6638407784
2023-05-18 14:45:00+00:00,15.683873569300001
2023-05-18 15:00:00+00:00,15.704830515200001
2023-05-18 15:15:00+00:00,15.7197807595
2023-05-18 15:30:00+00:00,15.728292900000001
2023-05-18 15:45:00+00:00,15.728292900000001
2023-05-18 16:00:00+00:00,15.7296329
2023-05-18 16:15:00+00:00,15.7296329
2023-05-18 16:30:00+00:00,15.7296329
2023-05-18 16:45:00+00:00,15.7296329
2023-05-18 17:00:00+00:00,15.7296329
2023-05-18 17:15:00+00:00,15.7296329
2023-05-18 17:30:00+00:00,15.7296329
2023-05-18 17:45:00+00:00,15.7296329
2023-05-18 18:00:00+00:00,15.7296329
2023-05-18 18:15:00+00:00,15.7296329
2023-05-18 18:30:00+00:00,15.7296329
2023-05-18 18:45:00+00:00,15.7296329
2023-05-18 19:00:00+00:00,15.7296329
2023-05-18 19:15:00+00:00,15.7296329
2023-05-18 19:30:00+00:00,15.7296329
2023-05-18 19:45:00+00:00,15.7296329
2023-05-18 20:00:00+00:00,15.7296329
2023-05-18 20:15:00+00:00,15.7296329
2023-05-18 20:30:00+00:00,15.7296329
2023-05-18 20:45:00+00:00,15.7296329
2023-05-18 21:00:00+00:00,15.7296329
2023-05-18 21:15:00+00:00,15.7296329
2023-05-18 21:30:00+00:00,15.7296329
2023-05-18 21:45:00+00:00,15.7296329
2023-05-18 22:00:00+00:00,15.7296329
2023-05-18 22:15:00+00:00,15.7296329
2023-05-18 22:30:00+00:00,15.7296329
2023-05-18 22:45:00+00:00,15.7296329
2023-05-18 23:00:00+00:00,15.7296329
2023-05-18 23:15:00+00:00,15.7296329
2023-05-18 23:30:00+00:00,15.7296329
2023-05-18 23:45:00+00:00,15.7296329
2023-05-19 00:00:00+00:00,15.7296329
2023-05-19 00:15:00+00:00,15.7296329
2023-05-19 00:30:00+00:00,15.7296329
2023-05-19 00:45:00+00:00,15.7296329
2023-05-19 01:00:00+00:00,15.7296329
2023-05-19 01:15:00+00:00,15.7296329
2023-05-19 01:30:00+00:00,15.7296329
2023-05-19 01:45:00+00:00,15.7296329
2023-05-19 02:00:00+00:00,15.7296329
2023-05-19 02:15:00+00:00,15.7296329
2023-05-19 02:30:00+00:00,15.7296329
2023-05-19 02:45:00+00:00,15.7296329
2023-05-19 03:00:00+00:00,15.7296329
2023-05-19 03:15:00+00:00,15.7296329
2023-05-19 03:30:00+00:00,15.7296329
2023-05-19 03:45:00+00:00,15.7296329
2023-05-19 04:00:00+00:00,15.7296329
2023-05-19 04:15:00+00:00,15.7296329
2023-05-19 04:30:00+00:00,15.7296329
2023-05-19 04:45:00+00:00,15.7296329
2023-05-19 05:00:00+00:00,15.7296329
2023-05-19 05:15:00+00:00,15.7296329
2023-05-19 05:30:00+00:00,15.7296329
2023-05-19 05:45:00+00:00,15.7296329
2023-05-19 06:00:00+00:00,15.7296329
2023-05-19 06:15:00+00:00,15.7296329
2023-05-19 06:30:00+00:00,15.7296329
2023-05-19 06:45:00+00:00,15.7296329
2023-05-19 07:00:00+00:00,15.7296329
2023-05-19 07:15:00+00:00,15.7296329
2023-05-19 07:30:00+00:00,15.7296329
2023-05-19 07:45:00+00:00,15.7296337
2023-05-19 08:00:00+00:00,15.7313034
2023-05-19 08:15:00+00:00,15.7340964
2023-05-19 08:30:00+00:00,15.744504500000001
2023-05-19 08:45:00+00:00,15.7445047
2023-05-19 09:00:00+00:00,15.7445047
2023-05-19 09:15:00+00:00,15.7445047
2023-05-19 09:30:00+00:00,15.7445047
2023-05-19 09:45:00+00:00,15.7445047
2023-05-19 10:00:00+00:00,15.7445047
2023-05-19 10:15:00+00:00,15.7445047
2023-05-19 10:30:00+00:00,15.745274472
2023-05-19 10:45:00+00:00,15.75627362
2023-05-19 11:00:00+00:00,15.7657871628
2023-05-19 11:15:00+00:00,15.767756767
2023-05-19 11:30:00+00:00,15.78272256
2023-05-19 11:45:00+00:00,15.785921
2023-05-19 12:00:00+00:00,15.785921
2023-05-19 12:15:00+00:00,15.785921
2023-05-19 12:30:00+00:00,15.785921
2023-05-19 12:45:00+00:00,15.785921
2023-05-19 13:00:00+00:00,15.785921
2023-05-19 13:15:00+00:00,15.785921
2023-05-19 13:30:00+00:00,15.785921
2023-05-19 13:45:00+00:00,15.785921
2023-05-19 14:00:00+00:00,15.785921
2023-05-19 14:15:00+00:00,15.785921
2023-05-19 14:30:00+00:00,15.785921
2023-05-19 14:45:00+00:00,15.785921
2023-05-19 15:00:00+00:00,15.785921
2023-05-19 15:15:00+00:00,15.785921
2023-05-19 15:30:00+00:00,15.785921
2023-05-19 15:45:00+00:00,15.785921
2023-05-19 16:00:00+00:00,15.785921
2023-05-19 16:15:00+00:00,15.785921
2023-05-19 16:30:00+00:00,15.785921
2023-05-19 16:45:00+00:00,15.785921
2023-05-19 17:00:00+00:00,15.785921
2023-05-19 17:15:00+00:00,15.785921
2023-05-19 17:30:00+00:00,15.785921
2023-05-19 17:45:00+00:00,15.785921
2023-05-19 18:00:00+00:00,15.785921
2023-05-19 18:15:00+00:00,15.785921
2023-05-19 18:30:00+00:00,15.785921
2023-05-19 18:45:00+00:00,15.785921
2023-05-19 19:00:00+00:00,15.785921
2023-05-19 19:15:00+00:00,15.785921
2023-05-19 19:30:00+00:00,15.785921
2023-05-19 19:45:00+00:00,15.785921
2023-05-19 20:00:00+00:00,15.785921
2023-05-19 20:15:00+00:00,15.785921
2023-05-19 20:30:00+00:00,15.785921
2023-05-19 20:45:00+00:00,15.785921
2023-05-19 21:00:00+00:00,15.785921
2023-05-19 21:15:00+00:00,15.785921
2023-05-19 21:30:00+00:00,15.785921
2023-05-19 21:45:00+00:00,15.785921
2023-05-19 22:00:00+00:00,15.785921
2023-05-19 22:15:00+00:00,15.785921
2023-05-19 22:30:00+00:00,15.785921
2023-05-19 22:45:00+00:00,15.785921
2023-05-19 23:00:00+00:00,15.785921
2023-05-19 23:15:00+00:00,15.785921
2023-05-19 23:30:00+00:00,15.785921
2023-05-19 23:45:00+00:00,15.785921
2023-05-20 00:00:00+00:00,15.785921
2023-05-20 00:15:00+00:00,15.785921
2023-05-20 00:30:00+00:00,15.785921
2023-05-20 00:45:00+00:00,15.785921
2023-05-20 01:00:00+00:00,15.785921
2023-05-20 01:15:00+00:00,15.785921
2023-05-20 01:30:00+00:00,15.785921
2023-05-20 01:45:00+00:00,15.785921
2023-05-20 02:00:00+00:00,15.785921
2023-05-20 02:15:00+00:00,15.785921
2023-05-20 02:30:00+00:00,15.785921
2023-05-20 02:45:00+00:00,15.785921
2023-05-20 03:00:00+00:00,15.785921
2023-05-20 03:15:00+00:00,15.785921
2023-05-20 03:30:00+00:00,15.785921
2023-05-20 03:45:00+00:00,15.785921
2023-05-20 04:00:00+00:00,15.785921
2023-05-20 04:15:00+00:00,15.785921
2023-05-20 04:30:00+00:00,15.785921
2023-05-20 04:45:00+00:00,15.785921
2023-05-20 05:00:00+00:00,15.785921
2023-05-20 05:15:00+00:00,15.785921
2023-05-20 05:30:00+00:00,15.785921
2023-05-20 05:45:00+00:00,15.785921
2023-05-20 06:00:00+00:00,15.785921
2023-05-20 06:15:00+00:00,15.785921
2023-05-20 06:30:00+00:00,15.785921
2023-05-20 06:45:00+00:00,15.785921
2023-05-20 07:00:00+00:00,15.785921
2023-05-20 07:15:00+00:00,15.786704
2023-05-20 07:30:00+00:00,15.7922125
2023-05-20 07:45:00+00:00,15.792577900000001
2023-05-20 08:00:00+00:00,15.7977801
2023-05-20 08:15:00+00:00,15.800117700000001
2023-05-20 08:30:00+00:00,15.801633296
2023-05-20 08:45:00+00:00,15.8069333
2023-05-20 09:00:00+00:00,15.809829
2023-05-20 09:15:00+00:00,15.8268085
2023-05-20 09:30:00+00:00,15.8285196
2023-05-20 09:45:00+00:00,15.837630800000001
2023-05-20 10:00:00+00:00,15.838882100000001
2023-05-20 10:15:00+00:00,15.838882100000001
2023-05-20 10:30:00+00:00,15.838882100000001
2023-05-20 10:45:00+00:00,15.8432695
2023-05-20 11:00:00+00:00,15.855061000000001
2023-05-20 11:15:00+00:00,15.8561095
2023-05-20 11:30:00+00:00,15.8619535
2023-05-20 11:45:00+00:00,15.8719693
2023-05-20 12:00:00+00:00,15.8920335
2023-05-20 12:15:00+00:00,15.8940885
2023-05-20 12:30:00+00:00,15.8940885
2023-05-20 12:45:00+00:00,15.8940885
2023-05-20 13:00:00+00:00,15.8940885
2023-05-20 13:15:00+00:00,15.8940885
2023-05-20 13:30:00+00:00,15.8940885
2023-05-20 13:45:00+00:00,15.8940885
2023-05-20 14:00:00+00:00,15.8940885
2023-05-20 14:15:00+00:00,15.8940885
2023-05-20 14:30:00+00:00,15.8940885
2023-05-20 14:45:00+00:00,15.8940885
2023-05-20 15:00:00+00:00,15.8958197
2023-05-20 15:15:00+00:00,15.8958197
2023-05-20 15:30:00+00:00,15.8958197
2023-05-20 15:45:00+00:00,15.8958197
2023-05-20 16:00:00+00:00,15.8958197
2023-05-20 16:15:00+00:00,15.8958197
2023-05-20 16:30:00+00:00,15.8958197
2023-05-20 16:45:00+00:00,15.8958197
2023-05-20 17:00:00+00:00,15.8958197
2023-05-20 17:15:00+00:00,15.8958197
2023-05-20 17:30:00+00:00,15.8958197
2023-05-20 17:45:00+00:00,15.8958197
2023-05-20 18:00:00+00:00,15.8958197
2023-05-20 18:15:00+00:00,15.8958197
2023-05-20 18:30:00+00:00,15.8958197
2023-05-20 18:45:00+00:00,15.8958197
2023-05-20 19:00:00+00:00,15.8958197
2023-05-20 19:15:00+00:00,15.8958197
2023-05-20 19:30:00+00:00,15.8958197
2023-05-20 19:45:00+00:00,15.8958197
2023-05-20 20:00:00+00:00,15.8958197
2023-05-20 20:15:00+00:00,15.8958197
2023-05-20 20:30:00+00:00,15.8958197
2023-05-20 20:45:00+00:00,15.8958197
2023-05-20 21:00:00+00:00,15.8958197
2023-05-20 21:15:00+00:00,15.8958197
2023-05-20 21:30:00+00:00,15.8958197
2023-05-20 21:45:00+00:00,15.8958197
2023-05-20 22:00:00+00:00,15.8958197
2023-05-20 22:15:00+00:00,15.8958197
2023-05-20 22:30:00+00:00,15.8958197
2023-05-20 22:45:00+00:00,15.8958197
2023-05-20 23:00:00+00:00,15.8958197
2023-05-20 23:15:00+00:00,15.8958197
2023-05-20 23:30:00+00:00,15.8958197
2023-05-20 23:45:00+00:00,15.8958197
2023-05-21 00:00:00+00:00,15.8958197
2023-05-21 00:15:00+00:00,15.8958197
2023-05-21 00:30:00+00:00,15.8958197
2023-05-21 00:45:00+00:00,15.8958197
2023-05-21 01:00:00+00:00,15.8958197
2023-05-21 01:15:00+00:00,15.8958197
2023-05-21 01:30:00+00:00,15.8958197
2023-05-21 01:45:00+00:00,15.8958197
2023-05-21 02:00:00+00:00,15.8958197
2023-05-21 02:15:00+00:00,15.8958197
2023-05-21 02:30:00+00:00,15.8958197
2023-05-21 02:45:00+00:00,15.8958197
2023-05-21 03:00:00+00:00,15.8958197
2023-05-21 03:15:00+00:00,15.8958197
2023-05-21 03:30:00+00:00,15.8958197
2023-05-21 03:45:00+00:00,15.8958197
2023-05-21 04:00:00+00:00,15.8958197
2023-05-21 04:15:00+00:00,15.8958197
2023-05-21 04:30:00+00:00,15.8958197
2023-05-21 04:45:00+00:00,15.8958197
2023-05-21 05:00:00+00:00,15.8958197
2023-05-21 05:15:00+00:00,15.8958197
2023-05-21 05:30:00+00:00,15.8958197
2023-05-21 05:45:00+00:00,15.8958197
2023-05-21 06:00:00+00:00,15.8958197
2023-05-21 06:15:00+00:00,15.8958197
2023-05-21 06:30:00+00:00,15.8958197
2023-05-21 06:45:00+00:00,15.8958197
2023-05-21 07:00:00+00:00,15.8958197
2023-05-21 07:15:00+00:00,15.8958197
2023-05-21 07:30:00+00:00,15.8958197
2023-05-21 07:45:00+00:00,15.8958197
2023-05-21 08:00:00+00:00,15.8958197
2023-05-21 08:15:00+00:00,15.8958197
2023-05-21 08:30:00+00:00,15.913412154900001
2023-05-21 08:45:00+00:00,15.928062004000001
2023-05-21 09:00:00+00:00,15.949589132
2023-05-21 09:15:00+00:00,15.965764400000001
2023-05-21 09:30:00+00:00,15.9676545
2023-05-21 09:45:00+00:00,15.972596000000001
2023-05-21 10:00:00+00:00,15.975418236400001
2023-05-21 10:15:00+00:00,16.0062884099
2023-05-21 10:30:00+00:00,16.0463499708
2023-05-21 10:45:00+00:00,16.0487803
2023-05-21 11:00:00+00:00,16.0512601378
2023-05-21 11:15:00+00:00,16.0813530376
2023-05-21 11:30:00+00:00,16.099146827400002
2023-05-21 11:45:00+00:00,16.1181753
2023-05-21 12:00:00+00:00,16.1292428026
2023-05-21 12:15:00+00:00,16.1292443
2023-05-21 12:30:00+00:00,16.1292443
2023-05-21 12:45:00+00:00,16.1292443
2023-05-21 13:00:00+00:00,16.1292443
2023-05-21 13:15:00+00:00,16.1292443
2023-05-21 13:30:00+00:00,16.1292443
2023-05-21 13:45:00+00:00,16.1292443
2023-05-21 14:00:00+00:00,16.1292443
2023-05-21 14:15:00+00:00,16.1292443
2023-05-21 14:30:00+00:00,16.1292443
2023-05-21 14:45:00+00:00,16.1292443
2023-05-21 15:00:00+00:00,16.129342082
2023-05-21 15:15:00+00:00,16.140135956800002
2023-05-21 15:30:00+00:00,16.1510314
2023-05-21 15:45:00+00:00,16.1510314
2023-05-21 16:00:00+00:00,16.1510314
2023-05-21 16:15:00+00:00,16.1510314
2023-05-21 16:30:00+00:00,16.1510314
2023-05-21 16:45:00+00:00,16.1510314
2023-05-21 17:00:00+00:00,16.1510314
2023-05-21 17:15:00+00:00,16.1510314
2023-05-21 17:30:00+00:00,16.1510314
2023-05-21 17:45:00+00:00,16.1510314
2023-05-21 18:00:00+00:00,16.1510314
2023-05-21 18:15:00+00:00,16.1510314
2023-05-21 18:30:00+00:00,16.1510314
2023-05-21 18:45:00+00:00,16.1510314
2023-05-21 19:00:00+00:00,16.1510314
2023-05-21 19:15:00+00:00,16.1510314
2023-05-21 19:30:00+00:00,16.1510314
2023-05-21 19:45:00+00:00,16.1510314
2023-05-21 20:00:00+00:00,16.1510314
2023-05-21 20:15:00+00:00,16.1510314
2023-05-21 20:30:00+00:00,16.1510314
2023-05-21 20:45:00+00:00,16.1510314
2023-05-21 21:00:00+00:00,16.1510314
2023-05-21 21:15:00+00:00,16.1510314
2023-05-21 21:30:00+00:00,16.1510314
2023-05-21 21:45:00+00:00,16.1510314
2023-05-21 22:00:00+00:00,16.1510314
2023-05-21 22:15:00+00:00,16.1510314
2023-05-21 22:30:00+00:00,16.1510314
2023-05-21 22:45:00+00:00,16.1510314
2023-05-21 23:00:00+00:00,16.1510314
2023-05-21 23:15:00+00:00,16.1510314
2023-05-21 23:30:00+00:00,16.1510314
2023-05-21 23:45:00+00:00,16.1510314
2023-05-22 00:00:00+00:00,16.1510314
2023-05-22 00:15:00+00:00,16.1510314
2023-05-22 00:30:00+00:00,16.1510314
2023-05-22 00:45:00+00:00,16.1510314
2023-05-22 01:00:00+00:00,16.1510314
2023-05-22 01:15:00+00:00,16.1510314
2023-05-22 01:30:00+00:00,16.1510314
2023-05-22 01:45:00+00:00,16.1510314
2023-05-22 02:00:00+00:00,16.1510314
2023-05-22 02:15:00+00:00,16.1510314
2023-05-22 02:30:00+00:00,16.1510314
2023-05-22 02:45:00+00:00,16.1510314
2023-05-22 03:00:00+00:00,16.1510314
2023-05-22 03:15:00+00:00,16.1510314
2023-05-22 03:30:00+00:00,16.1510314
2023-05-22 03:45:00+00:00,16.1510314
2023-05-22 04:00:00+00:00,16.1510314
2023-05-22 04:15:00+00:00,16.1510314
2023-05-22 04:30:00+00:00,16.1510314
2023-05-22 04:45:00+00:00,16.1510314
2023-05-22 05:00:00+00:00,16.1510314
2023-05-22 05:15:00+00:00,16.1510314
2023-05-22 05:30:00+00:00,16.1510314
2023-05-22 05:45:00+00:00,16.1510314
2023-05-22 06:00:00+00:00,16.1510314
2023-05-22 06:15:00+00:00,16.1510314
2023-05-22 06:30:00+00:00,16.1510314
2023-05-22 06:45:00+00:00,16.1510314
2023-05-22 07:00:00+00:00,16.1510314
2023-05-22 07:15:00+00:00,16.1510314
2023-05-22 07:30:00+00:00,16.151342500000002
2023-05-22 07:45:00+00:00,16.1549399124
2023-05-22 08:00:00+00:00,16.1615985576
2023-05-22 08:15:00+00:00,16.1766431785
2023-05-22 08:30:00+00:00,16.1841987
2023-05-22 08:45:00+00:00,16.1990210522
2023-05-22 09:00:00+00:00,16.2211755926
2023-05-22 09:15:00+00:00,16.249287289
2023-05-22 09:30:00+00:00,16.2786063624
2023-05-22 09:45:00+00:00,16.296269000000002
2023-05-22 10:00:00+00:00,16.296269000000002
2023-05-22 10:15:00+00:00,16.300345
2023-05-22 10:30:00+00:00,16.300345
2023-05-22 10:45:00+00:00,16.3326196723
